acct,permit_id,status,issue_date,permit_type,description
1279870010001,1095613,C,2007-05-16,10,New Dwelling - permit
1279870010002,1100098,C,2007-08-03,10,New Dwelling - permit
1279870010003,1154660,C,2008-05-28,10,New Dwelling - permit
1279870010004,1326854,C,2012-10-02,10,New Dwelling - permit
1279870010004,1352060,C,2013-04-30,10,New Dwelling - permit
1279870010005,1322645,C,2012-08-17,10,New Dwelling - permit
1279870010006,1075076,C,2006-08-03,10,New Dwelling - permit
1279870010007,1075042,C,2006-06-15,10,New Dwelling - permit
1279870010008,1091123,C,2007-03-20,10,New Dwelling - permit
1279870010009,1075060,C,2006-07-12,10,New Dwelling - permit
1279870010010,1327127,C,2012-10-09,10,New Dwelling - permit
1279870010010,1352061,C,2013-04-30,10,New Dwelling - permit
1279870010011,1075100,C,2006-09-12,10,New Dwelling - permit
1279870010012,1075072,C,2006-08-02,10,New Dwelling - permit
1279870010013,1075151,C,2006-12-22,10,New Dwelling - permit
1279870010014,1091122,C,2007-03-20,10,New Dwelling - permit
1279870010015,1096095,C,2007-05-29,10,New Dwelling - permit
1279870010016,1148779,C,2008-02-08,10,New Dwelling - permit
1279870010017,1086743,C,2007-01-17,10,New Dwelling - permit
1279870010018,1075054,C,2006-06-30,10,New Dwelling - permit
1279870010019,1087517,C,2007-01-29,10,New Dwelling - permit
1279870010020,1,C,2007-08-08,09,New Dwelling - no permit
1279870010021,1075057,C,2006-07-12,10,New Dwelling - permit
1279870010022,1086124,C,2007-01-03,10,New Dwelling - permit
1279870010023,1086125,C,2007-01-03,10,New Dwelling - permit
1279870010024,1,C,2007-08-08,09,New Dwelling - no permit
1279870010025,1087495,C,2007-01-29,10,New Dwelling - permit
1279870010026,1075118,C,2006-10-19,10,New Dwelling - permit
1279870010027,1086126,C,2007-01-03,10,New Dwelling - permit
1279870010028,1086123,C,2007-01-03,10,New Dwelling - permit
1279870010029,1075071,C,2006-07-31,10,New Dwelling - permit
1279870010030,1075025,C,2006-05-19,10,New Dwelling - permit
1279870010031,1,C,2007-08-08,09,New Dwelling - no permit
1279870010032,1,C,2007-08-08,09,New Dwelling - no permit
1279870010033,1075081,C,2006-08-08,10,New Dwelling - permit
1279870010034,1327129,C,2012-10-09,10,New Dwelling - permit
1279870010035,1,C,2008-01-14,07,Extra Features (OB&Y)
1279870010035,1075069,C,2006-07-26,10,New Dwelling - permit
1279870010036,1095552,C,2007-05-16,10,New Dwelling - permit
1279870010037,1398172,C,2014-04-10,10,New Dwelling - permit
1279870010038,1,C,2006-09-06,10,New Dwelling - permit
1279870010039,1075396,C,2006-11-22,10,New Dwelling - permit
1279870010040,1,C,2007-08-08,09,New Dwelling - no permit
1279870010041,1075039,C,2006-06-12,10,New Dwelling - permit
1279870010042,1095551,C,2007-05-16,10,New Dwelling - permit
1279870010043,1075149,C,2006-12-22,10,New Dwelling - permit
1279870010044,1075036,C,2006-05-31,10,New Dwelling - permit
1279870010045,1075145,C,2006-12-14,10,New Dwelling - permit
1279870010046,1075656,C,2006-05-30,10,New Dwelling - permit
1279870010047,1075040,C,2006-06-12,10,New Dwelling - permit
1279870010048,1087496,C,2007-01-29,10,New Dwelling - permit
1279870010049,1087120,C,2007-01-23,10,New Dwelling - permit
1279870010050,1093105,C,2007-04-17,10,New Dwelling - permit
1279870010051,1327693,C,2012-10-24,10,New Dwelling - permit
1279870010052,1355647,C,2013-05-15,10,New Dwelling - permit
1279870010053,1,C,2007-08-29,10,New Dwelling - permit
1279870010054,1075034,C,2006-05-30,10,New Dwelling - permit
1279870010055,1075077,C,2006-08-03,10,New Dwelling - permit
1279870010056,1075152,C,2006-12-22,10,New Dwelling - permit
1279870010057,1355178,C,2013-05-07,10,New Dwelling - permit
1279870010058,1,C,1899-12-30,07,Extra Features (OB&Y)
1279870010058,1326104,C,2012-09-20,10,New Dwelling - permit
1279870010059,1158150,C,2008-07-24,10,New Dwelling - permit
1279870010060,1089899,C,2007-03-02,10,New Dwelling - permit
1279870010061,1075078,C,2006-08-03,10,New Dwelling - permit
1279870010062,1,C,2019-10-31,12,Repairs (Foundation / GM)
1279870010062,1075092,C,2006-08-24,10,New Dwelling - permit
1279870020001,1,C,2007-08-08,09,New Dwelling - no permit
1279870020002,1,C,2007-08-02,09,New Dwelling - no permit
1279870020003,1075150,C,2006-12-22,10,New Dwelling - permit
1279870020004,1323287,C,2012-08-31,10,New Dwelling - permit
1279870020005,1184402,C,2009-07-21,10,New Dwelling - permit
1279870020006,1088736,C,2007-02-14,10,New Dwelling - permit
1279870020007,1097586,C,2007-06-21,10,New Dwelling - permit
1279870020008,1095590,C,2007-05-16,10,New Dwelling - permit
1279870020009,1075093,C,2006-08-24,10,New Dwelling - permit
1279870020010,1,C,2006-05-19,10,New Dwelling - permit
1279870020011,1087122,C,2007-01-23,10,New Dwelling - permit
1279870020012,1326856,C,2012-10-02,10,New Dwelling - permit
1279870020013,1094945,C,2007-05-08,10,New Dwelling - permit
1279870020014,1095553,C,2007-05-16,10,New Dwelling - permit
1279870020015,1075070,C,2006-07-26,10,New Dwelling - permit
1279870020016,1075148,C,2006-12-22,10,New Dwelling - permit
1279870020017,1316511,C,2012-07-17,10,New Dwelling - permit
1279870020018,1075037,C,2006-05-31,10,New Dwelling - permit
1279870020019,1075079,C,2006-08-03,10,New Dwelling - permit
1279870020020,1075031,C,2006-05-30,10,New Dwelling - permit
1279870020021,1316747,C,2012-07-23,10,New Dwelling - permit
1279870020022,1311397,C,2012-05-17,10,New Dwelling - permit
1279870030001,1075033,C,2006-05-30,10,New Dwelling - permit
1279870030002,1075155,C,2006-12-22,10,New Dwelling - permit
1279870030003,1075154,C,2006-12-22,10,New Dwelling - permit
1279870030004,1355557,C,2013-05-13,10,New Dwelling - permit
1279870030005,1156646,C,2008-06-26,10,New Dwelling - permit
1279870030006,1075056,C,2006-07-12,10,New Dwelling - permit
1279870030007,1,C,2009-01-01,07,Extra Features (OB&Y)
1279870030007,1091124,C,2007-03-20,10,New Dwelling - permit
1279870030008,1075153,C,2006-12-22,10,New Dwelling - permit
1279870030009,1,C,2006-08-15,10,New Dwelling - permit
1279870030010,1075061,C,2006-07-12,10,New Dwelling - permit
1279870030011,1099340,C,2007-07-24,10,New Dwelling - permit
1279870030012,1326952,C,2012-10-04,10,New Dwelling - permit
1279870030013,1098752,C,2007-07-11,10,New Dwelling - permit
1279870030014,1087516,C,2007-01-29,10,New Dwelling - permit
1279870030015,1087121,C,2007-01-23,10,New Dwelling - permit
1279870030016,1350735,C,2013-04-03,10,New Dwelling - permit
1279870030017,1323286,C,2012-08-31,10,New Dwelling - permit
1279870030018,1094628,C,2007-05-02,10,New Dwelling - permit
1279870030018,1156099,C,2008-06-20,10,New Dwelling - permit
1279870040001,1075030,C,2006-05-30,10,New Dwelling - permit
1279870040002,1,C,2011-10-14,12,Repairs (Foundation / GM)
1279870040002,1097847,C,2007-06-25,10,New Dwelling - permit
1279870040003,1075049,C,2006-06-26,10,New Dwelling - permit
1279870040004,1317194,C,2012-07-31,10,New Dwelling - permit
1279870040005,1,C,2007-05-16,10,New Dwelling - permit
1279870040006,1075137,C,2006-11-20,10,New Dwelling - permit
1279870040007,1075038,C,2006-05-31,10,New Dwelling - permit
1279870040008,1075058,C,2006-07-12,10,New Dwelling - permit
1279870040009,1,C,2024-09-23,12,Repairs (Foundation / GM)
1279870040009,1075059,C,2006-07-12,10,New Dwelling - permit
1279990010001,1104708,C,2007-09-19,10,New Dwelling - permit
1279990010002,1351045,C,2013-04-10,10,New Dwelling - permit
1279990010003,1351047,C,2013-04-10,10,New Dwelling - permit
1279990010004,1351046,C,2013-04-10,10,New Dwelling - permit
1279990010005,1429235,C,2015-01-02,10,New Dwelling - permit
1279990010006,1,C,2016-03-09,09,New Dwelling - no permit
1279990010007,1095609,C,2007-05-16,10,New Dwelling - permit
1279990010008,1107379,C,2007-10-10,10,New Dwelling - permit
1279990020001,1155473,C,2008-06-10,10,New Dwelling - permit
1279990020002,1075367,C,2006-09-20,10,New Dwelling - permit
1279990020003,1075381,C,2006-11-07,10,New Dwelling - permit
1279990020004,1075382,C,2006-11-07,10,New Dwelling - permit
1279990020005,1075384,C,2006-11-07,10,New Dwelling - permit
1279990020006,1075368,C,2006-09-20,10,New Dwelling - permit
1279990020007,1153604,C,2008-05-08,10,New Dwelling - permit
1279990020008,1201095,C,2009-09-10,10,New Dwelling - permit
1279990020009,1153138,C,2008-04-30,10,New Dwelling - permit
1279990020010,1075397,C,2006-12-04,10,New Dwelling - permit
1279990020011,1075383,C,2006-11-07,10,New Dwelling - permit
1279990020012,1075366,C,2006-09-20,10,New Dwelling - permit
1279990020013,1075363,C,2006-09-20,10,New Dwelling - permit
1279990020014,1075364,C,2006-09-20,10,New Dwelling - permit
1279990020015,1075365,C,2006-09-20,10,New Dwelling - permit
1279990020015,1655463,C,2018-04-24,11,Additions or Remodeling
1279990020016,1178332,C,2009-02-19,10,New Dwelling - permit
1279990020017,1109349,C,2007-11-06,10,New Dwelling - permit
1279990030001,1075279,C,2006-06-23,10,New Dwelling - permit
1279990030002,1075280,C,2006-06-23,10,New Dwelling - permit
1279990030002,1425383,C,2014-12-01,11,Additions or Remodeling
1279990030003,1075281,C,2006-06-23,10,New Dwelling - permit
1279990030004,1075282,C,2006-06-23,10,New Dwelling - permit
1279990030005,1075283,C,2006-06-23,10,New Dwelling - permit
1279990030006,1147238,C,2008-01-02,10,New Dwelling - permit
1279990030007,1168226,C,2008-11-11,10,New Dwelling - permit
1279990030008,1181711,C,2009-05-21,10,New Dwelling - permit
1279990030009,1075371,C,2006-10-04,10,New Dwelling - permit
1279990030010,1093298,C,2007-04-17,10,New Dwelling - permit
1279990030011,1226478,C,2010-04-28,10,New Dwelling - permit
1279990030012,1150843,C,2008-03-19,10,New Dwelling - permit
1279990030013,1405099,C,2014-06-26,10,New Dwelling - permit
1279990030014,1090045,C,2007-03-05,10,New Dwelling - permit
1279990030014,1419572,C,2014-10-22,11,Additions or Remodeling
1279990030015,1075339,C,2006-08-28,10,New Dwelling - permit
1279990030015,1534568,C,2017-04-04,11,Additions or Remodeling
1279990030016,1404126,C,2014-06-05,10,New Dwelling - permit
1279990030017,1087032,C,2007-01-22,10,New Dwelling - permit
1279990030018,1404333,C,2014-06-11,10,New Dwelling - permit
1279990030019,1089968,C,2007-03-05,10,New Dwelling - permit
1279990030020,1091725,C,2007-03-26,10,New Dwelling - permit
1279990030021,1163573,C,2008-10-21,10,New Dwelling - permit
1279990030022,1158515,C,2008-07-31,10,New Dwelling - permit
1279990030023,1101112,C,2007-08-23,10,New Dwelling - permit
1279990030024,1101114,C,2007-08-23,10,New Dwelling - permit
1279990030025,1086256,C,2007-01-05,10,New Dwelling - permit
1279990030026,1086255,C,2007-01-05,10,New Dwelling - permit
1279990030027,1075340,C,2006-08-28,10,New Dwelling - permit
1279990030028,1075287,C,2006-06-23,10,New Dwelling - permit
1279990030029,1075286,C,2006-06-23,10,New Dwelling - permit
1279990030030,1075285,C,2006-06-23,10,New Dwelling - permit
1279990030031,1075284,C,2006-06-23,10,New Dwelling - permit
1279990030032,1232514,C,2010-05-27,10,New Dwelling - permit
1279990040001,1099220,C,2007-07-20,10,New Dwelling - permit
1279990040002,1075370,C,2006-10-02,10,New Dwelling - permit
1279990040003,1096404,C,2007-06-01,10,New Dwelling - permit
1279990040004,1419952,C,2014-10-31,10,New Dwelling - permit
1279990040005,1091727,C,2007-03-26,10,New Dwelling - permit
1279990040006,1426227,C,2014-12-31,10,New Dwelling - permit
1279990040007,1101428,C,2007-08-29,10,New Dwelling - permit
1279990040008,1101113,C,2007-08-23,10,New Dwelling - permit
1279990040009,1101117,C,2007-08-23,10,New Dwelling - permit
1279990040010,1101115,C,2007-08-23,10,New Dwelling - permit
1279990040011,1086254,C,2007-01-05,10,New Dwelling - permit
1279990040012,1091724,C,2007-03-26,10,New Dwelling - permit
1279990040013,1091726,C,2007-03-26,10,New Dwelling - permit
1279990040014,1095608,C,2007-05-16,10,New Dwelling - permit
1279990040015,1,C,2010-05-04,09,New Dwelling - no permit
1279990040015,1232042,C,2010-05-18,10,New Dwelling - permit
1279990040016,1221927,C,2010-01-12,10,New Dwelling - permit
1279990040017,1183725,C,2009-07-07,10,New Dwelling - permit
1279990040018,1096618,C,2007-06-06,10,New Dwelling - permit
1279990040018,1184632,C,2009-07-24,10,New Dwelling - permit
1279990040019,1223601,C,2010-02-25,10,New Dwelling - permit
1279990040020,1155411,C,2008-06-10,10,New Dwelling - permit
1279990040021,1422524,C,2014-11-05,10,New Dwelling - permit
1279990040022,1422523,C,2014-11-05,10,New Dwelling - permit
1279990040023,1422525,C,2014-11-05,10,New Dwelling - permit
1279990040024,1075278,C,2006-06-12,10,New Dwelling - permit
1279990040025,1154242,C,2008-05-20,10,New Dwelling - permit
1280010010001,1096879,C,2007-06-11,10,New Dwelling - permit
1280010010002,1233123,C,2010-06-08,10,New Dwelling - permit
1280010010003,1101535,C,2007-08-31,10,New Dwelling - permit
1280010010004,1086129,C,2007-01-03,10,New Dwelling - permit
1280010010005,1248658,C,2010-11-30,10,New Dwelling - permit
1280010010006,1258496,C,2011-01-20,10,New Dwelling - permit
1280010010007,1285357,C,2011-09-29,10,New Dwelling - permit
1280010010008,1258607,C,2011-01-25,10,New Dwelling - permit
1280010010009,1223855,C,2010-03-02,10,New Dwelling - permit
1280010010010,1086130,C,2007-01-03,10,New Dwelling - permit
1280010010011,1233124,C,2010-06-08,10,New Dwelling - permit
1280010010012,1075115,C,2006-10-04,10,New Dwelling - permit
1280010010013,1258495,C,2011-01-20,10,New Dwelling - permit
1280010010014,1252804,C,2010-12-09,10,New Dwelling - permit
1280010010015,1278915,C,2011-08-02,10,New Dwelling - permit
1280010010016,1311396,C,2012-05-17,10,New Dwelling - permit
1280010020001,1153875,C,2008-05-12,10,New Dwelling - permit
1280010020002,1119634,C,2007-12-12,10,New Dwelling - permit
1280010020003,1156942,C,2008-07-01,10,New Dwelling - permit
1280010020004,1096880,C,2007-06-11,10,New Dwelling - permit
1280010020005,1226291,C,2010-04-22,10,New Dwelling - permit
1280010020006,1226292,C,2010-04-22,10,New Dwelling - permit
1280010020007,1316512,C,2012-07-17,10,New Dwelling - permit
1280010020008,1315695,C,2012-06-27,10,New Dwelling - permit
1280010020009,1316260,C,2012-07-11,10,New Dwelling - permit
1280010020010,1226294,C,2010-04-22,10,New Dwelling - permit
1280010020011,1242800,C,2010-09-23,10,New Dwelling - permit
1280010020012,1225212,C,2010-03-30,10,New Dwelling - permit
1280010020013,1321902,C,2012-08-02,10,New Dwelling - permit
1280010020014,1075143,C,2006-12-11,10,New Dwelling - permit
1280010020015,1316082,C,2012-07-06,10,New Dwelling - permit
1280010030001,1075055,C,2006-06-30,10,New Dwelling - permit
1280010030002,1288809,C,2011-11-01,10,New Dwelling - permit
1280010030003,1288810,C,2011-11-01,10,New Dwelling - permit
1280010030004,1288814,C,2011-11-01,10,New Dwelling - permit
1280010030005,1075041,C,2006-06-12,10,New Dwelling - permit
1280010030006,1327924,C,2012-10-31,10,New Dwelling - permit
1280010030006,1355175,C,2013-05-07,10,New Dwelling - permit
1280010030007,1276713,C,2011-07-26,10,New Dwelling - permit
1280010030008,1075119,C,2006-10-19,10,New Dwelling - permit
1280010030009,1098030,C,2007-06-27,10,New Dwelling - permit
1280010030010,1095186,C,2007-05-10,10,New Dwelling - permit
1280010030011,1075051,C,2006-06-30,10,New Dwelling - permit
1280010030011,1075147,C,2006-12-18,07,Extra Features (OB&Y)
1280010030012,1315699,C,2012-06-27,10,New Dwelling - permit
1280010030013,1265184,C,2011-03-31,10,New Dwelling - permit
1280010030014,1259229,C,2011-02-15,10,New Dwelling - permit
1280010030015,1087497,C,2007-01-29,10,New Dwelling - permit
1280010030016,1271413,C,2011-05-12,10,New Dwelling - permit
1280010030016,1419467,C,2014-10-17,11,Additions or Remodeling
1280010030017,1271105,C,2011-05-05,10,New Dwelling - permit
1280010030018,1158613,C,2008-08-01,10,New Dwelling - permit
1280010030019,1075123,C,2006-10-30,10,New Dwelling - permit
1280010030020,1279479,C,2011-08-16,10,New Dwelling - permit
1280010030021,1075105,C,2006-09-18,10,New Dwelling - permit
1280010030022,1097848,C,2007-06-25,10,New Dwelling - permit
1280010030023,1285358,C,2011-09-29,10,New Dwelling - permit
1280010030024,1272972,C,2011-06-16,10,New Dwelling - permit
1280010030025,1075373,C,2006-10-27,10,New Dwelling - permit
1280010030026,1,C,2006-09-14,10,New Dwelling - permit
1280010030027,1226613,C,2010-04-29,10,New Dwelling - permit
1280010030028,1226614,C,2010-04-29,10,New Dwelling - permit
1280010030029,1316646,C,2012-07-20,10,New Dwelling - permit
1280010030030,1,C,2012-03-30,10,New Dwelling - permit
1280010030031,1316378,C,2012-07-13,10,New Dwelling - permit
1280010030032,1225213,C,2010-03-30,10,New Dwelling - permit
1280010030033,1099674,C,2007-07-30,10,New Dwelling - permit
1280010030033,1450411,C,2015-07-07,11,Additions or Remodeling
1280010030034,1317190,C,2012-07-31,10,New Dwelling - permit
1280010030035,1272576,C,2011-06-09,10,New Dwelling - permit
1280010030036,1265608,C,2011-04-12,10,New Dwelling - permit
1280010030037,1315900,C,2012-07-02,10,New Dwelling - permit
1280010030038,1300828,C,2012-03-06,10,New Dwelling - permit
1280010030039,1,C,2010-04-29,09,New Dwelling - no permit
1280010030040,1096871,C,2007-06-11,10,New Dwelling - permit
1280010030041,1,C,1899-12-30,12,Repairs (Foundation / GM)
1280010030041,1226293,C,2010-04-22,10,New Dwelling - permit
1280010030042,1232403,C,2010-05-25,10,New Dwelling - permit
1280010030043,1279257,C,2011-08-09,10,New Dwelling - permit
1280010030044,1271412,C,2011-05-12,10,New Dwelling - permit
1280010030045,1301513,C,2012-03-21,10,New Dwelling - permit
1280010030046,1075125,C,2006-10-30,10,New Dwelling - permit
1280010030047,1279480,C,2011-08-16,10,New Dwelling - permit
1280010030048,1231583,C,2010-05-06,10,New Dwelling - permit
1280010030049,1093481,C,2007-04-20,10,New Dwelling - permit
1280010030050,1232404,C,2010-05-25,10,New Dwelling - permit
1280010030051,1075052,C,2006-06-30,10,New Dwelling - permit
1280010030052,1119526,C,2007-12-10,10,New Dwelling - permit
1280010030053,1245304,C,2010-10-07,10,New Dwelling - permit
1280010030054,1075088,C,2006-08-18,10,New Dwelling - permit
1280010030055,1075124,C,2006-10-30,10,New Dwelling - permit
1280010030056,1350905,C,2013-04-05,10,New Dwelling - permit
1280010030057,1355975,C,2013-05-23,10,New Dwelling - permit
1280010030058,1075048,C,2006-06-26,10,New Dwelling - permit
1280010030059,1225958,C,2010-04-15,10,New Dwelling - permit
1280010030060,1,C,2011-02-22,09,New Dwelling - no permit
1280010030060,1258112,C,2011-01-06,10,New Dwelling - permit
1280010040001,1,C,2010-04-29,09,New Dwelling - no permit
1280010040002,1315383,C,2012-06-20,10,New Dwelling - permit
1280010040003,1317189,C,2012-07-31,10,New Dwelling - permit
1280010040004,1315382,C,2012-06-20,10,New Dwelling - permit
1280010040004,1351513,C,2013-04-18,10,New Dwelling - permit
1280010040005,1,C,2010-04-29,09,New Dwelling - no permit
1280010040006,1104334,C,2007-09-07,10,New Dwelling - permit
1280010040007,1,C,2010-04-29,09,New Dwelling - no permit
1280010040008,1279996,C,2011-08-29,10,New Dwelling - permit
1280010040009,1259327,C,2011-02-17,10,New Dwelling - permit
1280010040009,1304792,C,2012-04-11,10,New Dwelling - permit
1280010040010,1322226,C,2012-08-09,10,New Dwelling - permit
1280010040011,1316748,C,2012-07-23,10,New Dwelling - permit
1280010040012,1276735,C,2011-07-27,10,New Dwelling - permit
1280010040013,1322647,C,2012-08-17,10,New Dwelling - permit
1280010040014,1101534,C,2007-08-31,10,New Dwelling - permit
1280010040015,1,C,2010-04-29,09,New Dwelling - no permit
1280010040016,1,C,1899-12-30,09,New Dwelling - no permit
1280010040017,1316380,C,2012-07-13,10,New Dwelling - permit
1280010040018,1304966,C,2012-04-16,10,New Dwelling - permit
1280010040019,1279258,C,2011-08-09,10,New Dwelling - permit
1280010040020,1224859,C,2010-03-23,10,New Dwelling - permit
1280010040021,1098048,C,2007-06-28,10,New Dwelling - permit
1280010050001,1075101,C,2006-09-14,10,New Dwelling - permit
1280010050002,1075114,C,2006-10-04,10,New Dwelling - permit
1280010050003,1,C,2010-04-29,09,New Dwelling - no permit
1280010050004,1316749,C,2012-07-23,10,New Dwelling - permit
1280010050005,2,C,2007-01-19,10,New Dwelling - permit
1280010050006,1288990,C,2011-11-04,10,New Dwelling - permit
1280010050007,1305272,C,2012-04-20,10,New Dwelling - permit
1280010050008,1096878,C,2007-06-11,10,New Dwelling - permit
1280010050009,1,C,2010-04-29,09,New Dwelling - no permit
1280010050010,1075102,C,2006-09-14,10,New Dwelling - permit
1280010050011,1,C,2010-04-29,09,New Dwelling - no permit
1280010050012,1279995,C,2011-08-29,10,New Dwelling - permit
1280010050013,1265375,C,2011-04-05,10,New Dwelling - permit
1280010050014,1315413,C,2012-06-20,10,New Dwelling - permit
1280010050015,1264493,C,2011-03-15,10,New Dwelling - permit
1280010050016,1259228,C,2011-02-15,10,New Dwelling - permit
1280010050017,1285178,C,2011-09-23,10,New Dwelling - permit
1280010050018,1086744,C,2007-01-17,10,New Dwelling - permit
1280010050019,2,C,2007-08-08,09,New Dwelling - no permit
1280010050020,1099004,C,2007-07-17,10,New Dwelling - permit
1280010050021,1224003,C,2010-03-04,10,New Dwelling - permit
1280010050022,1223856,C,2010-03-02,10,New Dwelling - permit
1280010050023,1,C,2006-08-15,10,New Dwelling - permit
1280010050024,1075120,C,2006-10-19,10,New Dwelling - permit
1280010060001,1322197,C,2012-08-09,11,Additions or Remodeling
1280010060001,1372267,C,2013-10-15,10,New Dwelling - permit
1280010060002,1232362,C,2010-05-25,10,New Dwelling - permit
1280010060002,1538420,C,2017-05-16,12,Repairs (Foundation / GM)
1280010060002,1538421,C,2017-05-16,11,Additions or Remodeling
1280010060003,1075110,C,2006-09-25,10,New Dwelling - permit
1280010060004,1359501,C,2013-06-14,10,New Dwelling - permit
1280010060005,1239472,C,2010-08-10,10,New Dwelling - permit
1280010060006,1210929,C,2009-12-08,10,New Dwelling - permit
1280010060007,1210928,C,2009-12-08,10,New Dwelling - permit
1280010060008,1356119,C,2013-05-28,10,New Dwelling - permit
1284000010001,1419818,C,2014-10-29,10,New Dwelling - permit
1284000010002,1412122,C,2014-08-04,10,New Dwelling - permit
1284000010003,1403518,C,2014-05-27,10,New Dwelling - permit
1284000010004,1403034,C,2014-05-16,10,New Dwelling - permit
1284000010005,1402322,C,2014-05-02,10,New Dwelling - permit
1284000010006,1386896,C,2014-01-23,10,New Dwelling - permit
1284000010007,1402321,C,2014-05-02,10,New Dwelling - permit
1284000010008,1402335,C,2014-05-02,10,New Dwelling - permit
1284000010009,1387772,C,2014-02-11,10,New Dwelling - permit
1284000010010,1382464,C,2013-12-17,10,New Dwelling - permit
1284000010011,1388080,C,2014-02-18,10,New Dwelling - permit
1284000010012,1371334,C,2013-09-20,10,New Dwelling - permit
1284000010012,1980964,C,2024-05-01,07,Extra Features (OB&Y)
1284000010013,1402325,C,2014-05-02,10,New Dwelling - permit
1284000010014,1365237,C,2013-08-22,10,New Dwelling - permit
1284000010015,1359241,C,2013-06-10,10,New Dwelling - permit
1284000010016,1356353,C,2013-05-31,10,New Dwelling - permit
1284000010017,1351278,C,2013-04-15,10,New Dwelling - permit
1284000010018,1370830,C,2013-09-06,10,New Dwelling - permit
1284000010019,1344808,C,2013-03-18,10,New Dwelling - permit
1284000010020,1344809,C,2013-03-18,10,New Dwelling - permit
1284000010021,1397662,C,2014-04-01,10,New Dwelling - permit
1284000020001,1403513,C,2014-05-27,10,New Dwelling - permit
1284000020002,1403514,C,2014-05-27,10,New Dwelling - permit
1284000020003,1382459,C,2013-12-17,10,New Dwelling - permit
1284000020004,1388501,C,2014-02-26,10,New Dwelling - permit
1284000020005,1387788,C,2014-02-11,10,New Dwelling - permit
1284000020006,1403515,C,2014-05-27,10,New Dwelling - permit
1284000020007,1403516,C,2014-05-27,10,New Dwelling - permit
1284000020008,1394325,C,2014-03-19,10,New Dwelling - permit
1284000020009,1394346,C,2014-03-19,10,New Dwelling - permit
1284000020010,1412123,C,2014-08-04,10,New Dwelling - permit
1284000020011,1426272,C,2014-12-31,10,New Dwelling - permit
1284000020012,1399134,C,2014-04-28,10,New Dwelling - permit
1284000020013,1426273,C,2014-12-31,10,New Dwelling - permit
1284000020014,1426274,C,2014-12-31,10,New Dwelling - permit
1284000020015,1405141,C,2014-06-27,10,New Dwelling - permit
1284000020016,1415280,C,2014-09-03,10,New Dwelling - permit
1284000020017,1411773,C,2014-07-25,10,New Dwelling - permit
1284000020018,1415550,C,2014-09-09,10,New Dwelling - permit
1284000030001,1364764,C,2013-08-12,10,New Dwelling - permit
1284000030002,1393486,C,2014-03-03,10,New Dwelling - permit
1284000030003,1344897,C,2013-03-19,10,New Dwelling - permit
1284000030004,1344802,C,2013-03-18,10,New Dwelling - permit
1284000030005,1402320,C,2014-05-02,10,New Dwelling - permit
1284000030006,1370829,C,2013-09-06,10,New Dwelling - permit
1284000030007,1388507,C,2014-02-26,10,New Dwelling - permit
1284000030008,1365327,C,2013-08-23,10,New Dwelling - permit
1284000030009,1415866,C,2014-09-17,10,New Dwelling - permit
1284000030010,1419817,C,2014-10-29,10,New Dwelling - permit
1284000030011,1405138,C,2014-06-27,10,New Dwelling - permit
1284000030012,1422626,C,2014-11-10,10,New Dwelling - permit
1284000030013,1411470,C,2014-07-22,10,New Dwelling - permit
1284000030014,1415864,C,2014-09-17,10,New Dwelling - permit
1284000030015,1393874,C,2014-03-11,10,New Dwelling - permit
1284000030016,1405139,C,2014-06-27,10,New Dwelling - permit
1284000030017,1405140,C,2014-06-27,10,New Dwelling - permit
1284000030018,1387341,C,2014-02-03,10,New Dwelling - permit
1284000030019,1372753,C,2013-10-28,10,New Dwelling - permit
1284000030020,1371330,C,2013-09-20,10,New Dwelling - permit
1284000030021,1365322,C,2013-08-23,10,New Dwelling - permit
1284000030022,1376458,C,2013-11-26,10,New Dwelling - permit
1284000030023,1355237,C,2013-05-07,10,New Dwelling - permit
1284000030024,1355238,C,2013-05-07,10,New Dwelling - permit
1284000030025,1359845,C,2013-06-24,10,New Dwelling - permit
1284000030026,1345116,C,2013-03-22,10,New Dwelling - permit
1284000030027,1345117,C,2013-03-22,10,New Dwelling - permit
1284000030027,1450240,C,2015-07-02,11,Additions or Remodeling
1284000030028,1359231,C,2013-06-10,10,New Dwelling - permit
1284000030029,1382556,C,2013-12-20,10,New Dwelling - permit
1284000030030,1402319,C,2014-05-02,10,New Dwelling - permit
1284010010001,1093236,C,2007-04-18,10,New Dwelling - permit
1284010010002,1093238,C,2007-04-18,10,New Dwelling - permit
1284010010003,1093239,C,2007-04-18,10,New Dwelling - permit
1284010010004,1093237,C,2007-04-18,10,New Dwelling - permit
1284010010005,1088893,C,2007-02-16,10,New Dwelling - permit
1284010010006,1088889,C,2007-02-16,10,New Dwelling - permit
1284010010007,1088891,C,2007-02-16,10,New Dwelling - permit
1284010010008,1088890,C,2007-02-16,10,New Dwelling - permit
1284010010009,1090359,C,2007-03-09,10,New Dwelling - permit
1284010010010,1087029,C,2007-01-22,10,New Dwelling - permit
1284010010011,1086939,C,2007-01-19,10,New Dwelling - permit
1284010010012,1086951,C,2007-01-19,10,New Dwelling - permit
1284010010013,1086950,C,2007-01-19,10,New Dwelling - permit
1284010010014,1087027,C,2007-01-22,10,New Dwelling - permit
1284010010015,1086453,C,2007-01-10,10,New Dwelling - permit
1284010010016,1076769,C,2006-11-29,10,New Dwelling - permit
1284010010017,1086365,C,2007-01-08,10,New Dwelling - permit
1284010010018,1086454,C,2007-01-10,10,New Dwelling - permit
1284010010019,1086455,C,2007-01-10,10,New Dwelling - permit
1284010010020,1076600,C,2006-09-29,10,New Dwelling - permit
1284010010021,1076601,C,2006-09-29,10,New Dwelling - permit
1284010010022,1076602,C,2006-09-29,10,New Dwelling - permit
1284010010023,1076604,C,2006-10-02,10,New Dwelling - permit
1284010010024,1076603,C,2006-09-29,10,New Dwelling - permit
1284010010025,1076590,C,2006-09-20,10,New Dwelling - permit
1284010010026,1076598,C,2006-09-20,10,New Dwelling - permit
1284010010027,1076591,C,2006-09-20,10,New Dwelling - permit
1284010010028,1076599,C,2006-09-20,10,New Dwelling - permit
1284010010029,1076597,C,2006-09-20,10,New Dwelling - permit
1284010010030,1076585,C,2006-09-08,10,New Dwelling - permit
1284010010031,1076584,C,2006-09-08,10,New Dwelling - permit
1284010010032,1076583,C,2006-09-08,10,New Dwelling - permit
1284010010033,1076582,C,2006-09-08,10,New Dwelling - permit
1284010010034,1076581,C,2006-09-08,10,New Dwelling - permit
1284010020001,1087577,C,2007-01-31,10,New Dwelling - permit
1284010020002,1087909,C,2007-02-02,10,New Dwelling - permit
1284010020003,1087911,C,2007-02-02,10,New Dwelling - permit
1284010020004,1087576,C,2007-01-31,10,New Dwelling - permit
1284010020005,1087910,C,2007-02-02,10,New Dwelling - permit
1284010020006,1086947,C,2007-01-19,10,New Dwelling - permit
1284010020006,1703268,C,2019-02-20,11,Additions or Remodeling
1284010020007,1086948,C,2007-01-19,10,New Dwelling - permit
1284010020008,1087028,C,2007-01-22,10,New Dwelling - permit
1284010020009,1086949,C,2007-01-19,10,New Dwelling - permit
1284010020010,1086940,C,2007-01-19,10,New Dwelling - permit
1284010020011,1,C,2012-11-21,11,Additions or Remodeling
1284010020011,1076637,C,2006-11-15,10,New Dwelling - permit
1284010020012,1076639,C,2006-11-15,10,New Dwelling - permit
1284010020013,1076638,C,2006-11-15,10,New Dwelling - permit
1284010020014,1076640,C,2006-11-15,10,New Dwelling - permit
1284010020015,1076625,C,2006-10-20,10,New Dwelling - permit
1284010020016,1076626,C,2006-10-20,10,New Dwelling - permit
1284010020017,1076627,C,2006-10-20,10,New Dwelling - permit
1284010020018,1076624,C,2006-10-20,10,New Dwelling - permit
1284010020019,1,C,2007-08-07,09,New Dwelling - no permit
1284010020020,2,C,2006-09-20,10,New Dwelling - permit
1284010020021,1076596,C,2006-09-20,10,New Dwelling - permit
1284010020022,1076595,C,2006-09-20,10,New Dwelling - permit
1284010020023,1076594,C,2006-09-20,10,New Dwelling - permit
1284010020024,1076592,C,2006-09-20,10,New Dwelling - permit
1284010020025,1076586,C,2006-09-08,10,New Dwelling - permit
1284010020026,1076587,C,2006-09-08,10,New Dwelling - permit
1284010020027,1076588,C,2006-09-08,10,New Dwelling - permit
1284010020028,1076589,C,2006-09-08,10,New Dwelling - permit
1284010020029,1076580,C,2006-09-08,10,New Dwelling - permit
1284010020030,1076605,C,2006-10-09,10,New Dwelling - permit
1284010020030,2018783,C,2025-02-27,11,Additions or Remodeling
1284010020031,1076608,C,2006-10-09,10,New Dwelling - permit
1284010020032,1076609,C,2006-10-09,10,New Dwelling - permit
1284010020033,1076606,C,2006-10-09,10,New Dwelling - permit
1284010020034,1076607,C,2006-10-09,10,New Dwelling - permit
1284010020035,1089171,C,2007-02-21,10,New Dwelling - permit
1284010020035,1870327,C,2022-03-15,12,Repairs (Foundation / GM)
1284010020035,1939610,C,2023-07-06,11,Additions or Remodeling
1284010020036,1089168,C,2007-02-21,10,New Dwelling - permit
1284010020037,1089170,C,2007-02-21,10,New Dwelling - permit
1284010020038,1089169,C,2007-02-21,10,New Dwelling - permit
1284010020039,1088892,C,2007-02-16,10,New Dwelling - permit
1284010020040,1093538,C,2007-04-20,10,New Dwelling - permit
1284010020041,1093636,C,2007-04-23,10,New Dwelling - permit
1284010020042,1093537,C,2007-04-20,10,New Dwelling - permit
1284010020043,1093539,C,2007-04-20,10,New Dwelling - permit
1284010020044,1093639,C,2007-04-23,10,New Dwelling - permit
1284010020045,1094716,C,2007-05-02,10,New Dwelling - permit
1284010020046,1096038,C,2007-05-25,10,New Dwelling - permit
1284010020047,1295005,C,2012-01-19,10,New Dwelling - permit
1284010020048,1094718,C,2007-05-02,10,New Dwelling - permit
1284010020049,1094720,C,2007-05-02,10,New Dwelling - permit
1284010020050,1094719,C,2007-05-02,10,New Dwelling - permit
1284010020050,1684773,C,2018-09-21,07,Extra Features (OB&Y)
1284010020051,1096040,C,2007-05-25,10,New Dwelling - permit
1284010020052,1096037,C,2007-05-25,10,New Dwelling - permit
1284010020053,1094717,C,2007-05-02,10,New Dwelling - permit
1284010020054,1095526,C,2007-05-16,10,New Dwelling - permit
1284010020055,1095527,C,2007-05-16,10,New Dwelling - permit
1284010020056,1095528,C,2007-05-16,10,New Dwelling - permit
1284010020057,1095529,C,2007-05-16,10,New Dwelling - permit
1284010020058,1095530,C,2007-05-16,10,New Dwelling - permit
1284010020059,1100750,C,2007-08-15,10,New Dwelling - permit
1284010020060,1,C,2013-02-22,11,Additions or Remodeling
1284010020060,1304905,C,2012-04-13,10,New Dwelling - permit
1284010020061,1301066,C,2012-03-12,10,New Dwelling - permit
1284010020062,1289384,C,2011-11-16,10,New Dwelling - permit
1284010020063,1,C,2014-01-09,12,Repairs (Foundation / GM)
1284010020063,2,C,2017-01-01,11,Additions or Remodeling
1284010020063,1285629,C,2011-10-05,10,New Dwelling - permit
1284010020064,1297732,C,2012-02-14,10,New Dwelling - permit
1284010020065,1297731,C,2012-02-14,10,New Dwelling - permit
1284010030001,1297801,C,2012-02-15,10,New Dwelling - permit
1284010030002,1301065,C,2012-03-12,10,New Dwelling - permit
1284010030003,1301064,C,2012-03-12,10,New Dwelling - permit
1284010030004,1271956,C,2011-05-25,10,New Dwelling - permit
1284010030005,1294546,C,2012-01-05,10,New Dwelling - permit
1284010030006,1286124,C,2011-10-19,10,New Dwelling - permit
1284010030007,1295003,C,2012-01-19,10,New Dwelling - permit
1284010030008,1311429,C,2012-05-17,10,New Dwelling - permit
1284010030009,1297245,C,2012-02-01,10,New Dwelling - permit
1284010030010,1284583,C,2011-09-07,10,New Dwelling - permit
1284010030011,1098565,C,2007-07-09,10,New Dwelling - permit
1284010030012,1276263,C,2011-07-13,10,New Dwelling - permit
1284010030013,1094715,C,2007-05-02,10,New Dwelling - permit
1284010030014,1295002,C,2012-01-19,10,New Dwelling - permit
1284010030015,1301063,C,2012-03-12,10,New Dwelling - permit
1284010030016,1,C,2011-11-02,11,Additions or Remodeling
1284010030016,1093638,C,2007-04-23,10,New Dwelling - permit
1284010030017,1096035,C,2007-05-25,10,New Dwelling - permit
1284010030018,1096036,C,2007-05-25,10,New Dwelling - permit
1284010030019,1093637,C,2007-04-23,10,New Dwelling - permit
1284010030020,1093635,C,2007-04-23,10,New Dwelling - permit
1284010030021,1086662,C,2007-01-12,10,New Dwelling - permit
1284010030021,1703269,C,2019-01-30,11,Additions or Remodeling
1284010030022,1086661,C,2007-01-12,10,New Dwelling - permit
1284010030023,1086659,C,2007-01-12,10,New Dwelling - permit
1284010030024,1086660,C,2007-01-12,10,New Dwelling - permit
1242070010001,1402484,C,2014-05-06,10,New Dwelling - permit
1242070010002,1,C,2013-02-21,07,Extra Features (OB&Y)
1242070010002,1322872,C,2012-08-23,10,New Dwelling - permit
1242070010003,942688,C,2004-09-02,10,New Dwelling - permit
1242070010004,1153134,C,2008-04-30,10,New Dwelling - permit
1242070010008,1173455,C,2008-12-04,10,New Dwelling - permit
1242070010009,1387568,C,2014-02-06,10,New Dwelling - permit
1242070010010,1360641,C,2013-07-11,10,New Dwelling - permit
1242070010011,996166,C,2005-06-22,10,New Dwelling - permit
1242070010012,1415688,C,2014-09-12,10,New Dwelling - permit
1242070010012,1431717,C,2015-03-17,07,Extra Features (OB&Y)
1242070010014,984938,C,2005-02-01,10,New Dwelling - permit
1242070010015,1398840,C,2014-04-22,10,New Dwelling - permit
1242070010016,997894,C,2005-07-13,10,New Dwelling - permit
1242070020003,1,C,2012-02-21,07,Extra Features (OB&Y)
1242070020003,1158275,C,2008-07-28,10,New Dwelling - permit
1242070020004,1,C,2010-03-24,11,Additions or Remodeling
1242070020004,2,C,2010-03-10,10,New Dwelling - permit
1242070020004,1100616,C,2007-08-14,10,New Dwelling - permit
1242070020007,1,C,2012-02-21,07,Extra Features (OB&Y)
1242070020007,1149001,C,2008-02-14,10,New Dwelling - permit
1242070020008,941918,C,2004-08-03,10,New Dwelling - permit
1242070020009,938719,C,2004-05-03,10,New Dwelling - permit
1242070020010,937444,C,2004-04-05,10,New Dwelling - permit
1242070020011,940546,C,2004-06-21,10,New Dwelling - permit
1242070020012,941916,C,2004-08-03,10,New Dwelling - permit
1242070020013,1327229,C,2012-10-11,10,New Dwelling - permit
1242070020014,1060394,C,2006-10-12,10,New Dwelling - permit
1242070020014,1119625,C,2007-12-12,07,Extra Features (OB&Y)
1242070020015,986266,C,2005-02-21,10,New Dwelling - permit
1242070020016,937443,C,2004-04-05,10,New Dwelling - permit
1242070020017,1153942,C,2008-05-14,10,New Dwelling - permit
1242070020018,984309,C,2005-01-19,10,New Dwelling - permit
1242070020019,1812551,C,2021-02-05,10,New Dwelling - permit
1242070030001,1297599,C,2012-02-09,10,New Dwelling - permit
1242070030001,1792216,C,2020-09-17,12,Repairs (Foundation / GM)
1242070030001,1821513,C,2021-04-05,07,Extra Features (OB&Y)
1242070030001,1821514,C,2021-04-05,07,Extra Features (OB&Y)
1242070030003,1340481,C,2013-02-01,10,New Dwelling - permit
1242070030005,940545,C,2004-06-21,10,New Dwelling - permit
1242070030007,1,C,2010-07-28,07,Extra Features (OB&Y)
1242070030007,937634,C,2004-04-08,10,New Dwelling - permit
1242070030008,938718,C,2004-05-03,10,New Dwelling - permit
1242070030009,941917,C,2004-08-03,10,New Dwelling - permit
1242070030011,1359386,C,2013-06-13,10,New Dwelling - permit
1242070030012,937635,C,2004-04-08,10,New Dwelling - permit
1242070030012,1055185,C,2006-09-27,07,Extra Features (OB&Y)
1242070030013,944202,C,2004-10-22,10,New Dwelling - permit
1242070030014,1,C,2013-02-21,07,Extra Features (OB&Y)
1242070030014,1276402,C,2011-07-19,10,New Dwelling - permit
1242070030015,1964845,M,2024-01-17,10,New Dwelling - permit
1242070030015,1964847,M,2024-01-17,07,Extra Features (OB&Y)
1242070030017,1046672,C,2006-07-21,10,New Dwelling - permit
1242070040001,1,C,2007-10-18,10,New Dwelling - permit
1242070040001,1326445,C,2012-09-24,07,Extra Features (OB&Y)
1242070040002,1,C,2011-03-03,10,New Dwelling - permit
1242070040002,2,C,2011-01-01,07,Extra Features (OB&Y)
1242080010001,937365,C,2004-04-01,10,New Dwelling - permit
1242080010002,1,C,2017-01-01,11,Additions or Remodeling
1242080010002,942602,C,2004-08-30,10,New Dwelling - permit
1242080010003,935802,C,2004-03-03,10,New Dwelling - permit
1242080010004,935184,C,2004-02-20,10,New Dwelling - permit
1242080010005,985160,C,2005-02-04,10,New Dwelling - permit
1242080010006,986003,C,2005-02-16,10,New Dwelling - permit
1242080010007,939947,C,2004-06-02,10,New Dwelling - permit
1242080010008,939946,C,2004-06-02,10,New Dwelling - permit
1242080010009,985159,C,2005-02-04,10,New Dwelling - permit
1242080010010,2,C,2004-11-24,10,New Dwelling - permit
1242080010011,941827,C,2004-08-02,10,New Dwelling - permit
1242080010012,940455,C,2004-06-17,10,New Dwelling - permit
1242080010013,935185,C,2004-02-20,10,New Dwelling - permit
1242080010014,939626,C,2004-05-21,10,New Dwelling - permit
1242080010015,941653,C,2004-07-27,10,New Dwelling - permit
1242080010016,939174,C,2004-05-13,10,New Dwelling - permit
1242080010017,935801,C,2004-03-03,10,New Dwelling - permit
1242080010018,944049,C,2004-10-18,10,New Dwelling - permit
1242080010019,937967,C,2004-04-19,10,New Dwelling - permit
1242080020001,987880,C,2005-03-15,10,New Dwelling - permit
1242080020002,987882,C,2005-03-15,10,New Dwelling - permit
1242080020003,987883,C,2005-03-15,10,New Dwelling - permit
1242080020004,937756,C,2004-04-13,10,New Dwelling - permit
1242080020005,942355,C,2004-08-19,10,New Dwelling - permit
1242080020006,952055,C,2004-11-08,10,New Dwelling - permit
1242080020007,940454,C,2004-06-17,10,New Dwelling - permit
1242080020008,952056,C,2004-11-08,10,New Dwelling - permit
1242080020009,984607,C,2005-01-25,10,New Dwelling - permit
1242080020010,938247,C,2004-04-26,10,New Dwelling - permit
1242080020010,1372291,C,2013-10-16,07,Extra Features (OB&Y)
1242080020011,938994,C,2004-05-10,10,New Dwelling - permit
1242080020012,937672,C,2004-04-08,10,New Dwelling - permit
1242080020012,998890,C,2005-07-27,07,Extra Features (OB&Y)
1242080020013,942354,C,2004-08-19,10,New Dwelling - permit
1242080020014,940395,C,2004-06-15,10,New Dwelling - permit
1242080020014,1322946,C,2012-08-24,11,Additions or Remodeling
1242080020015,988186,C,2005-03-17,10,New Dwelling - permit
1242080020016,941947,C,2004-08-04,10,New Dwelling - permit
1242080020017,934081,C,2004-01-26,10,New Dwelling - permit
1242080020017,1787845,C,2020-08-07,07,Extra Features (OB&Y)
1242080020018,992052,C,2005-05-09,10,New Dwelling - permit
1242080020019,952120,C,2004-11-11,10,New Dwelling - permit
1242080020020,952121,C,2004-11-11,10,New Dwelling - permit
1242080020021,987881,C,2005-03-15,10,New Dwelling - permit
1242080020022,986250,C,2005-02-21,10,New Dwelling - permit
1242080020023,937757,C,2004-04-13,10,New Dwelling - permit
1242080020024,939326,C,2004-05-14,10,New Dwelling - permit
1242080020025,952057,C,2004-11-08,10,New Dwelling - permit
1242080020026,1,C,2003-12-31,10,New Dwelling - permit
1242080020026,1443669,C,2015-05-27,11,Additions or Remodeling
1242080020027,934002,C,2004-01-23,10,New Dwelling - permit
1242080020027,1043546,C,2006-06-05,07,Extra Features (OB&Y)
1242080020028,941828,C,2004-08-02,10,New Dwelling - permit
1242080020029,935800,C,2004-03-03,10,New Dwelling - permit
1242080020030,941826,C,2004-08-02,10,New Dwelling - permit
1244910010001,1012583,C,2005-12-29,10,New Dwelling - permit
1244910010002,1008268,C,2005-11-29,10,New Dwelling - permit
1244910010003,988409,C,2005-03-21,10,New Dwelling - permit
1244910010004,983997,C,2005-01-13,10,New Dwelling - permit
1244910010005,983996,C,2005-01-13,10,New Dwelling - permit
1244910010006,1001454,C,2005-09-08,10,New Dwelling - permit
1244910010007,2,C,2007-02-20,07,Extra Features (OB&Y)
1244910010007,1001453,C,2005-09-08,10,New Dwelling - permit
1244910010007,1678143,C,2018-08-06,11,Additions or Remodeling
1244910010008,1095412,C,2007-05-15,10,New Dwelling - permit
1244910010009,1045929,C,2006-07-10,10,New Dwelling - permit
1244910010010,1067265,C,2006-12-21,10,New Dwelling - permit
1244910010010,1481701,C,2016-02-08,12,Repairs (Foundation / GM)
1244910010011,933777,C,2004-01-15,10,New Dwelling - permit
1244910010012,933781,C,2004-01-15,10,New Dwelling - permit
1244910010013,933782,C,2004-01-15,10,New Dwelling - permit
1244910010014,933780,C,2004-01-15,10,New Dwelling - permit
1244910010015,940150,C,2004-06-08,10,New Dwelling - permit
1244910010016,940151,C,2004-06-08,10,New Dwelling - permit
1244910010017,940152,C,2004-06-08,10,New Dwelling - permit
1244910010018,933779,C,2004-01-15,10,New Dwelling - permit
1244910010019,933974,C,2004-01-22,10,New Dwelling - permit
1244910010020,933778,C,2004-01-15,10,New Dwelling - permit
1244910010021,1089204,C,2007-02-22,10,New Dwelling - permit
1244910010022,1,C,2008-01-01,11,Additions or Remodeling
1244910010022,1045923,C,2006-07-10,10,New Dwelling - permit
1244910010022,1091018,C,2007-03-19,07,Extra Features (OB&Y)
1244910010023,1,C,2007-02-26,07,Extra Features (OB&Y)
1244910010023,1042653,C,2006-05-22,10,New Dwelling - permit
1244910010024,1004510,C,2005-10-14,10,New Dwelling - permit
1244910010025,939183,C,2004-05-13,10,New Dwelling - permit
1244910010026,936102,C,2004-03-11,10,New Dwelling - permit
1244910010026,1093235,C,2007-04-18,07,Extra Features (OB&Y)
1244910010027,987740,C,2005-03-11,10,New Dwelling - permit
1244910010027,999159,C,2005-07-29,07,Extra Features (OB&Y)
1244910010028,1046511,C,2006-07-19,10,New Dwelling - permit
1244910010029,1054770,C,2006-09-19,10,New Dwelling - permit
1244910010030,936103,C,2004-03-11,10,New Dwelling - permit
1244910010031,936104,C,2004-03-11,10,New Dwelling - permit
1244910010032,999455,C,2005-08-04,10,New Dwelling - permit
1244910010033,1004193,C,2005-10-07,10,New Dwelling - permit
1244910010034,934806,C,2004-02-12,10,New Dwelling - permit
1244910010035,939185,C,2004-05-13,10,New Dwelling - permit
1244910010036,1042652,C,2006-05-22,10,New Dwelling - permit
1244910010037,997907,C,2005-07-13,10,New Dwelling - permit
1244910010038,985714,C,2005-02-10,10,New Dwelling - permit
1244910010039,984005,C,2005-01-13,10,New Dwelling - permit
1244910010040,940943,C,2004-07-01,10,New Dwelling - permit
1244910010040,988726,C,2005-03-24,10,New Dwelling - permit
1244910020001,995181,C,2005-06-08,10,New Dwelling - permit
1244910020002,988410,C,2005-03-21,10,New Dwelling - permit
1244910020003,995182,C,2005-06-08,10,New Dwelling - permit
1244910020004,936105,C,2004-03-11,10,New Dwelling - permit
1244910020005,939182,C,2004-05-13,10,New Dwelling - permit
1244910020006,1032049,C,2006-01-09,10,New Dwelling - permit
1244910020007,1032050,C,2006-01-09,10,New Dwelling - permit
1244910020007,1351155,C,2013-04-12,07,Extra Features (OB&Y)
1244910020008,1046510,C,2006-07-19,10,New Dwelling - permit
1244910020009,1060517,C,2006-10-18,10,New Dwelling - permit
1244910020010,934197,C,2004-01-29,10,New Dwelling - permit
1244910020011,934202,C,2004-01-29,10,New Dwelling - permit
1244910020012,934199,C,2004-01-29,10,New Dwelling - permit
1244910020013,998156,C,2005-07-15,10,New Dwelling - permit
1244910020014,997417,C,2005-07-06,10,New Dwelling - permit
1244910020015,934198,C,2004-01-29,10,New Dwelling - permit
1244910020016,934201,C,2004-01-29,10,New Dwelling - permit
1244910020017,1,C,2006-02-06,07,Extra Features (OB&Y)
1244910020017,934200,C,2004-01-29,15,Relocation / Bldg Move
1244910020017,1777756,C,2020-06-15,11,Additions or Remodeling
1244910020018,1067266,C,2006-12-21,10,New Dwelling - permit
1244910020019,1,C,2009-01-01,07,Extra Features (OB&Y)
1244910020019,940043,C,2004-06-04,10,New Dwelling - permit
1244910020020,1089197,C,2007-02-22,10,New Dwelling - permit
1244910020021,1,C,2008-01-01,07,Extra Features (OB&Y)
1244910020021,2,C,2012-05-31,07,Extra Features (OB&Y)
1244910020021,1095415,C,2007-05-15,10,New Dwelling - permit
1244910020022,1095413,C,2007-05-15,10,New Dwelling - permit
1244910020023,1,C,2007-02-26,07,Extra Features (OB&Y)
1244910020023,2,C,2009-01-01,07,Extra Features (OB&Y)
1244910020023,1031894,C,2006-01-05,10,New Dwelling - permit
1244910020024,1054780,C,2006-09-19,10,New Dwelling - permit
1244910020025,938411,C,2004-04-29,10,New Dwelling - permit
1244910020026,1001451,C,2005-09-08,10,New Dwelling - permit
1244910020027,985715,C,2005-02-10,10,New Dwelling - permit
1244910020028,1011786,C,2005-12-08,10,New Dwelling - permit
1244910020029,1,C,2009-01-01,07,Extra Features (OB&Y)
1244910020029,1033237,C,2006-01-26,10,New Dwelling - permit
1244910020030,1,C,2015-05-26,09,New Dwelling - no permit
1244910020030,936106,C,2004-03-11,10,New Dwelling - permit
1244910020031,983999,C,2005-01-13,10,New Dwelling - permit
1244910020032,938930,C,2004-05-06,10,New Dwelling - permit
1244910020033,1089203,C,2007-02-22,10,New Dwelling - permit
1244910020034,1,C,2008-01-01,07,Extra Features (OB&Y)
1244910020034,1089200,C,2007-02-22,10,New Dwelling - permit
1244910020035,1060518,C,2006-10-18,10,New Dwelling - permit
1244910020036,1,C,2008-01-01,07,Extra Features (OB&Y)
1244910020036,1091075,C,2007-03-20,10,New Dwelling - permit
1244910020037,985716,C,2005-02-10,10,New Dwelling - permit
1244910020038,1,C,2024-02-01,11,Additions or Remodeling
1244910020038,983998,C,2005-01-13,10,New Dwelling - permit
1248570010001,1036075,C,2006-03-02,10,New Dwelling - permit
1248570010002,1036073,C,2006-03-02,10,New Dwelling - permit
1248570010003,1036074,C,2006-03-02,10,New Dwelling - permit
1248570010004,1036076,C,2006-03-02,10,New Dwelling - permit
1248570010005,1035270,C,2006-02-20,10,New Dwelling - permit
1248570010006,1035272,C,2006-02-20,10,New Dwelling - permit
1248570010007,1035273,C,2006-02-20,10,New Dwelling - permit
1248570010008,1035292,C,2006-02-20,10,New Dwelling - permit
1248570010009,1035293,C,2006-02-20,10,New Dwelling - permit
1248570010010,1034244,C,2006-02-08,10,New Dwelling - permit
1248570010011,1033318,C,2006-01-26,10,New Dwelling - permit
1248570010012,1033044,C,2006-01-24,10,New Dwelling - permit
1248570010013,1033043,C,2006-01-24,10,New Dwelling - permit
1248570010014,1031760,C,2006-01-04,10,New Dwelling - permit
1248570010015,1012307,C,2005-12-21,10,New Dwelling - permit
1248570010016,1012309,C,2005-12-21,10,New Dwelling - permit
1248570010017,1011718,C,2005-12-07,10,New Dwelling - permit
1248570010018,1007784,C,2005-11-15,10,New Dwelling - permit
1248570010019,1007991,C,2005-11-18,10,New Dwelling - permit
1248570010020,1007992,C,2005-11-18,10,New Dwelling - permit
1248570010021,1,M,2026-02-12,11,Additions or Remodeling
1248570010021,1005120,C,2005-10-27,10,New Dwelling - permit
1248570010022,1,C,2015-05-12,11,Additions or Remodeling
1248570010022,1005119,C,2005-10-27,10,New Dwelling - permit
1248570010023,1004909,C,2005-10-24,10,New Dwelling - permit
1248570010024,1004908,C,2005-10-24,10,New Dwelling - permit
1248570010025,1004768,C,2005-10-19,10,New Dwelling - permit
1248570010026,1004769,C,2005-10-19,10,New Dwelling - permit
1248570010027,1004770,C,2005-10-19,10,New Dwelling - permit
1248570010028,1003823,C,2005-10-03,10,New Dwelling - permit
1248570010029,1003822,C,2005-10-03,10,New Dwelling - permit
1248570010030,993244,C,2005-05-25,10,New Dwelling - permit
1248570010031,993243,C,2005-05-25,10,New Dwelling - permit
1248570010032,993242,C,2005-05-25,10,New Dwelling - permit
1248570010033,993241,C,2005-05-25,10,New Dwelling - permit
1248570010034,992577,C,2005-05-16,10,New Dwelling - permit
1248570020001,983727,C,2005-01-10,10,New Dwelling - permit
1248570020002,983730,C,2005-01-10,10,New Dwelling - permit
1248570020003,983729,C,2005-01-10,10,New Dwelling - permit
1248570020004,983728,C,2005-01-10,10,New Dwelling - permit
1248570020005,983753,C,2005-01-10,10,New Dwelling - permit
1248570020006,943749,C,2004-10-05,10,New Dwelling - permit
1248570020007,943748,C,2004-10-05,10,New Dwelling - permit
1248570020008,943750,C,2004-10-05,10,New Dwelling - permit
1248570020009,943753,C,2004-10-05,10,New Dwelling - permit
1248570020010,943751,C,2004-10-05,10,New Dwelling - permit
1248570020011,943755,C,2004-10-05,10,New Dwelling - permit
1248570020012,943754,C,2004-10-05,10,New Dwelling - permit
1248570020013,941124,C,2004-07-09,10,New Dwelling - permit
1248570020014,941123,C,2004-07-09,10,New Dwelling - permit
1248570020015,941129,C,2004-07-09,10,New Dwelling - permit
1248570020016,941127,C,2004-07-09,10,New Dwelling - permit
1248570020017,941128,C,2004-07-09,10,New Dwelling - permit
1248570020018,941122,C,2004-07-09,10,New Dwelling - permit
1248570020019,936000,C,2004-03-09,10,New Dwelling - permit
1248570020020,935998,C,2004-03-09,10,New Dwelling - permit
1248570020021,1,C,2017-01-01,11,Additions or Remodeling
1248570020021,936004,C,2004-03-09,10,New Dwelling - permit
1248570020022,934901,C,2004-02-13,10,New Dwelling - permit
1248570020023,934899,C,2004-02-13,10,New Dwelling - permit
1248570020024,934906,C,2004-02-13,10,New Dwelling - permit
1248570020025,934918,C,2004-02-13,10,New Dwelling - permit
1248570020026,934916,C,2004-02-13,10,New Dwelling - permit
1248570020027,933756,C,2004-01-15,10,New Dwelling - permit
1248570020028,933757,C,2004-01-15,10,New Dwelling - permit
1248570020029,933760,C,2004-01-15,10,New Dwelling - permit
1248570020030,933509,C,2004-01-06,10,New Dwelling - permit
1248570020031,933510,C,2004-01-06,10,New Dwelling - permit
1248570020032,933511,C,2004-01-06,10,New Dwelling - permit
1248570020033,933512,C,2004-01-06,10,New Dwelling - permit
1248570020034,933759,C,2004-01-15,10,New Dwelling - permit
1248570020035,933758,C,2004-01-15,10,New Dwelling - permit
1248570020036,933761,C,2004-01-15,10,New Dwelling - permit
1248570020037,934917,C,2004-02-13,10,New Dwelling - permit
1248570020038,934900,C,2004-02-13,10,New Dwelling - permit
1248570020039,934904,C,2004-02-13,10,New Dwelling - permit
1248570020040,934903,C,2004-02-13,10,New Dwelling - permit
1248570020041,934902,C,2004-02-13,10,New Dwelling - permit
1248570020042,935997,C,2004-03-09,10,New Dwelling - permit
1248570020043,935996,C,2004-03-09,10,New Dwelling - permit
1248570020044,936001,C,2004-03-09,10,New Dwelling - permit
1248570030001,1,C,2006-02-16,10,New Dwelling - permit
1248570030002,1035268,C,2006-02-20,10,New Dwelling - permit
1248570030003,1035269,C,2006-02-20,10,New Dwelling - permit
1248570030004,1035294,C,2006-02-20,10,New Dwelling - permit
1248570030005,1035295,C,2006-02-20,10,New Dwelling - permit
1248570030006,1033317,C,2006-01-26,10,New Dwelling - permit
1248570030007,1031761,C,2006-01-04,10,New Dwelling - permit
1248570030008,1031762,C,2006-01-04,10,New Dwelling - permit
1248570030009,1031763,C,2006-01-04,10,New Dwelling - permit
1248570030010,1012306,C,2005-12-21,10,New Dwelling - permit
1248570030011,1012308,C,2005-12-21,10,New Dwelling - permit
1248570030012,1011717,C,2005-12-07,10,New Dwelling - permit
1248570030013,1007780,C,2005-11-15,10,New Dwelling - permit
1248570030014,1003821,C,2005-10-03,10,New Dwelling - permit
1248570030015,999736,C,2005-08-09,10,New Dwelling - permit
1248570030016,999734,C,2005-08-09,10,New Dwelling - permit
1248570030017,999733,C,2005-08-09,10,New Dwelling - permit
1248570030018,999730,C,2005-08-09,10,New Dwelling - permit
1248570030019,999729,C,2005-08-09,10,New Dwelling - permit
1248570030020,997823,C,2005-07-12,10,New Dwelling - permit
1248570030021,997821,C,2005-07-12,10,New Dwelling - permit
1248570030022,997820,C,2005-07-12,10,New Dwelling - permit
1248570030023,997439,C,2005-07-06,10,New Dwelling - permit
1248570030024,997438,C,2005-07-06,10,New Dwelling - permit
1248570030025,996991,C,2005-06-30,10,New Dwelling - permit
1248570030026,996990,C,2005-06-30,10,New Dwelling - permit
1248570030027,995894,C,2005-06-20,10,New Dwelling - permit
1248570030028,1,C,2005-06-20,10,New Dwelling - permit
1248570030029,996979,C,2005-06-30,10,New Dwelling - permit
1248570030030,997437,C,2005-07-06,10,New Dwelling - permit
1248570030031,997440,C,2005-07-06,10,New Dwelling - permit
1248570030032,997441,C,2005-07-06,10,New Dwelling - permit
1248570030033,997822,C,2005-07-12,10,New Dwelling - permit
1248570030034,999589,C,2005-08-05,10,New Dwelling - permit
1248570030035,999590,C,2005-08-05,10,New Dwelling - permit
1248570030036,999731,C,2005-08-09,10,New Dwelling - permit
1248570030037,999732,C,2005-08-09,10,New Dwelling - permit
1248570030038,999735,C,2005-08-09,10,New Dwelling - permit
1248570030039,1003820,C,2005-10-03,10,New Dwelling - permit
1248570030040,1,C,2012-11-29,11,Additions or Remodeling
1248570030040,992576,C,2005-05-16,10,New Dwelling - permit
1248570030041,991629,C,2005-05-03,10,New Dwelling - permit
1248570030042,990131,C,2005-04-12,10,New Dwelling - permit
1248570030043,990130,C,2005-04-12,10,New Dwelling - permit
1248570030044,989507,C,2005-04-05,10,New Dwelling - permit
1248570030045,989506,C,2005-04-05,10,New Dwelling - permit
1248570030046,985655,C,2005-02-10,10,New Dwelling - permit
1248570030047,985652,C,2005-02-10,10,New Dwelling - permit
1248570030048,985651,C,2005-02-10,10,New Dwelling - permit
1248570030049,985647,C,2005-02-10,10,New Dwelling - permit
1248570030050,985629,C,2005-02-10,10,New Dwelling - permit
1248570030051,983935,C,2005-01-12,10,New Dwelling - permit
1248570030052,983934,C,2005-01-12,10,New Dwelling - permit
1248570030053,983932,C,2005-01-12,10,New Dwelling - permit
1248570030054,983933,C,2005-01-12,10,New Dwelling - permit
1248570030055,983936,C,2005-01-12,10,New Dwelling - permit
1248570030056,985648,C,2005-02-10,10,New Dwelling - permit
1248570030057,985649,C,2005-02-10,10,New Dwelling - permit
1248570030058,985650,C,2005-02-10,10,New Dwelling - permit
1248570030059,985653,C,2005-02-10,10,New Dwelling - permit
1248570030060,985654,C,2005-02-10,10,New Dwelling - permit
1248570030061,989508,C,2005-04-05,10,New Dwelling - permit
1248570030062,990128,C,2005-04-12,10,New Dwelling - permit
1248570030063,990129,C,2005-04-12,10,New Dwelling - permit
1248570030064,991627,C,2005-05-03,10,New Dwelling - permit
1248570030065,991628,C,2005-05-03,10,New Dwelling - permit
1248570030066,943752,C,2004-10-05,10,New Dwelling - permit
1248570030067,943757,C,2004-10-05,10,New Dwelling - permit
1248570030067,958436,C,2004-12-02,10,New Dwelling - permit
1248570030068,943756,C,2004-10-05,10,New Dwelling - permit
1248570030069,941126,C,2004-07-09,10,New Dwelling - permit
1248570030070,941125,C,2004-07-09,10,New Dwelling - permit
1248570030071,941131,C,2004-07-09,10,New Dwelling - permit
1248570030072,941130,C,2004-07-09,10,New Dwelling - permit
1248570030073,939217,C,2004-05-13,10,New Dwelling - permit
1248570030074,939216,C,2004-05-13,10,New Dwelling - permit
1248570030075,939215,C,2004-05-13,10,New Dwelling - permit
1248570030076,939214,C,2004-05-13,10,New Dwelling - permit
1248570030077,939213,C,2004-05-13,10,New Dwelling - permit
1248570030078,939212,C,2004-05-13,10,New Dwelling - permit
1248570030079,939230,C,2004-05-13,10,New Dwelling - permit
1248570030080,939229,C,2004-05-13,10,New Dwelling - permit
1248570030081,939228,C,2004-05-13,10,New Dwelling - permit
1248570030082,939227,C,2004-05-13,10,New Dwelling - permit
1248570030083,936003,C,2004-03-09,10,New Dwelling - permit
1248570030083,1004928,C,2005-10-24,17,Disaster Repair
1248570030084,936002,C,2004-03-09,10,New Dwelling - permit
1248570030085,937855,C,2004-04-15,10,New Dwelling - permit
1248570030086,935999,C,2004-03-09,10,New Dwelling - permit
1248570030087,941532,C,2004-07-22,10,New Dwelling - permit
1248570030088,941530,C,2004-07-22,10,New Dwelling - permit
1248570030089,942719,C,2004-09-03,10,New Dwelling - permit
1248570030090,942718,C,2004-09-03,10,New Dwelling - permit
1248570030091,943329,C,2004-09-30,10,New Dwelling - permit
1248570030092,943328,C,2004-09-30,10,New Dwelling - permit
1248570030093,943325,C,2004-09-30,10,New Dwelling - permit
1248570030094,952028,C,2004-11-05,10,New Dwelling - permit
1248570030095,941344,C,2004-07-16,10,New Dwelling - permit
1248570030096,939456,C,2004-05-19,10,New Dwelling - permit
1248570030097,939455,C,2004-05-19,10,New Dwelling - permit
1248570030098,939454,C,2004-05-19,10,New Dwelling - permit
1248570030099,939261,C,2004-05-14,10,New Dwelling - permit
1248570030100,939262,C,2004-05-14,10,New Dwelling - permit
1248570030101,937399,C,2004-04-01,10,New Dwelling - permit
1248570030102,937400,C,2004-04-01,10,New Dwelling - permit
1248570030103,936775,C,2004-03-26,10,New Dwelling - permit
1248570030104,936780,C,2004-03-26,10,New Dwelling - permit
1248570030105,934042,C,2004-01-26,10,New Dwelling - permit
1248570030106,934300,C,2004-01-30,10,New Dwelling - permit
1248570030107,934040,C,2004-01-26,10,New Dwelling - permit
1248570030108,934039,C,2004-01-26,10,New Dwelling - permit
1248570030109,934036,C,2004-01-26,10,New Dwelling - permit
1248570030110,934035,C,2004-01-26,10,New Dwelling - permit
1248570030111,934037,C,2004-01-26,10,New Dwelling - permit
1248570030112,934038,C,2004-01-26,10,New Dwelling - permit
1248570030113,934041,C,2004-01-26,10,New Dwelling - permit
1248570030114,934299,C,2004-01-30,10,New Dwelling - permit
1248570030114,1242243,C,2010-09-02,11,Additions or Remodeling
1248570030115,936778,C,2004-03-26,10,New Dwelling - permit
1248570030116,936779,C,2004-03-26,10,New Dwelling - permit
1248570030117,936776,C,2004-03-26,10,New Dwelling - permit
1248570030118,936777,C,2004-03-26,10,New Dwelling - permit
1248570030119,937398,C,2004-04-01,10,New Dwelling - permit
1248570030120,937401,C,2004-04-01,10,New Dwelling - permit
1248570030121,939457,C,2004-05-19,10,New Dwelling - permit
1248570030122,939453,C,2004-05-19,10,New Dwelling - permit
1248570030123,939260,C,2004-05-14,10,New Dwelling - permit
1248570030124,939259,C,2004-05-14,10,New Dwelling - permit
1248570030125,968173,C,2004-05-14,10,New Dwelling - permit
1248570030126,991851,C,2005-05-05,10,New Dwelling - permit
1248570030127,989883,C,2005-04-07,10,New Dwelling - permit
1248570030128,985570,C,2005-02-09,10,New Dwelling - permit
1248570030129,985571,C,2005-02-09,10,New Dwelling - permit
1248570030130,985574,C,2005-02-09,10,New Dwelling - permit
1248570030131,985575,C,2005-02-09,10,New Dwelling - permit
1248570030132,985261,C,2005-02-04,10,New Dwelling - permit
1248570030133,952126,C,2004-11-12,10,New Dwelling - permit
1248570030134,952032,C,2004-11-05,10,New Dwelling - permit
1248570030135,952033,C,2004-11-05,10,New Dwelling - permit
1248570030136,952029,C,2004-11-05,10,New Dwelling - permit
1248570030137,952027,C,2004-11-05,10,New Dwelling - permit
1248570030138,952030,C,2004-11-05,10,New Dwelling - permit
1248570030139,952031,C,2004-11-05,10,New Dwelling - permit
1248570030140,952128,C,2004-11-12,10,New Dwelling - permit
1248570030141,952127,C,2004-11-12,10,New Dwelling - permit
1248570030142,985577,C,2005-02-09,10,New Dwelling - permit
1248570030143,985576,C,2005-02-09,10,New Dwelling - permit
1248570030144,985573,C,2005-02-09,10,New Dwelling - permit
1248570030145,985572,C,2005-02-09,10,New Dwelling - permit
1248570030146,985569,C,2005-02-09,10,New Dwelling - permit
1248570030147,989876,C,2005-04-07,10,New Dwelling - permit
1248570030148,986348,C,2005-02-21,10,New Dwelling - permit
1248570030149,991850,C,2005-05-05,10,New Dwelling - permit
1248570030151,967376,C,2004-03-17,32,"Paving, Parking Lot, Slab"
1248570040001,1035271,C,2006-02-20,09,New Dwelling - no permit
1248570040002,941343,C,2004-07-16,10,New Dwelling - permit
1248570040003,941342,C,2004-07-16,10,New Dwelling - permit
1248570040004,941536,C,2004-07-22,10,New Dwelling - permit
1248570040005,941535,C,2004-07-22,10,New Dwelling - permit
1248570040006,941534,C,2004-07-22,10,New Dwelling - permit
1248570040007,941533,C,2004-07-22,10,New Dwelling - permit
1248570040008,941531,C,2004-07-22,10,New Dwelling - permit
1248570040009,942720,C,2004-09-03,10,New Dwelling - permit
1248570040010,942716,C,2004-09-03,10,New Dwelling - permit
1248570040011,942717,C,2004-09-03,10,New Dwelling - permit
1248570040012,943327,C,2004-09-30,10,New Dwelling - permit
1248570040013,943326,C,2004-09-30,10,New Dwelling - permit
1248570040014,1001667,C,2005-09-12,10,New Dwelling - permit
1248570040015,1,C,2003-12-11,10,New Dwelling - permit
1248570040016,933508,C,2004-01-06,10,New Dwelling - permit
1248570040017,1000533,C,2005-08-19,10,New Dwelling - permit
1248570040018,1000534,C,2005-08-19,10,New Dwelling - permit
1248570040019,1000537,C,2005-08-19,10,New Dwelling - permit
1248570040020,1000538,C,2005-08-19,10,New Dwelling - permit
1248570040021,1,C,2026-01-01,11,Additions or Remodeling
1248570040021,1000192,C,2005-08-16,10,New Dwelling - permit
1248570040022,992027,C,2005-05-09,10,New Dwelling - permit
1248570040023,992030,C,2005-05-09,10,New Dwelling - permit
1248570040024,992031,C,2005-05-09,10,New Dwelling - permit
1248570040025,992029,C,2005-05-09,10,New Dwelling - permit
1248570040026,1,C,2005-05-09,10,New Dwelling - permit
1248570040027,1000191,C,2005-08-16,10,New Dwelling - permit
1248570040028,1000530,C,2005-08-19,10,New Dwelling - permit
1248570040029,1000536,C,2005-08-19,10,New Dwelling - permit
1248570040030,1000535,C,2005-08-19,10,New Dwelling - permit
1248570040031,1000532,C,2005-08-19,10,New Dwelling - permit
1248570040032,1000531,C,2005-08-19,10,New Dwelling - permit
1248570040033,1007507,C,2005-11-09,10,New Dwelling - permit
1248570040034,1371193,C,2013-09-17,10,New Dwelling - permit
1248570040035,1371192,C,2013-09-17,10,New Dwelling - permit
1249910010001,1159867,C,2008-09-02,10,New Dwelling - permit
1249910010001,1939580,C,2023-07-28,11,Additions or Remodeling
1249910010002,971778,C,2004-04-15,10,New Dwelling - permit
1249910010003,1311700,C,2012-05-22,10,New Dwelling - permit
1249910010004,984873,C,2005-01-31,10,New Dwelling - permit
1249910010005,1012414,C,2005-12-27,10,New Dwelling - permit
1249910010005,1054846,C,2006-09-20,07,Extra Features (OB&Y)
1249910010006,985163,C,2005-02-04,10,New Dwelling - permit
1249910010007,1037607,C,2006-03-21,10,New Dwelling - permit
1249910010007,1067029,C,2006-12-13,07,Extra Features (OB&Y)
1249910010008,963497,C,2004-05-13,10,New Dwelling - permit
1249910010009,963498,C,2004-05-13,10,New Dwelling - permit
1249910010010,963496,C,2004-05-13,10,New Dwelling - permit
1249910010011,963495,C,2004-05-13,10,New Dwelling - permit
1249910010012,998899,C,2005-07-27,10,New Dwelling - permit
1249910010013,1011933,C,2005-12-12,10,New Dwelling - permit
1249910010014,963494,C,2004-05-13,10,New Dwelling - permit
1249910010015,1032592,C,2006-01-18,10,New Dwelling - permit
1249910010016,1032593,C,2006-01-18,10,New Dwelling - permit
1249910010017,1002515,C,2005-09-30,10,New Dwelling - permit
1249910010018,1048809,C,2006-08-28,10,New Dwelling - permit
1249910010019,1001592,C,2005-09-12,07,Extra Features (OB&Y)
1249910010019,1088817,C,2007-02-15,10,New Dwelling - permit
1249910010020,1100533,C,2007-08-13,10,New Dwelling - permit
1249910010021,1472089,C,2015-12-04,10,New Dwelling - permit
1249910010022,1067113,C,2006-12-15,10,New Dwelling - permit
1249910010023,998700,C,2005-07-22,31,"Addtns, Remodels, Lease Space"
1249910010023,1066974,C,2006-12-12,10,New Dwelling - permit
1249910010024,961454,C,2004-06-28,10,New Dwelling - permit
1249910010024,1531016,C,2017-03-09,07,Extra Features (OB&Y)
1249910010025,961453,C,2004-06-28,10,New Dwelling - permit
1249910010026,961456,C,2004-06-28,10,New Dwelling - permit
1249910010027,1007801,C,2005-11-16,10,New Dwelling - permit
1249910010028,1032970,C,2006-01-23,10,New Dwelling - permit
1249910010029,1472090,C,2015-12-04,10,New Dwelling - permit
1249910010029,1777770,C,2020-06-08,11,Additions or Remodeling
1249910010030,1041740,C,2006-05-11,10,New Dwelling - permit
1249910010031,1040767,C,2006-05-01,10,New Dwelling - permit
1249910010032,1460916,C,2015-09-28,10,New Dwelling - permit
1249910010033,1460915,C,2015-09-28,10,New Dwelling - permit
1249910010034,1460917,C,2015-09-28,10,New Dwelling - permit
1249910010035,1460918,C,2015-09-28,10,New Dwelling - permit
1249910010036,1472086,C,2015-12-04,10,New Dwelling - permit
1249910010037,1472087,C,2015-12-04,10,New Dwelling - permit
1249910010037,1508062,C,2016-09-12,07,Extra Features (OB&Y)
1249910010038,985273,C,2005-02-04,31,"Addtns, Remodels, Lease Space"
1249910010038,1472088,C,2015-12-04,10,New Dwelling - permit
1249910010038,1805253,C,2020-12-23,11,Additions or Remodeling
1249910010039,996217,C,2005-06-23,10,New Dwelling - permit
1249910010040,996218,C,2005-06-23,10,New Dwelling - permit
1249910010041,1,C,1899-12-30,07,Extra Features (OB&Y)
1249910010041,989549,C,2005-04-05,10,New Dwelling - permit
1249910010042,998171,C,2005-07-15,10,New Dwelling - permit
1249910010043,996216,C,2005-06-23,10,New Dwelling - permit
1249910010044,989548,C,2005-04-05,10,New Dwelling - permit
1249910010045,2,C,2013-08-30,12,Repairs (Foundation / GM)
1249910010045,992567,C,2005-05-16,10,New Dwelling - permit
1249910010046,988153,C,2005-03-17,10,New Dwelling - permit
1249910010046,1097190,C,2007-06-15,07,Extra Features (OB&Y)
1249910010047,961347,C,2004-06-28,10,New Dwelling - permit
1249910010047,988154,C,2005-03-17,10,New Dwelling - permit
1249910010048,961345,C,2004-06-28,10,New Dwelling - permit
1249910010049,961348,C,2004-06-28,10,New Dwelling - permit
1249910010050,961346,C,2004-06-28,10,New Dwelling - permit
1249910010051,965323,C,2004-07-26,10,New Dwelling - permit
1249910010052,1036061,C,2006-03-02,10,New Dwelling - permit
1249910020001,984303,C,2005-01-19,10,New Dwelling - permit
1249910020002,984302,C,2005-01-19,10,New Dwelling - permit
1249910020003,989963,C,2005-04-11,10,New Dwelling - permit
1249910020004,971678,C,2004-04-15,10,New Dwelling - permit
1249910020004,1064223,C,2006-11-20,07,Extra Features (OB&Y)
1249910020005,1100531,C,2007-08-13,10,New Dwelling - permit
1249910020006,1032594,C,2006-01-18,10,New Dwelling - permit
1249910020007,1037081,C,2006-03-15,10,New Dwelling - permit
1249910020008,1100534,C,2007-08-13,10,New Dwelling - permit
1249910020009,1091902,C,2007-03-28,10,New Dwelling - permit
1249910020009,1091903,C,2008-09-13,50,Disaster Review
1249910020010,1060665,C,2006-10-20,10,New Dwelling - permit
1249910020011,1032595,C,2006-01-18,10,New Dwelling - permit
1249910020012,1,C,1899-12-30,07,Extra Features (OB&Y)
1249910020012,1039115,C,2006-04-07,10,New Dwelling - permit
1249910020013,1036062,C,2006-03-02,10,New Dwelling - permit
1249910020014,960835,C,2004-10-12,10,New Dwelling - permit
1249910020015,962981,C,2004-09-28,10,New Dwelling - permit
1249910020016,1037608,C,2006-03-21,10,New Dwelling - permit
1249910020016,1086739,C,2007-01-17,07,Extra Features (OB&Y)
1249910020017,1041734,C,2006-05-11,10,New Dwelling - permit
1249910020018,1088130,C,2007-02-06,10,New Dwelling - permit
1249910020019,1031931,C,2006-01-05,10,New Dwelling - permit
1249910020020,1066973,C,2006-12-12,10,New Dwelling - permit
1249910020021,1479018,C,2016-01-25,10,New Dwelling - permit
1249910020022,1034108,C,2006-02-06,10,New Dwelling - permit
1249910020023,1002037,C,2005-09-19,10,New Dwelling - permit
1287640010001,1091682,C,2007-03-26,10,New Dwelling - permit
1287640010002,1088686,C,2007-02-13,10,New Dwelling - permit
1287640010003,1097403,C,2007-06-19,10,New Dwelling - permit
1287640020001,1094291,C,2006-11-21,10,New Dwelling - permit
1287640020002,1089314,C,2007-02-23,10,New Dwelling - permit
1287640020003,1089313,C,2007-02-23,10,New Dwelling - permit
1287640020004,1094292,C,2006-11-21,10,New Dwelling - permit
1287640020005,1091683,C,2007-03-26,10,New Dwelling - permit
1287640020006,1160289,C,2008-09-29,10,New Dwelling - permit
1287640020007,1093943,C,2007-04-26,10,New Dwelling - permit
1287640020008,1098560,C,2007-07-06,10,New Dwelling - permit
1287640030001,1088882,C,2007-02-15,10,New Dwelling - permit
1287640030002,1364993,C,2013-08-16,10,New Dwelling - permit
1287640030003,1093822,C,2007-04-25,10,New Dwelling - permit
1287640030004,1099682,C,2007-07-30,10,New Dwelling - permit
1287640030005,1371441,C,2013-09-24,10,New Dwelling - permit
1287640030005,1371442,C,2013-09-24,07,Extra Features (OB&Y)
1287640030006,1,C,1899-12-30,09,New Dwelling - no permit
1287640030007,1364994,C,2013-08-16,10,New Dwelling - permit
1287640030008,1099683,C,2007-07-30,10,New Dwelling - permit
1287640030009,1093821,C,2007-04-25,10,New Dwelling - permit
1287640030010,1099684,C,2007-07-30,10,New Dwelling - permit
1287640030011,1089552,C,2007-02-27,10,New Dwelling - permit
1287640030012,1097402,C,2007-06-19,10,New Dwelling - permit
1287640030013,1093947,C,2007-04-26,10,New Dwelling - permit
1287640030014,1090854,C,2007-03-16,10,New Dwelling - permit
1287640030015,1094322,C,2006-12-13,10,New Dwelling - permit
1287640030016,1087889,C,2007-02-01,10,New Dwelling - permit
1287640030017,1088684,C,2007-02-13,10,New Dwelling - permit
1287640030018,1101875,C,2007-01-08,10,New Dwelling - permit
1287640030019,1090725,C,2007-03-14,10,New Dwelling - permit
1287640030020,1087890,C,2007-02-01,10,New Dwelling - permit
1287640030021,1087888,C,2007-02-01,10,New Dwelling - permit
1287640030021,1792261,C,2020-09-14,07,Extra Features (OB&Y)
1287640030022,1087887,C,2007-02-01,10,New Dwelling - permit
1287640030023,1090208,C,2007-03-07,10,New Dwelling - permit
1287640030024,1088685,C,2007-02-13,10,New Dwelling - permit
1287640030025,1101085,C,2007-08-22,10,New Dwelling - permit
1287640030026,1098826,C,2007-07-12,10,New Dwelling - permit
1287640030026,1148161,C,2008-01-28,07,Extra Features (OB&Y)
1287640030027,2,C,2023-01-03,11,Additions or Remodeling
1287640030027,1098827,C,2007-07-12,10,New Dwelling - permit
1287640030027,1901500,C,2022-10-25,07,Extra Features (OB&Y)
1287640030028,1330781,C,2012-11-09,10,New Dwelling - permit
1287640030029,1330782,C,2012-11-09,10,New Dwelling - permit
1287640030030,1098561,C,2007-07-06,10,New Dwelling - permit
1287640030031,1159928,C,2008-09-03,10,New Dwelling - permit
1287640030032,1330783,C,2012-11-09,10,New Dwelling - permit
1287640030033,1104915,C,2007-09-25,10,New Dwelling - permit
1287640040001,1098825,C,2007-07-12,10,New Dwelling - permit
1287640040002,1097401,C,2007-06-19,10,New Dwelling - permit
1287640040003,1091685,C,2007-03-26,10,New Dwelling - permit
1287640040004,1099104,C,2007-07-18,10,New Dwelling - permit
1287640040005,1098496,C,2007-07-05,10,New Dwelling - permit
1287640040006,1097833,C,2007-06-25,10,New Dwelling - permit
1287640040007,1091684,C,2007-03-26,10,New Dwelling - permit
1287650010001,1566089,C,2017-11-21,10,New Dwelling - permit
1287650010002,1635521,C,2017-12-18,10,New Dwelling - permit
1287650010003,1635522,C,2017-12-15,10,New Dwelling - permit
1287650010004,1635523,C,2017-12-15,10,New Dwelling - permit
1287650010005,1088529,C,2007-02-12,10,New Dwelling - permit
1287650010006,1088532,C,2007-02-12,10,New Dwelling - permit
1287650010007,1088531,C,2007-02-12,10,New Dwelling - permit
1287650010008,1088530,C,2007-02-12,10,New Dwelling - permit
1287650010009,1286256,C,2011-10-24,10,New Dwelling - permit
1287650010010,1508391,C,2016-09-19,10,New Dwelling - permit
1287650010011,1398152,C,2014-04-09,10,New Dwelling - permit
1287650010012,1286478,C,2011-10-31,10,New Dwelling - permit
1287650010013,1286477,C,2011-10-31,10,New Dwelling - permit
1287650010014,1286476,C,2011-10-31,10,New Dwelling - permit
1287650010015,1315349,C,2012-06-20,10,New Dwelling - permit
1287650010016,1326985,C,2012-10-05,10,New Dwelling - permit
1287650010017,1317067,C,2012-07-30,10,New Dwelling - permit
1287650010018,1393965,C,2014-03-12,10,New Dwelling - permit
1287650010019,1304729,C,2012-04-10,10,New Dwelling - permit
1287650010020,1109935,C,2007-11-27,10,New Dwelling - permit
1287650010021,1315116,C,2012-06-14,10,New Dwelling - permit
1287650010022,1325926,C,2012-09-18,10,New Dwelling - permit
1287650010023,1315131,C,2012-06-14,10,New Dwelling - permit
1287650010023,1797094,C,2020-10-20,11,Additions or Remodeling
1287650010024,1325927,C,2012-09-18,10,New Dwelling - permit
1287650010025,1326987,C,2012-10-05,10,New Dwelling - permit
1287650010026,1325552,C,2012-09-07,10,New Dwelling - permit
1287650010027,1301111,C,2012-03-13,10,New Dwelling - permit
1287650010028,1315138,C,2012-06-14,10,New Dwelling - permit
1287650010029,1315350,C,2012-06-20,10,New Dwelling - permit
1287650010030,1315351,C,2012-06-20,10,New Dwelling - permit
1287650010031,1315132,C,2012-06-14,10,New Dwelling - permit
1287650010032,1150396,C,2008-03-12,10,New Dwelling - permit
1287650010033,1150397,C,2008-03-12,10,New Dwelling - permit
1287650010034,1097796,C,2007-06-25,10,New Dwelling - permit
1287650010035,1097482,C,2007-06-20,10,New Dwelling - permit
1287650010036,1148529,C,2008-02-01,10,New Dwelling - permit
1287650010037,1323261,C,2012-08-31,10,New Dwelling - permit
1287650010038,1325586,C,2012-09-10,10,New Dwelling - permit
1287650010039,1310877,C,2012-05-07,10,New Dwelling - permit
1287650010040,1322758,C,2012-08-21,10,New Dwelling - permit
1287650010041,1150401,C,2008-03-12,10,New Dwelling - permit
1287650010042,1150398,C,2008-03-12,10,New Dwelling - permit
1287650010043,1150399,C,2008-03-12,10,New Dwelling - permit
1287650010044,1327714,C,2012-10-25,10,New Dwelling - permit
1287650010045,1326993,C,2012-10-05,10,New Dwelling - permit
1287650010046,1327712,C,2012-10-25,10,New Dwelling - permit
1287650010047,1359761,C,2013-06-20,10,New Dwelling - permit
1287650010048,1327713,C,2012-10-25,10,New Dwelling - permit
1287650010049,1327706,C,2012-10-25,10,New Dwelling - permit
1287650010050,1325929,C,2012-09-18,10,New Dwelling - permit
1287650010051,1365539,C,2013-08-29,10,New Dwelling - permit
1287650010052,1286475,C,2011-10-31,10,New Dwelling - permit
1287650010053,1286474,C,2011-10-31,10,New Dwelling - permit
1287650010054,1315117,C,2012-06-14,10,New Dwelling - permit
1287650010055,1156451,C,2008-06-25,10,New Dwelling - permit
1287650010056,1398733,C,2014-04-21,10,New Dwelling - permit
1287650010057,1326984,C,2012-10-05,10,New Dwelling - permit
1287650010058,1317066,C,2012-07-30,10,New Dwelling - permit
1287650010059,1311577,C,2012-05-21,10,New Dwelling - permit
1287650010060,1315118,C,2012-06-14,10,New Dwelling - permit
1287650010061,1325928,C,2012-09-18,10,New Dwelling - permit
1287650010062,1323259,C,2012-08-31,10,New Dwelling - permit
1287650020001,1404128,C,2014-06-05,10,New Dwelling - permit
1287650020002,1156452,C,2008-06-25,10,New Dwelling - permit
1287650020003,1429498,C,2015-01-12,10,New Dwelling - permit
1287650020004,1099242,C,2007-07-20,10,New Dwelling - permit
1287650020005,1429500,C,2015-01-12,10,New Dwelling - permit
1287650020006,1430913,C,2015-02-20,10,New Dwelling - permit
1287650020007,1429340,C,2015-01-07,10,New Dwelling - permit
1287650020008,1430039,C,2015-01-29,10,New Dwelling - permit
1287650020009,1429499,C,2015-01-12,10,New Dwelling - permit
1287650020010,1429501,C,2015-01-12,10,New Dwelling - permit
1287650020011,1422991,C,2014-11-19,10,New Dwelling - permit
1287650020012,1109933,C,2007-11-27,10,New Dwelling - permit
1287650020013,1422522,C,2014-11-05,10,New Dwelling - permit
1287650020014,1410973,C,2014-07-10,10,New Dwelling - permit
1287650020015,1429497,C,2015-01-12,10,New Dwelling - permit
1287650020016,1404902,C,2014-06-23,10,New Dwelling - permit
1287650020016,1454489,C,2015-01-05,11,Additions or Remodeling
1287650020017,1413255,C,2014-08-29,10,New Dwelling - permit
1287650020018,1331447,C,2012-11-28,10,New Dwelling - permit
1287650020018,1415451,C,2014-09-05,10,New Dwelling - permit
1287650020019,1415450,C,2014-09-05,10,New Dwelling - permit
1287650020020,1412034,C,2014-08-01,10,New Dwelling - permit
1287650030001,1423003,C,2014-11-20,10,New Dwelling - permit
1287650030002,1416273,C,2014-09-29,10,New Dwelling - permit
1287650030003,1429496,C,2015-01-12,10,New Dwelling - permit
1287650030004,1,C,2015-01-09,09,New Dwelling - no permit
1287650030005,1109934,C,2007-11-27,10,New Dwelling - permit
1287650030006,1398741,C,2014-04-21,10,New Dwelling - permit
1287650030007,1403164,C,2014-05-19,10,New Dwelling - permit
1287650030008,1419215,C,2014-10-09,10,New Dwelling - permit
1287650030009,1397845,C,2014-04-03,10,New Dwelling - permit
1287650030010,1382415,C,2013-12-16,10,New Dwelling - permit
1287650030011,1403156,C,2014-05-19,10,New Dwelling - permit
1287650030012,1119949,C,2007-12-20,10,New Dwelling - permit
1287650030013,1317059,C,2012-07-30,10,New Dwelling - permit
1287650030014,1398161,C,2014-04-09,10,New Dwelling - permit
1287650030015,1404127,C,2014-06-05,10,New Dwelling - permit
1287650030016,1360461,C,2013-07-08,10,New Dwelling - permit
1287650030017,1429443,C,2015-01-09,10,New Dwelling - permit
1287650030018,1365305,C,2013-08-23,10,New Dwelling - permit
1287650030019,1386146,C,2014-01-08,10,New Dwelling - permit
1287650030019,1729139,C,2019-07-30,11,Additions or Remodeling
1287650030019,1729140,C,2019-07-30,07,Extra Features (OB&Y)
1287650030020,1388161,C,2014-02-19,10,New Dwelling - permit
1287650030021,1398743,C,2014-04-21,10,New Dwelling - permit
1287650030021,1733651,C,2019-08-06,11,Additions or Remodeling
1287650030022,1388157,C,2014-02-19,10,New Dwelling - permit
1287650030023,1398742,C,2014-04-21,10,New Dwelling - permit
1287650030024,1311578,C,2012-05-21,10,New Dwelling - permit
1287650030025,1386837,C,2014-01-21,10,New Dwelling - permit
1287650030026,1371232,C,2013-09-18,10,New Dwelling - permit
1287650030027,1097795,C,2007-06-25,10,New Dwelling - permit
1287650030028,1387812,C,2014-02-11,10,New Dwelling - permit
1287650030029,1344339,C,2013-03-07,10,New Dwelling - permit
1287650030030,1398734,C,2014-04-21,10,New Dwelling - permit
1287650030030,1729141,C,2019-07-31,11,Additions or Remodeling
1287650030031,1394388,C,2014-03-20,10,New Dwelling - permit
1287650030032,1388547,C,2014-02-27,10,New Dwelling - permit
1287650040001,1094951,C,2007-05-08,10,New Dwelling - permit
1287650040002,1094950,C,2007-05-08,10,New Dwelling - permit
1287650040003,1093682,C,2007-04-24,10,New Dwelling - permit
1287650040004,1093681,C,2007-04-24,10,New Dwelling - permit
1287650040005,1095772,C,2007-05-21,10,New Dwelling - permit
1287650040006,1095771,C,2007-05-21,10,New Dwelling - permit
1287650040007,1095770,C,2007-05-21,10,New Dwelling - permit
1287650040008,1095769,C,2007-05-21,10,New Dwelling - permit
1287650040009,1107295,C,2007-10-08,10,New Dwelling - permit
1287650040010,1107296,C,2007-10-08,10,New Dwelling - permit
1287650040011,1107297,C,2007-10-08,10,New Dwelling - permit
1287650040012,1107445,C,2007-10-12,10,New Dwelling - permit
1287650040013,1393952,C,2014-03-12,10,New Dwelling - permit
1287650040014,1163565,C,2008-10-21,10,New Dwelling - permit
1287650040015,1163566,C,2008-10-21,10,New Dwelling - permit
1287650040016,1393955,C,2014-03-12,10,New Dwelling - permit
1287650040017,1163567,C,2008-10-21,10,New Dwelling - permit
1287650040018,1393961,C,2014-03-12,10,New Dwelling - permit
1287650040019,1360456,C,2013-07-08,10,New Dwelling - permit
1287650040020,1360455,C,2013-07-08,10,New Dwelling - permit
1287650040021,1387813,C,2014-02-11,10,New Dwelling - permit
1287650040022,1382411,C,2013-12-16,10,New Dwelling - permit
1287650040023,1372663,C,2013-10-24,10,New Dwelling - permit
1287650040024,1376371,C,2013-11-25,10,New Dwelling - permit
1287650040025,1386517,C,2014-01-14,10,New Dwelling - permit
1287650040026,1386516,C,2014-01-14,10,New Dwelling - permit
1287650040027,1360458,C,2013-07-08,10,New Dwelling - permit
1287650040028,1387639,C,2014-02-07,10,New Dwelling - permit
1287650040029,1360606,C,2013-07-11,10,New Dwelling - permit
1287650040030,1375930,C,2013-11-11,10,New Dwelling - permit
1287650040031,1397730,C,2014-04-02,10,New Dwelling - permit
1287650040032,1351705,C,2013-04-23,10,New Dwelling - permit
1287650040033,1355618,C,2013-05-14,10,New Dwelling - permit
1287650040034,1364584,C,2013-08-08,10,New Dwelling - permit
1287650040035,1376123,C,2013-11-15,10,New Dwelling - permit
1287650040036,1372212,C,2013-10-14,10,New Dwelling - permit
1287650040037,1359507,C,2013-06-14,10,New Dwelling - permit
1287650040038,1100904,C,2007-08-20,10,New Dwelling - permit
1287650040039,1,C,2009-06-19,09,New Dwelling - no permit
1287650040040,1168748,C,2008-11-21,10,New Dwelling - permit
1287650040041,1156453,C,2008-06-25,10,New Dwelling - permit
1287650040042,1393964,C,2014-03-12,10,New Dwelling - permit
1287650040043,1159507,C,2008-08-22,10,New Dwelling - permit
1287650040044,1393963,C,2014-03-12,10,New Dwelling - permit
1287650040045,1393962,C,2014-03-12,10,New Dwelling - permit
1287650040046,1351375,C,2013-04-16,10,New Dwelling - permit
1287650040047,1371967,C,2013-10-04,10,New Dwelling - permit
1287650040048,1364583,C,2013-08-08,10,New Dwelling - permit
1287650040049,1355338,C,2013-05-09,10,New Dwelling - permit
1287650040050,1382417,C,2013-12-16,10,New Dwelling - permit
1287650040051,1386385,C,2014-01-10,10,New Dwelling - permit
1287650040052,1326992,C,2012-10-05,10,New Dwelling - permit
1287650040053,1326986,C,2012-10-05,10,New Dwelling - permit
1287650040054,1323260,C,2012-08-31,10,New Dwelling - permit
1287650040055,1315119,C,2012-06-14,10,New Dwelling - permit
1287650040056,1316026,C,2012-07-05,10,New Dwelling - permit
1287650040057,1326955,C,2012-10-04,10,New Dwelling - permit
1287650040058,1325930,C,2012-09-18,10,New Dwelling - permit
1287650040059,1325921,C,2012-09-18,10,New Dwelling - permit
1287650040060,1351021,C,2013-04-09,10,New Dwelling - permit
1287650040061,1355335,C,2013-05-09,10,New Dwelling - permit
1287650040062,1351376,C,2013-04-16,10,New Dwelling - permit
1287650040063,1322587,C,2012-08-17,10,New Dwelling - permit
1287650050001,1393951,C,2014-03-12,10,New Dwelling - permit
1287650050002,1393953,C,2014-03-12,10,New Dwelling - permit
1287650050003,1393954,C,2014-03-12,10,New Dwelling - permit
1287650050005,1100642,C,2007-08-14,10,New Dwelling - permit
1287650050005,1393956,C,2014-03-12,10,New Dwelling - permit
1287650050006,1393957,C,2014-03-12,10,New Dwelling - permit
1287650050007,1393958,C,2014-03-12,10,New Dwelling - permit
1287650050008,1393959,C,2014-03-12,10,New Dwelling - permit
1287650050009,1393960,C,2014-03-12,10,New Dwelling - permit
1287650050010,1398865,C,2014-04-23,10,New Dwelling - permit
1287650060001,1095797,C,2007-05-22,10,New Dwelling - permit
1287650060001,1960767,C,2023-12-06,11,Additions or Remodeling
1287650060002,1095798,C,2007-05-22,10,New Dwelling - permit
1287660010001,1305645,C,2012-04-26,10,New Dwelling - permit
1287660010002,1301062,C,2012-03-12,10,New Dwelling - permit
1287660010003,1297492,C,2012-02-07,10,New Dwelling - permit
1287660010004,1297493,C,2012-02-07,10,New Dwelling - permit
1287660010005,1293997,C,2011-12-22,10,New Dwelling - permit
1287660010006,1289390,C,2011-11-16,10,New Dwelling - permit
1287660010007,1285631,C,2011-10-05,10,New Dwelling - permit
1287660010008,1289144,C,2011-11-09,10,New Dwelling - permit
1287660010009,1285630,C,2011-10-05,10,New Dwelling - permit
1287660010010,1179135,C,2009-03-18,10,New Dwelling - permit
1287660010011,1179715,C,2009-04-03,10,New Dwelling - permit
1287660010012,1152899,C,2008-04-25,10,New Dwelling - permit
1287660010013,1178400,C,2009-02-23,10,New Dwelling - permit
1287660010014,1284807,C,2011-09-14,10,New Dwelling - permit
1287660010015,1279525,C,2011-08-16,10,New Dwelling - permit
1287660010016,1295001,C,2012-01-19,10,New Dwelling - permit
1287660010017,1280118,C,2011-08-31,10,New Dwelling - permit
1287660010018,1294810,C,2012-01-13,10,New Dwelling - permit
1287660010019,1301393,C,2012-03-19,10,New Dwelling - permit
1287660010020,1297491,C,2012-02-07,10,New Dwelling - permit
1287660010021,1163088,C,2008-10-08,10,New Dwelling - permit
1287660010022,1163089,C,2008-10-08,10,New Dwelling - permit
1287660010023,1158917,C,2008-08-08,10,New Dwelling - permit
1287660010024,1158918,C,2008-08-08,10,New Dwelling - permit
1287660010025,1265663,C,2011-04-13,10,New Dwelling - permit
1287660010026,1271471,C,2011-05-13,10,New Dwelling - permit
1287660010027,1271477,C,2011-05-13,10,New Dwelling - permit
1287660010028,1285628,C,2011-10-05,10,New Dwelling - permit
1287660010029,1232469,C,2010-05-26,10,New Dwelling - permit
1287660010030,1239966,C,2010-08-25,10,New Dwelling - permit
1287660010031,1226202,C,2010-04-21,10,New Dwelling - permit
1287660010032,1231795,C,2010-05-12,10,New Dwelling - permit
1287660010033,1231796,C,2010-05-12,10,New Dwelling - permit
1287660010034,1225374,C,2010-04-01,10,New Dwelling - permit
1287660010035,1,C,2017-09-20,12,Repairs (Foundation / GM)
1287660010035,1239013,C,2010-07-28,10,New Dwelling - permit
1287660010036,1226203,C,2010-04-21,10,New Dwelling - permit
1287660010037,1,C,2022-11-01,12,Repairs (Foundation / GM)
1287660010037,1242183,C,2010-09-01,10,New Dwelling - permit
1287660010038,1293476,C,2011-12-08,10,New Dwelling - permit
1287660010039,1297494,C,2012-02-07,10,New Dwelling - permit
1287660010040,1295000,C,2012-01-19,10,New Dwelling - permit
1287660010041,1297730,C,2012-02-14,10,New Dwelling - permit
1287660010042,1300932,C,2012-03-08,10,New Dwelling - permit
1287660010043,1156419,C,2008-06-24,10,New Dwelling - permit
1287660010044,1,C,1899-12-30,09,New Dwelling - no permit
1287660010044,1221737,C,2010-01-06,10,New Dwelling - permit
1287660010045,1210301,C,2009-11-18,10,New Dwelling - permit
1287660010046,1211380,C,2009-12-18,10,New Dwelling - permit
1287660010047,1223577,C,2010-02-24,10,New Dwelling - permit
1287660010048,1211381,C,2009-12-18,10,New Dwelling - permit
1287660010049,1211588,C,2009-12-29,10,New Dwelling - permit
1287660010050,1211027,C,2009-12-09,10,New Dwelling - permit
1287660010051,1211382,C,2009-12-18,10,New Dwelling - permit
1287660010052,1209734,C,2009-11-04,10,New Dwelling - permit
1287660010053,1209735,C,2009-11-04,10,New Dwelling - permit
1287660010054,1209736,C,2009-11-04,10,New Dwelling - permit
1287660010055,1211636,C,2009-12-30,10,New Dwelling - permit
1287660020002,1168935,C,2008-11-26,10,New Dwelling - permit
1287660020003,1168936,C,2008-11-26,10,New Dwelling - permit
1287660020004,1097040,C,2007-06-13,10,New Dwelling - permit
1287660020005,1100162,C,2007-08-03,10,New Dwelling - permit
1287660020006,1177794,C,2009-02-04,10,New Dwelling - permit
1287660020006,1929885,C,2023-05-20,07,Extra Features (OB&Y)
1287660020007,1,C,2011-10-17,12,Repairs (Foundation / GM)
1287660020008,2,C,2012-11-20,12,Repairs (Foundation / GM)
1287660020008,1090480,C,2007-03-12,15,Relocation / Bldg Move
1287660020009,1090478,C,2007-03-12,15,Relocation / Bldg Move
1287660020010,1177321,C,2009-01-21,10,New Dwelling - permit
1287660020011,1090479,C,2007-03-12,15,Relocation / Bldg Move
1287660020012,1153713,C,2008-05-09,10,New Dwelling - permit
1287660020012,1177311,C,2009-01-21,10,New Dwelling - permit
1287660020013,1264882,C,2011-03-24,10,New Dwelling - permit
1287660020014,1099098,C,2007-07-18,10,New Dwelling - permit
1287660020015,1179713,C,2009-04-03,10,New Dwelling - permit
1287660020016,1183162,C,2009-06-24,10,New Dwelling - permit
1287660020017,1154930,C,2008-06-02,10,New Dwelling - permit
1287660020018,1178949,C,2009-03-13,10,New Dwelling - permit
1287660020020,1180153,C,2009-04-15,10,New Dwelling - permit
1287660020021,1178950,C,2009-03-13,10,New Dwelling - permit
1287660020022,1178035,C,2009-02-11,10,New Dwelling - permit
1287660020023,1179094,C,2009-03-18,10,New Dwelling - permit
1287660020024,1178951,C,2009-03-13,10,New Dwelling - permit
1287660020025,1177154,C,2009-01-14,10,New Dwelling - permit
1287660020026,1174146,C,2008-12-24,10,New Dwelling - permit
1287660020027,1178952,C,2009-03-13,10,New Dwelling - permit
1287660020028,1178953,C,2009-03-13,10,New Dwelling - permit
1287660020029,1181818,C,2009-05-26,10,New Dwelling - permit
1287660020030,1174136,C,2008-12-24,10,New Dwelling - permit
1287660020031,1177795,C,2009-02-04,10,New Dwelling - permit
1287660020032,1232923,C,2010-06-02,10,New Dwelling - permit
1287660020033,1177569,C,2009-01-28,10,New Dwelling - permit
1287660020034,1178036,C,2009-02-11,10,New Dwelling - permit
1287660020035,1177155,C,2009-01-14,10,New Dwelling - permit
1287660020036,1147600,C,2008-01-11,10,New Dwelling - permit
1287660020037,1202018,C,2009-09-30,10,New Dwelling - permit
1287660020038,1180154,C,2009-04-15,10,New Dwelling - permit
1287660020039,1183154,C,2009-06-24,10,New Dwelling - permit
1287660020040,1179714,C,2009-04-03,10,New Dwelling - permit
1287660020041,1180171,C,2009-04-15,10,New Dwelling - permit
1287660020042,1179712,C,2009-04-03,10,New Dwelling - permit
1287660020043,1179095,C,2009-03-18,10,New Dwelling - permit
1287660020044,1,C,2026-01-01,11,Additions or Remodeling
1287660020044,1179402,C,2009-03-25,10,New Dwelling - permit
1287660020045,1258406,C,2011-01-19,10,New Dwelling - permit
1287660020046,1179399,C,2009-03-25,10,New Dwelling - permit
1287660020047,1183156,C,2009-06-24,10,New Dwelling - permit
1287660020048,1181496,C,2009-05-19,10,New Dwelling - permit
1287660020049,1181497,C,2009-05-19,10,New Dwelling - permit
1287660020050,1201066,C,2009-09-10,10,New Dwelling - permit
1287660020051,1183157,C,2009-06-24,10,New Dwelling - permit
1287660020052,1183552,C,2009-07-01,10,New Dwelling - permit
1287660020053,1181613,C,2009-05-20,10,New Dwelling - permit
1287660020054,1183155,C,2009-06-24,10,New Dwelling - permit
1287660020055,1183163,C,2009-06-24,10,New Dwelling - permit
1287660020056,1181498,C,2009-05-19,10,New Dwelling - permit
1287660020057,1209989,C,2009-11-11,10,New Dwelling - permit
1287660020058,1209733,C,2009-11-04,10,New Dwelling - permit
1287660020059,1203058,C,2009-10-28,10,New Dwelling - permit
1287660020060,1242735,C,2010-09-22,10,New Dwelling - permit
1287660020060,1870332,C,2022-03-11,12,Repairs (Foundation / GM)
1287660020060,1870333,C,2022-03-16,07,Extra Features (OB&Y)
1287660020061,1210740,C,2009-12-02,10,New Dwelling - permit
1287660020062,1203059,C,2009-10-28,10,New Dwelling - permit
1287660020063,1209990,C,2009-11-11,10,New Dwelling - permit
1287660020064,1203060,C,2009-10-28,10,New Dwelling - permit
1287660020065,1210302,C,2009-11-18,10,New Dwelling - permit
1289370010001,1097578,C,2007-06-20,10,New Dwelling - permit
1289370010002,1097577,C,2007-06-20,10,New Dwelling - permit
1289370020001,1404762,C,2014-06-18,10,New Dwelling - permit
1289370020002,1534620,C,2017-04-18,10,New Dwelling - permit
1289370020003,1298122,C,2012-02-23,10,New Dwelling - permit
1289370020004,1322468,C,2012-08-15,10,New Dwelling - permit
1289370020005,2,C,2022-11-07,12,Repairs (Foundation / GM)
1289370020005,1310727,C,2012-05-02,10,New Dwelling - permit
1289370020006,1301143,C,2012-03-13,10,New Dwelling - permit
1289370020007,1322880,C,2012-08-23,10,New Dwelling - permit
1289370020008,1301777,C,2012-03-27,10,New Dwelling - permit
1289370020009,1298123,C,2012-02-23,10,New Dwelling - permit
1289370020010,1305268,C,2012-04-20,10,New Dwelling - permit
1289370020011,1293534,C,2011-12-09,10,New Dwelling - permit
1289370020012,1097547,C,2007-06-20,10,New Dwelling - permit
1289370020012,1286147,C,2011-10-20,10,New Dwelling - permit
1289370020013,1097548,C,2007-06-20,10,New Dwelling - permit
1289370020014,1304574,C,2012-04-05,10,New Dwelling - permit
1289370020015,1097550,C,2007-06-20,10,New Dwelling - permit
1289370020016,1097551,C,2007-06-20,10,New Dwelling - permit
1289370020017,1097552,C,2007-06-20,10,New Dwelling - permit
1289370020018,1097553,C,2007-06-20,10,New Dwelling - permit
1289370020019,1099121,C,2007-07-18,10,New Dwelling - permit
1289370020020,1096673,C,2007-06-06,10,New Dwelling - permit
1289370020021,1097538,C,2007-06-20,10,New Dwelling - permit
1289370020022,1097541,C,2007-06-20,10,New Dwelling - permit
1289370030001,1093824,C,2007-04-25,10,New Dwelling - permit
1289370030002,1464949,C,2015-10-16,10,New Dwelling - permit
1289370040001,1097139,C,2007-06-14,10,New Dwelling - permit
1289370040002,1097138,C,2007-06-14,10,New Dwelling - permit
1289370040003,1534621,C,2017-04-14,10,New Dwelling - permit
1289370040004,1,C,1899-12-30,09,New Dwelling - no permit
1289370040005,1,C,1899-12-30,09,New Dwelling - no permit
1289370040006,1534622,C,2017-04-18,10,New Dwelling - permit
1289370040007,1097117,C,2012-04-20,10,New Dwelling - permit
1289370040008,1327856,C,2012-10-30,10,New Dwelling - permit
1289370040009,1325443,C,2012-09-05,10,New Dwelling - permit
1289370040010,1339959,C,2013-01-22,10,New Dwelling - permit
1289370040011,1314666,C,2012-06-05,10,New Dwelling - permit
1289370040012,1322469,C,2012-08-15,10,New Dwelling - permit
1289370040013,1322033,C,2012-08-06,10,New Dwelling - permit
1289370040014,1315895,C,2012-07-02,10,New Dwelling - permit
1289370040015,1224446,C,2010-03-12,10,New Dwelling - permit
1289370040016,1225912,C,2010-04-15,10,New Dwelling - permit
1289370040017,1225031,C,2010-03-25,10,New Dwelling - permit
1289370040018,1225913,C,2010-04-15,10,New Dwelling - permit
1289370040019,1225914,C,2010-04-15,10,New Dwelling - permit
1289370040020,1226630,C,2010-04-29,10,New Dwelling - permit
1289370040021,1340596,C,2013-02-06,10,New Dwelling - permit
1289370040022,1341059,C,2013-02-14,10,New Dwelling - permit
1289370040023,1294773,C,2012-01-12,10,New Dwelling - permit
1289370040024,1301778,C,2012-03-27,10,New Dwelling - permit
1289370040025,1345352,C,2013-03-28,10,New Dwelling - permit
1289370040026,1322879,C,2012-08-23,10,New Dwelling - permit
1289370040027,1097275,C,2007-06-18,10,New Dwelling - permit
1289370040028,1340276,C,2013-01-30,10,New Dwelling - permit
1289370040029,1345049,C,2013-03-21,10,New Dwelling - permit
1289370040030,1432074,C,2015-03-25,10,New Dwelling - permit
1289370040031,1107678,C,2007-10-18,31,"Addtns, Remodels, Lease Space"
1289370040031,1439477,C,2015-04-24,10,New Dwelling - permit
1289370040032,1272104,C,2011-05-31,10,New Dwelling - permit
1289370040033,1275904,C,2011-07-05,10,New Dwelling - permit
1289370040034,1275900,C,2011-07-05,10,New Dwelling - permit
1289370040035,1151788,C,2008-04-07,10,New Dwelling - permit
1289370040036,1316574,C,2012-07-18,10,New Dwelling - permit
1289370040037,1295210,C,2012-01-26,10,New Dwelling - permit
1289370040038,1297337,C,2012-02-02,10,New Dwelling - permit
1289370040039,1322470,C,2012-08-15,10,New Dwelling - permit
1289370040040,1339749,C,2013-01-15,10,New Dwelling - permit
1289370040041,1180201,C,2009-04-16,10,New Dwelling - permit
1289370040042,1097502,C,2007-06-20,10,New Dwelling - permit
1289370040043,1152851,C,2008-04-24,10,New Dwelling - permit
1289370040044,1210494,C,2009-11-24,10,New Dwelling - permit
1289370040045,1151789,C,2008-04-07,10,New Dwelling - permit
1289370040046,1152853,C,2008-04-24,10,New Dwelling - permit
1289370040047,1153257,C,2008-05-01,10,New Dwelling - permit
1289370040048,1151791,C,2008-04-07,10,New Dwelling - permit
1289370040049,1151792,C,2008-04-07,10,New Dwelling - permit
1289370040050,1097263,C,2007-06-18,10,New Dwelling - permit
1289370040051,1098104,C,2007-06-29,10,New Dwelling - permit
1289370040052,1097264,C,2007-06-18,09,New Dwelling - no permit
1289370040053,1097508,C,2007-06-20,10,New Dwelling - permit
1289370040054,1097507,C,2007-06-20,10,New Dwelling - permit
1289370040055,1097501,C,2007-06-20,10,New Dwelling - permit
1289370040056,1152852,C,2008-04-24,10,New Dwelling - permit
1289370040057,1211701,C,2009-12-31,10,New Dwelling - permit
1289370040058,1200970,C,2009-09-08,10,New Dwelling - permit
1289370040060,1202073,C,2009-10-01,10,New Dwelling - permit
1289370040061,1098103,C,2007-06-29,10,New Dwelling - permit
1289370040062,1097253,C,2007-06-18,10,New Dwelling - permit
1289370040063,1097252,C,2007-06-18,10,New Dwelling - permit
1289370040064,1097251,C,2007-06-18,10,New Dwelling - permit
1289370040065,1097250,C,2007-06-18,10,New Dwelling - permit
1289370040066,1202074,C,2009-10-01,10,New Dwelling - permit
1289370040067,1097249,C,2007-06-18,10,New Dwelling - permit
1289370040068,1200971,C,2009-09-08,10,New Dwelling - permit
1289370040069,1226631,C,2010-04-29,10,New Dwelling - permit
1289370040070,1226361,C,2010-04-27,10,New Dwelling - permit
1289370040071,1224443,C,2010-03-12,10,New Dwelling - permit
1289370040072,1224444,C,2010-03-12,10,New Dwelling - permit
1289370040073,1097576,C,2007-06-20,10,New Dwelling - permit
1289370040074,1097537,C,2007-06-20,10,New Dwelling - permit
1289370050001,1097542,C,2007-06-20,10,New Dwelling - permit
1289370050002,1097540,C,2007-06-20,10,New Dwelling - permit
1289370050003,1097539,C,2007-06-20,10,New Dwelling - permit
1289370050004,1273226,C,2011-06-23,10,New Dwelling - permit
1289370050005,1272103,C,2011-05-31,10,New Dwelling - permit
1289370050006,1272102,C,2011-05-31,10,New Dwelling - permit
1289370050007,1097077,C,2007-06-13,10,New Dwelling - permit
1289370050008,1315894,C,2012-07-02,10,New Dwelling - permit
1289370050009,1316382,C,2012-07-13,10,New Dwelling - permit
1289370050010,1293265,C,2011-12-01,10,New Dwelling - permit
1289370050011,1279104,C,2011-08-04,10,New Dwelling - permit
1289370050012,1272105,C,2011-05-31,10,New Dwelling - permit
1289370050013,1344112,C,2013-03-04,10,New Dwelling - permit
1289370050014,1351139,C,2013-04-12,10,New Dwelling - permit
1289370050015,1340595,C,2013-02-06,10,New Dwelling - permit
1289370050016,1279259,C,2011-08-09,10,New Dwelling - permit
1289370050017,1276685,C,2011-07-26,10,New Dwelling - permit
1289370050018,1279988,C,2011-08-29,10,New Dwelling - permit
1289370050019,1322499,C,2012-08-15,10,New Dwelling - permit
1289370050020,1279106,C,2011-08-04,10,New Dwelling - permit
1289370050021,1,C,1899-12-30,09,New Dwelling - no permit
1289370050022,1279105,C,2011-08-04,10,New Dwelling - permit
1289370050023,1351137,C,2013-04-12,10,New Dwelling - permit
1289370050024,1272114,C,2011-05-31,10,New Dwelling - permit
1289370050025,1279107,C,2011-08-04,10,New Dwelling - permit
1289370050026,1,C,2012-01-23,09,New Dwelling - no permit
1289370050027,1351138,C,2013-04-12,10,New Dwelling - permit
1290460010001,1323070,C,2012-08-27,10,New Dwelling - permit
1290460010002,1104886,C,2007-09-25,10,New Dwelling - permit
1290460010003,1239728,C,2010-08-17,10,New Dwelling - permit
1290460010004,1091268,C,2007-03-21,10,New Dwelling - permit
1290460010005,1,C,2023-02-02,07,Extra Features (OB&Y)
1290460010005,1163084,C,2008-10-08,10,New Dwelling - permit
1290460010005,1870336,C,2022-03-28,07,Extra Features (OB&Y)
1290460010006,1,C,1899-12-30,07,Extra Features (OB&Y)
1290460010006,1087551,C,2007-01-30,10,New Dwelling - permit
1290460010007,1,C,1899-12-30,07,Extra Features (OB&Y)
1290460010007,1157523,C,2008-07-11,10,New Dwelling - permit
1290460010008,1,C,2008-01-01,07,Extra Features (OB&Y)
1290460010008,1088038,C,2007-02-05,10,New Dwelling - permit
1290460010009,1087549,C,2007-01-30,10,New Dwelling - permit
1290460010009,1224677,C,2010-03-17,07,Extra Features (OB&Y)
1290460010010,1464773,C,2015-10-13,10,New Dwelling - permit
1290460010010,1651005,C,2018-03-21,07,Extra Features (OB&Y)
1290460010011,1109977,C,2007-11-28,10,New Dwelling - permit
1290460010012,1,C,1899-12-30,07,Extra Features (OB&Y)
1290460010012,1119529,C,2007-12-10,10,New Dwelling - permit
1290460010013,1394231,C,2014-03-18,10,New Dwelling - permit
1290460010014,1088037,C,2007-02-05,10,New Dwelling - permit
1290460010015,1093775,C,2007-04-25,10,New Dwelling - permit
1290460010016,1187916,C,2009-08-28,10,New Dwelling - permit
1290460010017,1,C,2017-03-08,07,Extra Features (OB&Y)
1290460010017,2,C,2017-03-08,11,Additions or Remodeling
1290460010017,1178141,C,2009-02-16,10,New Dwelling - permit
1290460010017,1399064,C,2014-04-25,07,Extra Features (OB&Y)
1290460010018,1159029,C,2008-08-12,10,New Dwelling - permit
1290460010018,1315321,C,2012-06-19,07,Extra Features (OB&Y)
1290460010019,1088040,C,2007-02-05,10,New Dwelling - permit
1290460010020,1091269,C,2007-03-21,10,New Dwelling - permit
1290460010021,1087552,C,2007-01-30,10,New Dwelling - permit
1290460010022,1088036,C,2007-02-05,10,New Dwelling - permit
1290460010023,1091270,C,2007-03-21,10,New Dwelling - permit
1290460010024,1153148,C,2008-04-30,10,New Dwelling - permit
1290460010025,1,C,2013-07-01,11,Additions or Remodeling
1290460010025,2,C,2013-07-01,07,Extra Features (OB&Y)
1290460010025,1099735,C,2007-07-31,10,New Dwelling - permit
1290460010026,1095568,C,2007-05-16,10,New Dwelling - permit
1290460010026,1224950,C,2010-03-24,07,Extra Features (OB&Y)
1290460010026,2031740,C,2025-05-09,11,Additions or Remodeling
1290460010027,1104887,C,2007-09-25,10,New Dwelling - permit
1290460010028,1099736,C,2007-07-31,10,New Dwelling - permit
1290460010029,1090852,C,2007-03-16,10,New Dwelling - permit
1290460010030,1183602,C,2009-07-02,10,New Dwelling - permit
1290460010031,1091267,C,2007-03-21,10,New Dwelling - permit
1290460010032,1322372,C,2012-08-13,10,New Dwelling - permit
1290460010033,1,C,1899-12-30,07,Extra Features (OB&Y)
1290460010033,1201613,C,2009-09-24,10,New Dwelling - permit
1290460010034,1412225,C,2014-08-06,10,New Dwelling - permit
1290460020001,1089145,C,2007-02-21,10,New Dwelling - permit
1290460020002,1,C,1899-12-30,07,Extra Features (OB&Y)
1290460020002,1201090,C,2009-09-10,10,New Dwelling - permit
1290460020003,1087550,C,2007-01-30,10,New Dwelling - permit
1290460020004,1088039,C,2007-02-05,10,New Dwelling - permit
1290460020004,1179928,C,2009-04-09,07,Extra Features (OB&Y)
1290460020005,1224713,C,2010-03-18,10,New Dwelling - permit
1290460020006,1323072,C,2012-08-27,10,New Dwelling - permit
1290460020007,1425776,C,2014-12-15,10,New Dwelling - permit
1290460020008,1323071,C,2012-08-27,10,New Dwelling - permit
1290470010001,1089229,C,2007-02-22,10,New Dwelling - permit
1290470010002,1088751,C,2007-02-15,10,New Dwelling - permit
1290470010002,1783112,C,2020-07-28,07,Extra Features (OB&Y)
1290470010003,1334376,C,2012-12-17,10,New Dwelling - permit
1290470010003,1892827,C,2022-08-23,07,Extra Features (OB&Y)
1290470010003,1905004,C,2022-11-09,11,Additions or Remodeling
1290470010004,1092917,C,2007-04-12,10,New Dwelling - permit
1290470010004,1163064,C,2008-10-08,07,Extra Features (OB&Y)
1290470010005,1096698,C,2007-06-06,10,New Dwelling - permit
1290470010006,1,C,2008-01-01,07,Extra Features (OB&Y)
1290470010006,1089232,C,2007-02-22,10,New Dwelling - permit
1290470010007,1095640,C,2007-05-17,10,New Dwelling - permit
1290470010008,1109426,C,2007-11-08,10,New Dwelling - permit
1290470010008,1925276,C,2023-04-11,07,Extra Features (OB&Y)
1290470010009,1,C,2008-12-16,07,Extra Features (OB&Y)
1290470010009,1109709,C,2007-11-15,10,New Dwelling - permit
1290470010010,1090677,C,2007-03-14,10,New Dwelling - permit
1290470010010,1147359,C,2008-01-07,07,Extra Features (OB&Y)
1290470010011,1096093,C,2007-05-29,10,New Dwelling - permit
1290470010011,1155419,C,2008-06-10,07,Extra Features (OB&Y)
1290470010012,1091588,C,2007-03-26,10,New Dwelling - permit
1290470010013,1092912,C,2007-04-12,10,New Dwelling - permit
1290470010014,1089231,C,2007-02-22,10,New Dwelling - permit
1290470010015,1107157,C,2007-10-04,10,New Dwelling - permit
1290470010016,1173384,C,2008-12-03,10,New Dwelling - permit
1290470010016,1419419,C,2014-10-16,11,Additions or Remodeling
1290470010017,1330785,C,2012-11-09,10,New Dwelling - permit
1290470010018,1273377,C,2011-06-29,10,New Dwelling - permit
1290470010018,1288941,C,2011-11-03,07,Extra Features (OB&Y)
1290470010019,1364599,C,2013-08-08,10,New Dwelling - permit
1290470020001,1341610,C,2013-02-27,10,New Dwelling - permit
1290470020002,1351242,C,2013-04-15,10,New Dwelling - permit
1290470020003,1156366,C,2008-06-24,10,New Dwelling - permit
1290470020004,1,C,2016-06-02,10,New Dwelling - permit
1290470020004,1100358,C,2007-08-09,10,New Dwelling - permit
1290470020005,1100336,C,2007-08-09,10,New Dwelling - permit
1290470020006,1100359,C,2007-08-09,10,New Dwelling - permit
1290470020007,1149809,C,2008-03-03,10,New Dwelling - permit
1290470020007,1816869,C,2021-03-31,07,Extra Features (OB&Y)
1290470020008,1096699,C,2007-06-06,10,New Dwelling - permit
1290470020008,1432014,C,2015-03-25,07,Extra Features (OB&Y)
1290470020009,1351245,C,2013-04-15,10,New Dwelling - permit
1290470020010,1,C,2023-01-03,11,Additions or Remodeling
1290470020010,1341609,C,2013-02-27,10,New Dwelling - permit
1290470020010,1858156,C,2021-12-03,07,Extra Features (OB&Y)
1290470020011,1104544,C,2007-09-13,10,New Dwelling - permit
1290470020012,1238219,C,2010-07-06,10,New Dwelling - permit
1290470020012,1326068,C,2012-09-20,17,Disaster Repair
1290470020013,1375851,C,2013-11-07,10,New Dwelling - permit
1290470020014,1098811,C,2007-07-12,10,New Dwelling - permit
1290470020015,1153652,C,2008-05-09,07,Extra Features (OB&Y)
1290470020016,1222544,C,2010-01-29,10,New Dwelling - permit
1290470020017,1156365,C,2008-06-24,10,New Dwelling - permit
1290470020018,1,C,2008-12-17,07,Extra Features (OB&Y)
1290470020018,1109708,C,2007-11-15,10,New Dwelling - permit
1290470020019,1,C,2008-12-16,07,Extra Features (OB&Y)
1290470020019,1109427,C,2007-11-08,10,New Dwelling - permit
1290470020019,1980971,C,2024-05-22,07,Extra Features (OB&Y)
1290470030001,1,C,2008-01-01,07,Extra Features (OB&Y)
1290470030001,1093378,C,2007-04-19,10,New Dwelling - permit
1290470030001,1239492,C,2010-08-11,07,Extra Features (OB&Y)
1290470030002,1093382,C,2007-04-19,10,New Dwelling - permit
1290470030003,1,C,2008-01-01,09,New Dwelling - no permit
1290470030003,1147424,C,2008-01-08,07,Extra Features (OB&Y)
1290470030004,1222132,C,2010-01-19,10,New Dwelling - permit
1290470030005,1107845,C,2007-10-23,10,New Dwelling - permit
1290470030006,1,C,1899-12-30,07,Extra Features (OB&Y)
1290470030006,1089867,C,2007-03-01,10,New Dwelling - permit
1290470030007,1093377,C,2007-04-19,10,New Dwelling - permit
1290470030007,1964892,C,2024-01-05,07,Extra Features (OB&Y)
1290470030008,1093380,C,2007-04-19,10,New Dwelling - permit
1290470030009,1159618,C,2008-08-26,10,New Dwelling - permit
1290470030010,1098495,C,2007-07-05,10,New Dwelling - permit
1290470030011,1088133,C,2007-02-06,10,New Dwelling - permit
1290470030012,1089230,C,2007-02-22,10,New Dwelling - permit
1290470030013,1,C,2010-09-09,07,Extra Features (OB&Y)
1290470030013,1109425,C,2007-11-08,10,New Dwelling - permit
1290470030014,1093381,C,2007-04-19,10,New Dwelling - permit
1290470030015,1096094,C,2007-05-29,10,New Dwelling - permit
1290470030016,1245902,C,2010-10-28,10,New Dwelling - permit
1290470030016,1998747,C,2024-09-11,07,Extra Features (OB&Y)
1290500010001,1,C,1899-12-30,84,Exempt Property
1290500010001,1101765,C,2007-08-09,84,Exempt Property
1290500010001,1101766,C,2007-08-09,84,Exempt Property
1290500010001,1101767,C,2010-12-06,32,"Paving, Parking Lot, Slab"
1290500010001,1430692,C,2015-02-16,32,"Paving, Parking Lot, Slab"
1290500010001,1430693,C,2015-02-16,31,"Addtns, Remodels, Lease Space"
1290500010002,2,C,1899-12-30,84,Exempt Property
1293120010001,1264310,C,2011-03-10,10,New Dwelling - permit
1293120010002,1286123,C,2011-10-19,10,New Dwelling - permit
1293120010003,1155720,C,2008-06-16,10,New Dwelling - permit
1293120010004,1186839,C,2009-08-05,10,New Dwelling - permit
1293120010005,1201533,C,2009-09-23,10,New Dwelling - permit
1293120010006,1184089,C,2009-07-15,10,New Dwelling - permit
1293120010007,1201534,C,2009-09-23,10,New Dwelling - permit
1293120010008,1201535,C,2009-09-23,10,New Dwelling - permit
1293120010009,1184090,C,2009-07-15,10,New Dwelling - permit
1293120010010,1184513,C,2009-07-22,10,New Dwelling - permit
1293120010011,1201536,C,2009-09-23,10,New Dwelling - permit
1293120010012,1211586,C,2009-12-29,10,New Dwelling - permit
1293120010013,1187946,C,2009-08-28,10,New Dwelling - permit
1293120010014,1187947,C,2009-08-28,10,New Dwelling - permit
1293120010015,1203056,C,2009-10-28,10,New Dwelling - permit
1293120010016,1211587,C,2009-12-29,10,New Dwelling - permit
1293120010017,1187363,C,2009-08-17,10,New Dwelling - permit
1293120010018,1211030,C,2009-12-09,10,New Dwelling - permit
1293120010019,1202019,C,2009-09-30,10,New Dwelling - permit
1293120010019,1316234,C,2012-07-11,11,Additions or Remodeling
1293120010020,1202226,C,2009-10-07,10,New Dwelling - permit
1293120010021,1184091,C,2009-07-15,10,New Dwelling - permit
1293120010022,1223913,C,2010-03-03,10,New Dwelling - permit
1293120010023,1201537,C,2009-09-23,10,New Dwelling - permit
1293120010024,1,C,2010-02-12,10,New Dwelling - permit
1293120010024,1222207,C,2010-01-20,10,New Dwelling - permit
1293120010025,1211635,C,2009-12-30,10,New Dwelling - permit
1293120010026,1209737,C,2009-11-04,10,New Dwelling - permit
1293120010027,1202742,C,2009-10-21,10,New Dwelling - permit
1293120010028,1245896,C,2010-10-27,10,New Dwelling - permit
1293120010029,1,C,2011-10-17,07,Extra Features (OB&Y)
1293120010029,1248000,C,2010-11-03,10,New Dwelling - permit
1293120010030,1245694,C,2010-10-20,10,New Dwelling - permit
1293120010031,1202743,C,2009-10-21,10,New Dwelling - permit
1293120010032,1210300,C,2009-11-18,10,New Dwelling - permit
1293120010033,1203057,C,2009-10-28,10,New Dwelling - permit
1293120010034,1223576,C,2010-02-24,10,New Dwelling - permit
1293120010035,1224236,C,2010-03-10,10,New Dwelling - permit
1293120010036,1233693,C,2010-06-23,10,New Dwelling - permit
1293120010037,1232121,C,2010-05-19,10,New Dwelling - permit
1293120010038,1223578,C,2010-02-24,10,New Dwelling - permit
1293120010039,1245260,C,2010-10-06,10,New Dwelling - permit
1293120010040,1238792,C,2010-07-21,10,New Dwelling - permit
1293120010041,1225375,C,2010-04-01,10,New Dwelling - permit
1293120020001,1259581,C,2011-02-24,10,New Dwelling - permit
1293120020002,1153325,C,2008-05-02,10,New Dwelling - permit
1293120020003,1179134,C,2009-03-18,10,New Dwelling - permit
1293120020004,1181819,C,2009-05-26,10,New Dwelling - permit
1293120020004,1826444,C,2021-05-03,11,Additions or Remodeling
1293120020005,1179709,C,2009-04-03,10,New Dwelling - permit
1293120020006,1201065,C,2009-09-10,10,New Dwelling - permit
1293120020007,1181820,C,2009-05-26,10,New Dwelling - permit
1293120020008,1181614,C,2009-05-20,10,New Dwelling - permit
1293120020009,1179711,C,2009-04-03,10,New Dwelling - permit
1293120020010,1179710,C,2009-04-03,10,New Dwelling - permit
1293120020011,1179400,C,2009-03-25,10,New Dwelling - permit
1293120020012,1179096,C,2009-03-18,10,New Dwelling - permit
1293120020013,1181500,C,2009-05-19,10,New Dwelling - permit
1293120020014,1181499,C,2009-05-19,10,New Dwelling - permit
1293120020015,1181501,C,2009-05-19,10,New Dwelling - permit
1293120020015,1724695,C,2019-06-29,07,Extra Features (OB&Y)
1293120020016,1182274,C,2009-06-03,10,New Dwelling - permit
1293120020017,1182275,C,2009-06-03,10,New Dwelling - permit
1293120020018,1183550,C,2009-07-01,10,New Dwelling - permit
1293120020019,1187927,C,2009-08-28,10,New Dwelling - permit
1293120020020,1211634,C,2009-12-30,10,New Dwelling - permit
1293120020021,1183551,C,2009-07-01,10,New Dwelling - permit
1293120020022,1232119,C,2010-05-19,10,New Dwelling - permit
1293120020023,1232120,C,2010-05-19,10,New Dwelling - permit
1293120020024,1223914,C,2010-03-03,10,New Dwelling - permit
1293120020025,1224235,C,2010-03-10,10,New Dwelling - permit
1293120020026,1225074,C,2010-03-26,10,New Dwelling - permit
1293120020027,1225376,C,2010-04-01,10,New Dwelling - permit
1293120020028,1152429,C,2008-04-18,10,New Dwelling - permit
1293130010001,1129731,C,2007-10-05,10,New Dwelling - permit
1293130010002,1233971,C,2010-06-30,10,New Dwelling - permit
1293130010003,1242479,C,2010-09-15,10,New Dwelling - permit
1293130010004,1226118,C,2010-04-20,10,New Dwelling - permit
1293130010005,1242736,C,2010-09-22,10,New Dwelling - permit
1293130010006,1275978,C,2011-07-06,10,New Dwelling - permit
1293130010007,1153714,C,2008-05-09,10,New Dwelling - permit
1293130010008,1265103,C,2011-03-30,10,New Dwelling - permit
1293130010009,1264000,C,2011-03-02,10,New Dwelling - permit
1293130010010,1238794,C,2010-07-21,10,New Dwelling - permit
1293130010011,1305646,C,2012-04-26,10,New Dwelling - permit
1293130010012,1,C,2012-02-10,09,New Dwelling - no permit
1293130010013,1273419,C,2011-06-29,10,New Dwelling - permit
1293130010014,1301392,C,2012-03-19,10,New Dwelling - permit
1293130010015,1245897,C,2010-10-27,10,New Dwelling - permit
1293130010016,1258239,C,2011-01-12,10,New Dwelling - permit
1293130020001,1152900,C,2008-04-25,10,New Dwelling - permit
1293130020002,1132543,C,2007-09-14,10,New Dwelling - permit
1293130020003,1132547,C,2007-09-21,10,New Dwelling - permit
1293130020004,1153715,C,2008-05-09,10,New Dwelling - permit
1293130020005,1264309,C,2011-03-10,10,New Dwelling - permit
1293130020006,1252978,C,2010-12-15,10,New Dwelling - permit
1293130020007,1152901,C,2008-04-25,10,New Dwelling - permit
1293130020008,1264538,C,2011-03-16,10,New Dwelling - permit
1293130020009,1264881,C,2011-03-24,10,New Dwelling - permit
1293130020010,1247999,C,2010-11-03,10,New Dwelling - permit
1293130020011,1271957,C,2011-05-25,10,New Dwelling - permit
1293130020012,1153321,C,2008-05-02,10,New Dwelling - permit
1293130020013,1285848,C,2011-10-12,10,New Dwelling - permit
1293130020014,1245693,C,2010-10-20,10,New Dwelling - permit
1293130020015,1289143,C,2011-11-09,10,New Dwelling - permit
1293130020016,1264880,C,2011-03-24,10,New Dwelling - permit
1293130020017,1252979,C,2010-12-15,10,New Dwelling - permit
1293620010001,1375853,C,2013-11-07,10,New Dwelling - permit
1293620010001,1836382,C,2021-07-07,11,Additions or Remodeling
1293620010002,1325483,C,2012-09-06,10,New Dwelling - permit
1293620010003,1,C,1899-12-30,07,Extra Features (OB&Y)
1293620010003,1315762,C,2012-06-28,10,New Dwelling - permit
1293620010004,1293407,C,2011-12-06,10,New Dwelling - permit
1293620010005,1,C,2011-01-01,07,Extra Features (OB&Y)
1293620010005,1272525,C,2011-06-09,10,New Dwelling - permit
1293620010006,1152935,C,2008-04-25,10,New Dwelling - permit
1293620010007,1232709,C,2010-06-01,10,New Dwelling - permit
1293620010007,1812604,C,2021-02-22,07,Extra Features (OB&Y)
1293620010008,1224463,C,2010-03-12,10,New Dwelling - permit
1293620010009,1341611,C,2013-02-27,10,New Dwelling - permit
1293620010010,1173541,C,2008-12-08,10,New Dwelling - permit
1293620010011,1259455,C,2011-02-22,10,New Dwelling - permit
1293620010012,1248549,C,2010-11-23,10,New Dwelling - permit
1293620010013,1231804,C,2010-05-12,10,New Dwelling - permit
1293620010014,1,C,2014-09-01,07,Extra Features (OB&Y)
1293620010014,1330680,C,2012-11-07,10,New Dwelling - permit
1293620010015,1276397,C,2011-07-19,10,New Dwelling - permit
1293620010016,1,C,1899-12-30,07,Extra Features (OB&Y)
1293620010016,1247961,C,2010-11-01,10,New Dwelling - permit
1293620010017,1156189,C,2008-06-23,10,New Dwelling - permit
1293620010018,1323156,C,2012-08-30,10,New Dwelling - permit
1293620010019,1305686,C,2012-04-27,10,New Dwelling - permit
1293620010020,1311105,C,2012-05-09,10,New Dwelling - permit
1293620010021,1276395,C,2011-07-19,10,New Dwelling - permit
1293620010022,1340963,C,2013-02-13,10,New Dwelling - permit
1293620010023,1150315,C,2008-03-11,10,New Dwelling - permit
1293620010024,1330914,C,2012-11-14,10,New Dwelling - permit
1293620010025,1315761,C,2012-06-28,10,New Dwelling - permit
1293620010026,1311104,C,2012-05-09,10,New Dwelling - permit
1293620010027,1276396,C,2011-07-19,10,New Dwelling - permit
1293620010027,1925280,C,2023-04-12,07,Extra Features (OB&Y)
1293620010028,1132826,C,2007-10-30,10,New Dwelling - permit
1293620010029,1,C,2008-01-01,09,New Dwelling - no permit
1293620010029,1151739,C,2008-04-04,10,New Dwelling - permit
1293620010030,1248548,C,2010-11-23,10,New Dwelling - permit
1293620010031,1132832,C,2007-12-13,10,New Dwelling - permit
1293620010032,1264618,C,2011-03-17,10,New Dwelling - permit
1293620010033,1,C,1899-12-30,07,Extra Features (OB&Y)
1293620010033,1264460,C,2011-03-15,10,New Dwelling - permit
1293620010034,1239424,C,2010-08-09,10,New Dwelling - permit
1293620010035,1271201,C,2011-05-09,10,New Dwelling - permit
1293620010036,1387841,C,2014-02-12,10,New Dwelling - permit
1293620010037,1351241,C,2013-04-15,10,New Dwelling - permit
1293620010038,1375852,C,2013-11-07,10,New Dwelling - permit
1293620010039,1265507,C,2011-04-08,10,New Dwelling - permit
1293620010040,1259456,C,2011-02-22,10,New Dwelling - permit
1293620010041,1272526,C,2011-06-09,10,New Dwelling - permit
1293620010041,1518639,C,2016-12-19,11,Additions or Remodeling
1293620010042,1272527,C,2011-06-09,10,New Dwelling - permit
1293620010042,1429410,C,2015-01-08,07,Extra Features (OB&Y)
1293620010043,1272528,C,2011-06-09,10,New Dwelling - permit
1293620010044,1264461,C,2011-03-15,10,New Dwelling - permit
1293620010045,1,C,1899-12-30,07,Extra Features (OB&Y)
1293620010045,1223831,C,2010-03-02,10,New Dwelling - permit
1293620010046,1,C,2008-01-01,09,New Dwelling - no permit
1293620010046,1147288,C,2008-01-03,10,New Dwelling - permit
1293620010047,1156173,C,2008-06-23,10,New Dwelling - permit
1293620010048,1148210,C,2008-01-29,10,New Dwelling - permit
1293620010049,1149676,C,2008-02-28,10,New Dwelling - permit
1293620010049,1168844,C,2008-11-25,07,Extra Features (OB&Y)
1293620010050,1157809,C,2008-07-17,10,New Dwelling - permit
1293620010051,1158115,C,2008-07-24,10,New Dwelling - permit
1293620010052,1315882,C,2012-07-02,10,New Dwelling - permit
1293620010053,1322815,C,2012-08-22,10,New Dwelling - permit
1293620010053,1729153,C,2019-07-15,07,Extra Features (OB&Y)
1293620010053,1844826,C,2021-09-01,07,Extra Features (OB&Y)
1293620010058,1865739,C,2022-02-09,32,"Paving, Parking Lot, Slab"
1293620020001,1382013,C,2013-12-04,10,New Dwelling - permit
1293620020002,1239479,C,2010-08-11,10,New Dwelling - permit
1293620020003,1239478,C,2010-08-11,10,New Dwelling - permit
1293620020004,1289487,C,2011-11-18,10,New Dwelling - permit
1293620020005,1351243,C,2013-04-15,10,New Dwelling - permit
1293620020006,1264263,C,2011-03-09,10,New Dwelling - permit
1293620020007,1351244,C,2013-04-15,10,New Dwelling - permit
1293620020008,1341608,C,2013-02-27,10,New Dwelling - permit
1293620020009,1155376,C,2008-06-09,10,New Dwelling - permit
1293620020010,1252946,C,2010-12-15,10,New Dwelling - permit
1293620020011,1325669,C,2012-09-12,10,New Dwelling - permit
1293620020012,1158153,C,2008-07-24,10,New Dwelling - permit
1293620020013,1231803,C,2010-05-12,10,New Dwelling - permit
1293620020014,1153058,C,2008-04-28,10,New Dwelling - permit
1293620020014,1238170,C,2010-07-02,07,Extra Features (OB&Y)
1293620020015,1340960,C,2013-02-13,10,New Dwelling - permit
1293620020016,1258486,C,2011-01-20,10,New Dwelling - permit
1293620020017,1157127,C,2008-07-03,10,New Dwelling - permit
1293620020018,1157126,C,2008-07-03,10,New Dwelling - permit
1293620020019,1149675,C,2008-02-28,10,New Dwelling - permit
1293620020020,1168869,C,2008-11-25,10,New Dwelling - permit
1293620020021,1334374,C,2012-12-17,10,New Dwelling - permit
1293620020022,1,C,2012-03-07,07,Extra Features (OB&Y)
1293620020022,1271340,C,2011-05-11,10,New Dwelling - permit
1293620020023,2,C,1899-12-30,07,Extra Features (OB&Y)
1293620020023,1340961,C,2013-02-13,10,New Dwelling - permit
1293620020024,1238367,C,2010-07-08,10,New Dwelling - permit
1293620020025,1151266,C,2008-03-27,10,New Dwelling - permit
1293620020026,1149674,C,2008-02-28,10,New Dwelling - permit
1293620020026,1443550,C,2015-05-20,11,Additions or Remodeling
1293620020026,1956934,C,2023-11-28,07,Extra Features (OB&Y)
1293620020027,1340959,C,2013-02-13,10,New Dwelling - permit
1293620020028,1375850,C,2013-11-07,10,New Dwelling - permit
1293620020029,1,C,1899-12-30,07,Extra Features (OB&Y)
1293620020029,1209663,C,2009-11-02,10,New Dwelling - permit
1293620020030,1387843,C,2014-02-12,10,New Dwelling - permit
1293620020031,1157899,C,2008-07-21,10,New Dwelling - permit
1293620020032,1158669,C,2008-08-04,10,New Dwelling - permit
1293620020033,1305687,C,2012-04-27,10,New Dwelling - permit
1293620020034,1224527,C,2010-03-15,10,New Dwelling - permit
1293620020035,1210266,C,2009-11-18,10,New Dwelling - permit
1293620020036,1245583,C,2010-10-18,10,New Dwelling - permit
1293620020037,1272524,C,2011-06-09,10,New Dwelling - permit
1293620020038,1154816,C,2008-05-30,10,New Dwelling - permit
1293620020039,1209662,C,2009-11-02,10,New Dwelling - permit
1293620020040,1209660,C,2009-11-02,10,New Dwelling - permit
1293620020041,1209661,C,2009-11-02,10,New Dwelling - permit
1293630010001,1201835,C,2009-09-30,10,New Dwelling - permit
1293630010002,1132193,C,2007-09-26,10,New Dwelling - permit
1293630010003,1132175,C,2007-07-18,10,New Dwelling - permit
1293630010004,1132194,C,2007-09-26,10,New Dwelling - permit
1293630010005,1,C,2008-08-13,09,New Dwelling - no permit
1293630010006,1,C,2008-08-13,09,New Dwelling - no permit
1293630010007,1132205,C,2007-11-09,10,New Dwelling - permit
1293630010008,1132170,C,2007-07-06,10,New Dwelling - permit
1293630010009,1132208,C,2007-11-30,10,New Dwelling - permit
1293630010010,1132164,C,2007-06-25,10,New Dwelling - permit
1293630010011,1132157,C,2007-06-12,10,New Dwelling - permit
1293630010012,1132163,C,2007-06-12,10,New Dwelling - permit
1293630010013,1132191,C,2007-09-25,10,New Dwelling - permit
1293630010014,1181238,C,2009-05-13,10,New Dwelling - permit
1293630010015,1132174,C,2007-07-10,10,New Dwelling - permit
1293630010016,1132155,C,2007-06-12,10,New Dwelling - permit
1293630010017,1223611,C,2010-02-25,10,New Dwelling - permit
1293630010018,1147470,C,2008-01-08,10,New Dwelling - permit
1293630010019,1132165,C,2007-06-25,10,New Dwelling - permit
1293630010020,1132204,C,2007-11-06,10,New Dwelling - permit
1293630010021,1132158,C,2007-06-12,10,New Dwelling - permit
1293630010022,1132160,C,2007-06-12,10,New Dwelling - permit
1293630010023,1132161,C,2007-06-12,10,New Dwelling - permit
1293630010024,1132156,C,2007-06-12,10,New Dwelling - permit
1293630010025,1132203,C,2007-11-06,10,New Dwelling - permit
1293630010026,1132202,C,2007-10-15,10,New Dwelling - permit
1293630010027,1132166,C,2007-06-25,10,New Dwelling - permit
1293630010028,1132192,C,2007-09-25,10,New Dwelling - permit
1293630010029,1,C,2008-01-01,07,Extra Features (OB&Y)
1293630010029,1132159,C,2007-06-12,10,New Dwelling - permit
1293630010030,1132162,C,2007-06-12,10,New Dwelling - permit
1293630010031,1132167,C,2007-06-25,10,New Dwelling - permit
1293630010032,1132172,C,2007-07-06,10,New Dwelling - permit
1293630010033,1132178,C,2007-08-01,10,New Dwelling - permit
1293630010034,1201094,C,2009-09-10,10,New Dwelling - permit
1293630010035,1132206,C,2007-11-15,10,New Dwelling - permit
1293630010036,1132179,C,2007-08-16,10,New Dwelling - permit
1293630010037,1132173,C,2007-07-06,10,New Dwelling - permit
1293630010038,1132171,C,2007-07-06,10,New Dwelling - permit
1293630010039,1154003,C,2008-05-14,10,New Dwelling - permit
1293630010040,1153142,C,2008-04-30,10,New Dwelling - permit
1293630020001,1211290,C,2009-12-17,10,New Dwelling - permit
1293630020002,1150112,C,2008-03-06,10,New Dwelling - permit
1293630020002,1500734,C,2016-07-18,12,Repairs (Foundation / GM)
1293630020003,1150113,C,2008-03-06,10,New Dwelling - permit
1293630020004,1132190,C,2007-09-18,10,New Dwelling - permit
1293630020005,1147469,C,2008-01-08,10,New Dwelling - permit
1293630020006,1132201,C,2007-10-11,10,New Dwelling - permit
1293630020007,1150110,C,2008-03-06,10,New Dwelling - permit
1293630020008,1132176,C,2007-07-25,10,New Dwelling - permit
1293630020009,1147471,C,2008-01-08,10,New Dwelling - permit
1293630020010,1148704,C,2008-02-06,10,New Dwelling - permit
1293630020011,1148705,C,2008-02-06,10,New Dwelling - permit
1293630020012,1132207,C,2007-11-19,10,New Dwelling - permit
1293630020013,1132169,C,2007-07-06,10,New Dwelling - permit
1293630020014,1154002,C,2008-05-14,10,New Dwelling - permit
1293630020015,1148706,C,2008-02-06,10,New Dwelling - permit
1293630020016,1150467,C,2008-03-13,10,New Dwelling - permit
1293630020017,1,C,2007-11-30,10,New Dwelling - permit
1293630020018,1132177,C,2007-08-01,10,New Dwelling - permit
1293630020019,1132168,C,2007-07-06,10,New Dwelling - permit
1294110010001,2,C,2010-12-02,41,"Rep, Addtn, Rmdl, Fire Dam"
1294630010001,1181768,C,2009-05-22,10,New Dwelling - permit
1294630010002,1183860,C,2009-07-09,10,New Dwelling - permit
1294630010003,1203111,C,2009-10-29,10,New Dwelling - permit
1294630010004,1187598,C,2009-08-20,10,New Dwelling - permit
1294630010005,1148323,C,2008-01-31,31,"Addtns, Remodels, Lease Space"
1294630010005,1201833,C,2009-09-30,10,New Dwelling - permit
1294630010006,1162942,C,2008-10-01,10,New Dwelling - permit
1294630010006,1177506,C,2009-01-28,07,Extra Features (OB&Y)
1294630010007,1150109,C,2008-03-06,10,New Dwelling - permit
1294630010008,1155714,C,2008-06-16,10,New Dwelling - permit
1294630010009,1173754,C,2008-12-11,10,New Dwelling - permit
1294630010010,1156363,C,2008-06-24,10,New Dwelling - permit
1294630010011,1158689,C,2008-08-04,10,New Dwelling - permit
1294630010012,1155715,C,2008-06-16,10,New Dwelling - permit
1294630010013,1163287,C,2008-10-14,10,New Dwelling - permit
1294630010013,1541475,C,2017-06-28,11,Additions or Remodeling
1294630010014,1168392,C,2008-11-14,10,New Dwelling - permit
1294630010014,2044085,C,2025-08-13,07,Extra Features (OB&Y)
1294630010015,1158376,C,2008-07-29,10,New Dwelling - permit
1294630010016,1155556,C,2008-06-12,10,New Dwelling - permit
1294630010017,1178331,C,2009-02-19,10,New Dwelling - permit
1294630010018,1159177,C,2008-08-15,10,New Dwelling - permit
1294630010019,1159176,C,2008-08-15,10,New Dwelling - permit
1294630010020,1168845,C,2008-11-25,10,New Dwelling - permit
1294630010021,1156364,C,2008-06-24,10,New Dwelling - permit
1294630010022,1178561,C,2009-02-27,10,New Dwelling - permit
1294630010023,1162948,C,2008-10-02,10,New Dwelling - permit
1294630010024,1163288,C,2008-10-14,10,New Dwelling - permit
1294630010025,1178166,C,2009-02-17,10,New Dwelling - permit
1294630010026,1163083,C,2008-10-08,10,New Dwelling - permit
1294630010027,1150486,C,2008-03-13,10,New Dwelling - permit
1294630010028,1148526,C,2008-02-01,10,New Dwelling - permit
1294630010029,1150485,C,2008-03-13,10,New Dwelling - permit
1294630010030,1160166,C,2008-09-09,10,New Dwelling - permit
1294630010031,1163082,C,2008-10-08,10,New Dwelling - permit
1294630010032,1178558,C,2009-02-27,10,New Dwelling - permit
1294630010033,1178560,C,2009-02-27,10,New Dwelling - permit
1294630010034,1177742,C,2009-02-02,10,New Dwelling - permit
1294630010035,1150484,C,2008-03-13,10,New Dwelling - permit
1294630010036,1150483,C,2008-03-13,10,New Dwelling - permit
1294630010037,1152568,C,2008-04-21,10,New Dwelling - permit
1294630010038,1154009,C,2008-05-14,10,New Dwelling - permit
1294630010039,1184562,C,2009-07-23,10,New Dwelling - permit
1294630010040,1180470,C,2009-04-23,10,New Dwelling - permit
1294630010041,1210336,C,2009-11-19,10,New Dwelling - permit
1294630010042,1150069,C,2008-03-06,10,New Dwelling - permit
1294630010043,1157225,C,2008-07-07,10,New Dwelling - permit
1294630010044,1155128,C,2008-06-04,10,New Dwelling - permit
1294630010045,1163080,C,2008-10-08,10,New Dwelling - permit
1294630010046,1231544,C,2010-05-06,10,New Dwelling - permit
1294630010047,1160246,C,2008-09-11,10,New Dwelling - permit
1294630010048,1160247,C,2008-09-11,10,New Dwelling - permit
1294630010049,1150068,C,2008-03-06,10,New Dwelling - permit
1294630010050,1148800,C,2008-02-08,10,New Dwelling - permit
1294630020001,1174166,C,2008-12-29,10,New Dwelling - permit
1294630020002,1180744,C,2009-04-30,10,New Dwelling - permit
1294630020003,1184564,C,2009-07-23,10,New Dwelling - permit
1294630020004,1154351,C,2008-05-21,10,New Dwelling - permit
1294630020005,1162941,C,2008-10-01,10,New Dwelling - permit
1294630020006,1184563,C,2009-07-23,10,New Dwelling - permit
1294630020007,1182374,C,2009-06-05,10,New Dwelling - permit
1294630020008,1201834,C,2009-09-30,10,New Dwelling - permit
1294630020009,1183446,C,2009-06-30,10,New Dwelling - permit
1294630020010,1183448,C,2009-06-30,10,New Dwelling - permit
1294630020011,1187913,C,2009-08-28,10,New Dwelling - permit
1294630020012,1223612,C,2010-02-25,10,New Dwelling - permit
1294630020013,1203110,C,2009-10-29,10,New Dwelling - permit
1294630020014,1173753,C,2008-12-11,10,New Dwelling - permit
1294630020015,1183449,C,2009-06-30,10,New Dwelling - permit
1294630020016,1159178,C,2008-08-15,10,New Dwelling - permit
1294630020017,1173752,C,2008-12-11,10,New Dwelling - permit
1294630020018,1178891,C,2009-03-12,10,New Dwelling - permit
1294630020019,1180191,C,2009-04-16,10,New Dwelling - permit
1294630020020,1180193,C,2009-04-16,10,New Dwelling - permit
1294630020021,1153469,C,2008-05-06,10,New Dwelling - permit
1294630020022,1159179,C,2008-08-15,10,New Dwelling - permit
1294630020023,1152566,C,2008-04-21,10,New Dwelling - permit
1294630020024,1162940,C,2008-10-01,10,New Dwelling - permit
1294630020025,1180745,C,2009-04-30,10,New Dwelling - permit
1294630020026,1179439,C,2009-03-26,10,New Dwelling - permit
1294630020027,1179638,C,2009-04-02,10,New Dwelling - permit
1294630020028,1152567,C,2008-04-21,10,New Dwelling - permit
1294630020029,1148527,C,2008-02-01,10,New Dwelling - permit
1294630020030,1180192,C,2009-04-16,10,New Dwelling - permit
1294630020031,1159175,C,2008-08-15,10,New Dwelling - permit
1294630020032,1180257,C,2009-04-17,10,New Dwelling - permit
1294630020033,1181237,C,2009-05-13,10,New Dwelling - permit
1294630020034,1150111,C,2008-03-06,10,New Dwelling - permit
1294630020035,1177743,C,2009-02-02,10,New Dwelling - permit
1294630020036,1153149,C,2008-04-30,10,New Dwelling - permit
1294630020037,1163081,C,2008-10-08,10,New Dwelling - permit
1294630020038,1183447,C,2009-06-30,10,New Dwelling - permit
1294630020039,1158789,C,2008-08-07,10,New Dwelling - permit
1294630020040,1181236,C,2009-05-13,10,New Dwelling - permit
1296550010001,1,C,2008-04-16,30,New Building
1296550010001,1154060,C,2008-05-15,31,"Addtns, Remodels, Lease Space"
1296550010001,1154061,C,2008-05-15,32,"Paving, Parking Lot, Slab"
1296550010001,1874535,C,2022-04-28,31,"Addtns, Remodels, Lease Space"
1296550010002,1,C,2008-01-09,32,"Paving, Parking Lot, Slab"
1296550010002,2,C,2008-01-09,30,New Building
1296550010002,2054194,C,2025-11-11,31,"Addtns, Remodels, Lease Space"
1296630010001,1147767,C,2008-01-17,10,New Dwelling - permit
1296630010002,1181049,C,2009-05-08,10,New Dwelling - permit
1296630010003,1152802,C,2008-04-23,10,New Dwelling - permit
1296630010004,1387611,C,2014-02-07,10,New Dwelling - permit
1296630010005,1387614,C,2014-02-07,10,New Dwelling - permit
1296630010006,1351330,C,2013-04-16,10,New Dwelling - permit
1296630010006,1457665,C,2015-08-28,07,Extra Features (OB&Y)
1296630010007,1147769,C,2008-01-17,10,New Dwelling - permit
1296630010008,1181050,C,2009-05-08,10,New Dwelling - permit
1296630010009,1370899,C,2013-09-09,10,New Dwelling - permit
1296630010010,1310733,C,2012-05-02,10,New Dwelling - permit
1296630010011,1345192,C,2013-03-25,10,New Dwelling - permit
1296630010012,1178549,C,2009-02-27,10,New Dwelling - permit
1296630010013,1340922,C,2013-02-12,10,New Dwelling - permit
1296630010014,1359661,C,2013-06-19,10,New Dwelling - permit
1296630010014,1905009,C,2022-11-17,07,Extra Features (OB&Y)
1296630020001,1162943,C,2008-10-01,10,New Dwelling - permit
1296630020001,1496354,C,2016-06-09,11,Additions or Remodeling
1296630020002,1,C,2014-07-14,10,New Dwelling - permit
1296630020003,1386733,C,2014-01-22,10,New Dwelling - permit
1296630020004,1231879,C,2010-05-13,10,New Dwelling - permit
1296630020005,1398400,C,2014-04-14,10,New Dwelling - permit
1296630020006,1340500,C,2013-02-01,10,New Dwelling - permit
1296630020007,1331145,C,2012-11-19,10,New Dwelling - permit
1296630020008,1388543,C,2014-02-27,10,New Dwelling - permit
1296630020009,1276335,C,2011-07-15,10,New Dwelling - permit
1296630020010,1147772,C,2008-01-17,10,New Dwelling - permit
1296630020011,1365518,C,2013-08-29,10,New Dwelling - permit
1296630020012,1359917,C,2013-06-25,10,New Dwelling - permit
1296630020013,1386767,C,2014-01-17,10,New Dwelling - permit
1296630020014,1344970,C,2013-03-20,10,New Dwelling - permit
1296630020015,1365519,C,2013-08-29,10,New Dwelling - permit
1296630020016,1147770,C,2008-01-17,10,New Dwelling - permit
1296630020017,1173986,C,2008-12-19,10,New Dwelling - permit
1296630020018,1370674,C,2013-09-03,10,New Dwelling - permit
1296630020019,1152801,C,2008-04-23,10,New Dwelling - permit
1296630020020,1152803,C,2008-04-23,10,New Dwelling - permit
1296630020021,1393973,C,2014-03-12,10,New Dwelling - permit
1296630020021,2003709,C,2024-10-02,07,Extra Features (OB&Y)
1296630020022,1341152,C,2013-02-15,10,New Dwelling - permit
1296630020023,1152426,C,2008-04-18,10,New Dwelling - permit
1296630020024,1147771,C,2008-01-17,10,New Dwelling - permit
1296630020025,1153675,C,2008-05-09,10,New Dwelling - permit
1296630020026,1398727,C,2014-04-21,10,New Dwelling - permit
1296630020026,1649377,C,2018-02-28,07,Extra Features (OB&Y)
1296630020027,1147768,C,2008-01-17,10,New Dwelling - permit
1296630020028,1360412,C,2013-07-05,10,New Dwelling - permit
1296630020028,1461052,C,2015-10-01,07,Extra Features (OB&Y)
1296630020029,1382469,C,2013-12-17,10,New Dwelling - permit
1296630020030,1178550,C,2009-02-27,10,New Dwelling - permit
1296630020031,1180865,C,2009-05-05,10,New Dwelling - permit
1296630020032,1393697,C,2014-03-06,10,New Dwelling - permit
1296630020032,1490710,C,2016-03-04,11,Additions or Remodeling
1296630030001,1265831,C,2011-04-18,10,New Dwelling - permit
1296630030002,1370902,C,2013-09-09,10,New Dwelling - permit
1296630030003,1359504,C,2013-06-14,10,New Dwelling - permit
1296630030004,1404049,C,2014-06-04,10,New Dwelling - permit
1296630030005,1393698,C,2014-03-06,10,New Dwelling - permit
1296630030006,1402208,C,2014-05-01,10,New Dwelling - permit
1296630030007,1315336,C,2012-06-20,10,New Dwelling - permit
1296630030008,1375758,C,2013-11-04,10,New Dwelling - permit
1296630030009,1388148,C,2014-02-19,10,New Dwelling - permit
1296630030010,1402213,C,2014-05-01,10,New Dwelling - permit
1296630030011,1404132,C,2014-06-05,10,New Dwelling - permit
1296630030012,1410667,C,2014-07-02,10,New Dwelling - permit
1296630030013,1404666,C,2014-06-17,10,New Dwelling - permit
1296630030014,1411827,C,2014-07-28,10,New Dwelling - permit
1296630030015,1399091,C,2014-04-25,10,New Dwelling - permit
1296630030016,1359503,C,2013-06-14,10,New Dwelling - permit
1296630030017,1370860,C,2013-09-06,10,New Dwelling - permit
1296630030018,1412155,C,2014-08-05,10,New Dwelling - permit
1296630030018,1929902,C,2023-05-30,11,Additions or Remodeling
1296630030019,1412156,C,2014-08-05,10,New Dwelling - permit
1296630030020,1412425,C,2014-08-11,10,New Dwelling - permit
1296630040001,1339368,C,2013-01-08,10,New Dwelling - permit
1296630040002,1412160,C,2014-08-05,10,New Dwelling - permit
1296630040003,1178548,C,2009-02-27,10,New Dwelling - permit
1296630050001,1316330,C,2012-07-13,10,New Dwelling - permit
1296630050001,1503377,C,2016-08-01,07,Extra Features (OB&Y)
1296630050002,1351909,C,2013-04-26,10,New Dwelling - permit
1296630050003,1387613,C,2014-02-07,10,New Dwelling - permit
1296630050003,1840854,C,2021-08-05,07,Extra Features (OB&Y)
1296630050004,1387612,C,2014-02-07,10,New Dwelling - permit
1296630050005,1371563,C,2013-09-26,10,New Dwelling - permit
1296630050005,1524190,C,2017-01-05,07,Extra Features (OB&Y)
1296630050006,1344606,C,2013-03-13,10,New Dwelling - permit
1296630050007,1344605,C,2013-03-13,10,New Dwelling - permit
1296630050008,1339371,C,2013-01-08,10,New Dwelling - permit
1296630050009,1339372,C,2013-01-08,10,New Dwelling - permit
1296630050009,1534638,C,2017-04-26,07,Extra Features (OB&Y)
1296630050010,1351124,C,2013-04-11,10,New Dwelling - permit
1296640010001,1232274,C,2010-05-21,10,New Dwelling - permit
1296640010002,1210115,C,2009-11-13,10,New Dwelling - permit
1296640010003,1232273,C,2010-05-21,10,New Dwelling - permit
1296640010004,1275919,C,2011-07-06,10,New Dwelling - permit
1296640010005,1232275,C,2010-05-21,10,New Dwelling - permit
1296640010006,1258822,C,2011-02-01,10,New Dwelling - permit
1296640010007,1,C,2011-06-01,09,New Dwelling - no permit
1296640010007,1238811,C,2010-07-21,10,New Dwelling - permit
1296640010008,1201506,C,2009-09-22,10,New Dwelling - permit
1296640010009,1162997,C,2008-10-06,10,New Dwelling - permit
1296640010010,1183266,C,2009-06-25,10,New Dwelling - permit
1296640010011,1224082,C,2010-03-05,10,New Dwelling - permit
1296640010012,1153144,C,2008-04-30,10,New Dwelling - permit
1296640010013,1232075,C,2010-05-18,10,New Dwelling - permit
1296640010014,1147237,C,2008-01-02,10,New Dwelling - permit
1296640010015,1162996,C,2008-10-06,10,New Dwelling - permit
1296640010016,1149251,C,2008-02-21,10,New Dwelling - permit
1296640010017,1184808,C,2009-07-29,10,New Dwelling - permit
1296640010017,1783122,C,2020-07-30,07,Extra Features (OB&Y)
1296640010018,1181741,C,2009-05-22,10,New Dwelling - permit
1296640010019,1,C,1899-12-30,09,New Dwelling - no permit
1296640010020,1259551,C,2011-02-23,10,New Dwelling - permit
1296640010021,1159969,C,2008-09-04,10,New Dwelling - permit
1296640010022,1258571,C,2011-01-24,10,New Dwelling - permit
1296640010023,1184633,C,2009-07-24,10,New Dwelling - permit
1296640010024,1284554,C,2011-09-07,10,New Dwelling - permit
1296640010025,1232053,C,2010-05-18,10,New Dwelling - permit
1296640010026,1148694,C,2008-02-06,10,New Dwelling - permit
1296640010027,1129570,C,2007-11-06,10,New Dwelling - permit
1296640010028,1184807,C,2009-07-29,10,New Dwelling - permit
1296640010029,1183030,C,2009-06-23,10,New Dwelling - permit
1296640010030,1238712,C,2010-07-19,10,New Dwelling - permit
1296640010031,1129515,C,2007-09-18,10,New Dwelling - permit
1296640010032,1278943,C,2011-08-02,10,New Dwelling - permit
1296640010033,1210116,C,2009-11-13,10,New Dwelling - permit
1296640010034,1160248,C,2008-09-11,10,New Dwelling - permit
1296640020001,1178772,C,2009-03-09,10,New Dwelling - permit
1296640020002,1224080,C,2010-03-05,10,New Dwelling - permit
1296640020003,1129508,C,2007-08-28,10,New Dwelling - permit
1296640020004,1232074,C,2010-05-18,10,New Dwelling - permit
1296640020005,1232076,C,2010-05-18,10,New Dwelling - permit
1296640020006,1129509,C,2007-08-28,10,New Dwelling - permit
1296640020006,1364626,C,2013-08-08,07,Extra Features (OB&Y)
1296640020007,1129510,C,2007-08-28,10,New Dwelling - permit
1296640020007,1655490,C,2018-04-23,11,Additions or Remodeling
1296640020008,1182167,C,2009-06-02,10,New Dwelling - permit
1296640020010,1173762,C,2008-12-11,10,New Dwelling - permit
1296640020011,1183327,C,2009-06-26,10,New Dwelling - permit
1296650010001,1271610,C,2011-05-16,10,New Dwelling - permit
1296650010002,1376463,C,2013-11-26,10,New Dwelling - permit
1296650010003,1325445,C,2012-09-05,10,New Dwelling - permit
1296650010004,1233740,C,2010-06-23,10,New Dwelling - permit
1296650010005,1,C,2013-10-10,10,New Dwelling - permit
1296650010006,1382069,C,2013-12-05,10,New Dwelling - permit
1296650010007,1359725,C,2013-06-20,10,New Dwelling - permit
1296650010008,1365244,C,2013-08-22,10,New Dwelling - permit
1296650010009,1365245,C,2013-08-22,10,New Dwelling - permit
1296650010010,1451002,C,2015-07-22,10,New Dwelling - permit
1296650010011,1431804,C,2015-03-19,10,New Dwelling - permit
1296650010011,1541480,C,2017-06-28,11,Additions or Remodeling
1296650010012,1386158,C,2014-01-08,10,New Dwelling - permit
1296650010013,1386161,C,2014-01-08,10,New Dwelling - permit
1296650010014,1376092,C,2013-11-14,10,New Dwelling - permit
1296650010015,1325828,C,2012-09-14,10,New Dwelling - permit
1296650010015,1355532,C,2013-05-13,10,New Dwelling - permit
1296650010016,1179178,C,2009-03-19,10,New Dwelling - permit
1296650010017,1300799,C,2012-03-06,10,New Dwelling - permit
1296650010018,1334304,C,2012-12-13,10,New Dwelling - permit
1296650010019,1359683,C,2013-06-19,10,New Dwelling - permit
1296650010020,1327248,C,2012-10-11,10,New Dwelling - permit
1296650010021,1323014,C,2012-08-24,10,New Dwelling - permit
1296650010022,1321853,C,2012-08-01,10,New Dwelling - permit
1296650010023,1327834,C,2012-10-29,10,New Dwelling - permit
1296650010024,1426188,C,2014-12-30,10,New Dwelling - permit
1296650010025,1410956,C,2014-07-09,10,New Dwelling - permit
1296650010026,1173268,C,2008-12-01,10,New Dwelling - permit
1296650010027,1393968,C,2014-03-12,10,New Dwelling - permit
1296650010028,1372270,C,2013-10-15,10,New Dwelling - permit
1296650010029,1451179,C,2015-07-27,10,New Dwelling - permit
1296650010030,1372693,C,2013-10-25,10,New Dwelling - permit
1296650010031,1393969,C,2014-03-12,10,New Dwelling - permit
1296650010031,1430410,C,2015-02-06,10,New Dwelling - permit
1296650010032,1430407,C,2015-02-06,10,New Dwelling - permit
1296650010033,1279723,C,2011-08-22,10,New Dwelling - permit
1296650010033,1870345,C,2022-03-03,07,Extra Features (OB&Y)
1296650010034,1293881,C,2011-12-20,10,New Dwelling - permit
1296650010035,1376093,C,2013-11-14,10,New Dwelling - permit
1296650010036,1285741,C,2011-10-10,10,New Dwelling - permit
1296650010036,1500461,C,2016-07-12,11,Additions or Remodeling
1296650010037,1410665,C,2014-07-02,10,New Dwelling - permit
1296650010038,1412433,C,2014-08-12,10,New Dwelling - permit
1296650010039,1304713,C,2012-04-10,10,New Dwelling - permit
1296650010040,1310955,C,2012-05-08,10,New Dwelling - permit
1296650010041,1294442,C,2012-01-04,10,New Dwelling - permit
1296650010041,1325861,C,2012-09-14,07,Extra Features (OB&Y)
1296650010042,1415646,C,2014-09-11,10,New Dwelling - permit
1296650010043,1279319,C,2011-08-10,10,New Dwelling - permit
1296650010044,1,C,2014-07-16,10,New Dwelling - permit
1296650010044,1442998,C,2015-05-06,10,New Dwelling - permit
1296650010045,1426113,C,2014-12-23,10,New Dwelling - permit
1296650010046,1430408,C,2015-02-06,10,New Dwelling - permit
1296650010047,1388151,C,2014-02-19,10,New Dwelling - permit
1296650010048,1429569,C,2015-01-15,10,New Dwelling - permit
1296650010049,1286368,C,2011-10-27,10,New Dwelling - permit
1296650010050,1279722,C,2011-08-22,10,New Dwelling - permit
1296650010051,1451177,C,2015-07-27,10,New Dwelling - permit
1296650010052,1429341,C,2015-01-07,10,New Dwelling - permit
1296650010053,1371571,C,2013-09-26,10,New Dwelling - permit
1296650010054,1323060,C,2012-08-27,10,New Dwelling - permit
1296650010055,1376094,C,2013-11-14,10,New Dwelling - permit
1296650010056,1451178,C,2015-07-27,10,New Dwelling - permit
1296650010057,1387690,C,2014-02-10,10,New Dwelling - permit
1296650010058,1284973,C,2011-09-19,10,New Dwelling - permit
1296650010059,1279721,C,2011-08-22,10,New Dwelling - permit
1296650010060,1,C,1899-12-30,09,New Dwelling - no permit
1296650010060,1364591,C,2013-08-08,10,New Dwelling - permit
1296650010061,1415265,C,2014-09-03,10,New Dwelling - permit
1296650010062,1359723,C,2013-06-20,10,New Dwelling - permit
1296650010063,1359728,C,2013-06-20,10,New Dwelling - permit
1296650010064,1327228,C,2012-10-11,10,New Dwelling - permit
1296650010065,1365573,C,2013-08-30,10,New Dwelling - permit
1296650010066,1364592,C,2013-08-08,10,New Dwelling - permit
1296650010067,1326740,C,2012-09-28,10,New Dwelling - permit
1296650010067,1351645,C,2013-04-22,10,New Dwelling - permit
1296650010068,1259536,C,2011-02-23,10,New Dwelling - permit
1296650010069,1210114,C,2009-11-13,10,New Dwelling - permit
1296650010070,1259185,C,2011-02-14,10,New Dwelling - permit
1296650010071,1321854,C,2012-08-01,10,New Dwelling - permit
1296650010072,1364415,C,2013-08-02,10,New Dwelling - permit
1296650010073,1430997,C,2015-02-24,10,New Dwelling - permit
1296650010074,1258821,C,2011-02-01,10,New Dwelling - permit
1296650010075,1297613,C,2012-02-09,10,New Dwelling - permit
1296650010076,1286205,C,2011-10-21,10,New Dwelling - permit
1296650010077,1253129,C,2010-12-21,10,New Dwelling - permit
1296650010078,1272600,C,2011-06-09,10,New Dwelling - permit
1296650010079,1325440,C,2012-09-05,10,New Dwelling - permit
1296650010080,1316377,C,2012-07-13,10,New Dwelling - permit
1296650010081,1322327,C,2012-08-10,10,New Dwelling - permit
1296650020001,1301950,C,2012-03-30,10,New Dwelling - permit
1296650020002,1327374,C,2012-10-16,10,New Dwelling - permit
1296650020003,1322030,C,2012-08-06,10,New Dwelling - permit
1296650020004,1321855,C,2012-08-01,10,New Dwelling - permit
1296650020005,1300804,C,2012-03-06,10,New Dwelling - permit
1296650020005,1351296,C,2013-04-15,10,New Dwelling - permit
1296650020006,1187742,C,2009-08-25,10,New Dwelling - permit
1296650020007,1238812,C,2010-07-21,10,New Dwelling - permit
1296650020008,1226606,C,2010-04-29,10,New Dwelling - permit
1296650030001,1425483,C,2014-12-04,10,New Dwelling - permit
1296650030002,1297612,C,2012-02-09,10,New Dwelling - permit
1296650030003,1447286,C,2015-06-30,10,New Dwelling - permit
1296650030004,1314992,C,2012-06-12,10,New Dwelling - permit
1296650030005,1316289,C,2012-07-12,10,New Dwelling - permit
1296650030006,1325491,C,2012-09-06,10,New Dwelling - permit
1296650030007,1360020,C,2013-06-27,10,New Dwelling - permit
1296650030008,1398848,C,2014-04-23,10,New Dwelling - permit
1296650030009,1300798,C,2012-03-06,10,New Dwelling - permit
1296650030009,1370985,C,2013-09-11,10,New Dwelling - permit
1296650030010,1301403,C,2012-03-19,10,New Dwelling - permit
1296650030011,1178470,C,2009-02-25,10,New Dwelling - permit
1296650030012,1239437,C,2010-08-09,10,New Dwelling - permit
1296650030012,1821596,C,2021-04-28,07,Extra Features (OB&Y)
1296650030013,1322466,C,2012-08-15,10,New Dwelling - permit
1296650030013,1344684,C,2013-03-14,10,New Dwelling - permit
1296650030013,1861963,C,2022-01-24,07,Extra Features (OB&Y)
1296650030014,1285991,C,2011-10-17,10,New Dwelling - permit
1296650030015,1323059,C,2012-08-27,10,New Dwelling - permit
1296650030016,1163848,C,2008-10-28,10,New Dwelling - permit
1296650030016,1232049,C,2010-05-18,10,New Dwelling - permit
1296650030017,1226658,C,2010-04-30,10,New Dwelling - permit
1296650030018,1279317,C,2011-08-10,10,New Dwelling - permit
1296650030019,1376127,C,2013-11-15,10,New Dwelling - permit
1296650030020,1341589,C,2013-02-26,10,New Dwelling - permit
1296650030021,1365185,C,2013-08-21,10,New Dwelling - permit
1296650030022,1360672,C,2013-07-12,10,New Dwelling - permit
1296650030023,1372576,C,2013-10-22,10,New Dwelling - permit
1296650030024,1276135,C,2011-07-11,10,New Dwelling - permit
1296650030024,1371584,C,2013-09-26,10,New Dwelling - permit
1296650030025,1404477,C,2014-06-13,10,New Dwelling - permit
1296650030026,1327923,C,2012-10-31,10,New Dwelling - permit
1296660010001,1352049,C,2013-04-30,10,New Dwelling - permit
1296660010002,1316610,C,2012-07-19,10,New Dwelling - permit
1296660010003,1398160,C,2014-04-09,10,New Dwelling - permit
1296660010004,1327926,C,2012-10-31,10,New Dwelling - permit
1296660010005,1375931,C,2013-11-11,10,New Dwelling - permit
1296660010005,1419892,C,2014-10-31,11,Additions or Remodeling
1296660010006,1398171,C,2014-04-10,10,New Dwelling - permit
1296660010007,1386104,C,2014-01-03,10,New Dwelling - permit
1296660010008,1387811,C,2014-02-11,10,New Dwelling - permit
1296660010009,1376125,C,2013-11-15,10,New Dwelling - permit
1296660010009,1426024,C,2014-12-22,10,New Dwelling - permit
1296660010010,1372132,C,2013-10-10,10,New Dwelling - permit
1296660010011,1372271,C,2013-10-15,10,New Dwelling - permit
1296660010012,1425480,C,2014-12-04,10,New Dwelling - permit
1296660010012,2035800,C,2025-06-02,11,Additions or Remodeling
1296660020001,1154385,C,2008-05-21,10,New Dwelling - permit
1296660020002,1300665,C,2012-03-02,10,New Dwelling - permit
1296660020003,1387638,C,2014-02-07,10,New Dwelling - permit
1296660020004,1398170,C,2014-04-10,10,New Dwelling - permit
1296660020005,1394389,C,2014-03-20,10,New Dwelling - permit
1296660020006,1355619,C,2013-05-14,10,New Dwelling - permit
1296660030001,1129565,C,2007-10-16,10,New Dwelling - permit
1296660030002,1878847,C,2022-05-12,10,New Dwelling - permit
1296660030003,1387215,C,2014-01-30,10,New Dwelling - permit
1296660030004,1376439,C,2013-11-26,10,New Dwelling - permit
1296660040001,1,C,2012-02-20,09,New Dwelling - no permit
1296660040002,1263988,C,2011-03-01,10,New Dwelling - permit
1296660040003,1276000,C,2011-07-07,10,New Dwelling - permit
1296660040004,1211580,C,2009-12-29,09,New Dwelling - no permit
1296660040005,1225699,C,2010-04-09,10,New Dwelling - permit
1296660040006,1280010,C,2011-08-29,10,New Dwelling - permit
1296660040007,1273413,C,2011-06-29,10,New Dwelling - permit
1296660040008,1284668,C,2011-09-08,10,New Dwelling - permit
1296680010001,1386103,C,2014-01-03,10,New Dwelling - permit
1296680010002,1376016,C,2013-11-13,10,New Dwelling - permit
1296680020001,1351377,C,2013-04-16,10,New Dwelling - permit
1296680020002,1351020,C,2013-04-09,10,New Dwelling - permit
1296680020003,1360966,C,2013-07-18,10,New Dwelling - permit
1296680020004,1327501,C,2012-10-18,10,New Dwelling - permit
1296680020005,1201595,C,2009-09-23,10,New Dwelling - permit
1296680020005,1500587,C,2016-07-14,11,Additions or Remodeling
1296680020006,1272941,C,2011-06-16,10,New Dwelling - permit
1296680030001,1182079,C,2009-06-01,10,New Dwelling - permit
1296680030002,1344104,C,2013-03-04,10,New Dwelling - permit
1296680030003,1387217,C,2014-01-30,10,New Dwelling - permit
1296680030004,1398182,C,2014-04-10,10,New Dwelling - permit
1296680030005,1394160,C,2014-03-14,10,New Dwelling - permit
1296680030006,1360969,C,2013-07-18,10,New Dwelling - permit
1296680030007,1365151,C,2013-08-20,10,New Dwelling - permit
1296680030008,1284443,C,2011-09-01,10,New Dwelling - permit
1296680030009,1239065,C,2010-07-29,10,New Dwelling - permit
1296680040001,1129568,C,2007-10-26,10,New Dwelling - permit
1296680040002,1154184,C,2008-05-19,10,New Dwelling - permit
1296680040003,1210044,C,2009-11-12,10,New Dwelling - permit
1296680040003,1759398,C,2020-01-10,12,Repairs (Foundation / GM)
1296680040004,1129511,C,2007-09-13,10,New Dwelling - permit
1296680040005,1129531,C,2007-09-25,10,New Dwelling - permit
1296680040005,1980990,C,2024-05-13,07,Extra Features (OB&Y)
1296680040006,1210043,C,2009-11-12,10,New Dwelling - permit
1296680040007,1210195,C,2009-11-16,10,New Dwelling - permit
1296680040008,1345182,C,2013-03-25,10,New Dwelling - permit
1296680040009,1365141,C,2013-08-20,10,New Dwelling - permit
1296680040010,1351373,C,2013-04-16,10,New Dwelling - permit
1296680040011,1386944,C,2014-01-24,10,New Dwelling - permit
1296680040012,1344106,C,2013-03-04,10,New Dwelling - permit
1296680040013,1410666,C,2014-07-02,10,New Dwelling - permit
1296680040014,1345048,C,2013-03-21,10,New Dwelling - permit
1296680040015,1430041,C,2015-01-29,10,New Dwelling - permit
1296680040016,1429925,C,2015-01-27,10,New Dwelling - permit
1296680040017,1159632,C,2008-08-26,10,New Dwelling - permit
1296680050001,1286126,C,2011-10-20,10,New Dwelling - permit
1296680050001,1327091,C,2012-10-09,10,New Dwelling - permit
1296680050002,1350802,C,2013-04-04,10,New Dwelling - permit
1296680050003,1226281,C,2010-04-22,10,New Dwelling - permit
1296680050004,1371669,C,2013-09-27,10,New Dwelling - permit
1296680050005,1,C,2013-02-26,07,Extra Features (OB&Y)
1296680050005,1311140,C,2012-05-10,10,New Dwelling - permit
1296680050006,1386732,C,2014-01-22,10,New Dwelling - permit
1296680050007,1360968,C,2013-07-18,10,New Dwelling - permit
1296680050008,1388388,C,2014-02-24,10,New Dwelling - permit
1296680050009,1356158,C,2013-05-29,10,New Dwelling - permit
1296680050010,1355337,C,2013-05-09,10,New Dwelling - permit
1296680050011,1158152,C,2008-07-24,10,New Dwelling - permit
1296680050011,2011094,C,2024-12-12,07,Extra Features (OB&Y)
1296680050012,1232309,C,2010-05-24,10,New Dwelling - permit
1296680050013,1223232,C,2010-02-16,10,New Dwelling - permit
1296680050014,1311372,C,2012-05-16,10,New Dwelling - permit
1296680050015,1376135,C,2013-11-15,10,New Dwelling - permit
1296680050016,1386160,C,2014-01-08,10,New Dwelling - permit
1296680050017,1344108,C,2013-03-04,10,New Dwelling - permit
1296680050018,1355336,C,2013-05-09,10,New Dwelling - permit
1296680050019,1352052,C,2013-04-30,10,New Dwelling - permit
1296680050020,1322750,C,2012-08-21,10,New Dwelling - permit
1296680050021,1411290,C,2014-07-16,10,New Dwelling - permit
1296680050022,1398185,C,2014-04-10,10,New Dwelling - permit
1296680050022,1425482,C,2014-12-04,10,New Dwelling - permit
1296680050023,1350891,C,2013-04-05,10,New Dwelling - permit
1296680050024,1359513,C,2013-06-14,10,New Dwelling - permit
1296680050025,1322584,C,2012-08-16,10,New Dwelling - permit
1296680050026,1322583,C,2012-08-16,10,New Dwelling - permit
1296680050027,1325852,C,2012-09-14,10,New Dwelling - permit
1296680050028,1322751,C,2012-08-21,10,New Dwelling - permit
1296680050029,1386159,C,2014-01-08,10,New Dwelling - permit
1296680050030,1410664,C,2014-07-02,10,New Dwelling - permit
1296680050031,1239390,C,2010-08-06,10,New Dwelling - permit
1296680050032,1393658,C,2014-03-05,10,New Dwelling - permit
1296680050033,1359948,C,2013-06-25,10,New Dwelling - permit
1296680050034,1412956,C,2014-08-22,10,New Dwelling - permit
1296680050035,1371078,C,2013-09-13,10,New Dwelling - permit
1296680050036,1382316,C,2013-12-12,10,New Dwelling - permit
1296680050037,1394153,C,2014-03-14,10,New Dwelling - permit
1296680050038,1350890,C,2013-04-05,10,New Dwelling - permit
1296680050038,1404145,C,2014-06-05,10,New Dwelling - permit
1296680050039,1359192,C,2013-06-07,10,New Dwelling - permit
1296680050040,1386106,C,2014-01-03,10,New Dwelling - permit
1296680050041,1397847,C,2014-04-03,10,New Dwelling - permit
1296680050042,1387637,C,2014-02-07,10,New Dwelling - permit
1296680050043,1371079,C,2013-09-13,10,New Dwelling - permit
1296680050044,1350602,C,2013-04-01,10,New Dwelling - permit
1296680050045,1224383,C,2010-03-11,10,New Dwelling - permit
1296680050046,1224381,C,2010-03-11,10,New Dwelling - permit
1296680050047,1224385,C,2010-03-11,10,New Dwelling - permit
1296680050048,1224384,C,2010-03-11,10,New Dwelling - permit
1296680050049,1210133,C,2009-11-13,10,New Dwelling - permit
1296680050050,1159172,C,2008-08-15,10,New Dwelling - permit
1296680050051,1129556,C,2007-10-02,10,New Dwelling - permit
1296680050052,1187230,C,2009-08-13,10,New Dwelling - permit
1296680050053,1153798,C,2008-05-12,10,New Dwelling - permit
1296680050054,1285023,C,2011-09-20,10,New Dwelling - permit
1296680050055,1285022,C,2011-09-20,10,New Dwelling - permit
1296680050056,1264074,C,2011-03-03,10,New Dwelling - permit
1296680050057,1276033,C,2011-07-07,10,New Dwelling - permit
1296680050058,1314607,C,2012-06-04,10,New Dwelling - permit
1296680050059,1423126,C,2014-11-24,10,New Dwelling - permit
1296680050060,1404478,C,2014-06-13,10,New Dwelling - permit
1296680050061,1360567,C,2013-07-10,10,New Dwelling - permit
1296680050062,1387641,C,2014-02-07,10,New Dwelling - permit
1296680050063,1314608,C,2012-06-04,10,New Dwelling - permit
1296680050064,1159042,C,2008-08-12,10,New Dwelling - permit
1296680050065,1129559,C,2007-10-04,10,New Dwelling - permit
1296680050065,1187174,C,2009-08-12,10,New Dwelling - permit
1296680050066,1129562,C,2007-10-10,10,New Dwelling - permit
1296680050067,1129558,C,2007-10-04,10,New Dwelling - permit
1296680050068,1129563,C,2007-10-10,10,New Dwelling - permit
1296680050068,1508639,C,2016-09-25,11,Additions or Remodeling
1296680050069,1129557,C,2007-10-04,10,New Dwelling - permit
1296680050070,1226130,C,2010-04-20,10,New Dwelling - permit
1296680050071,1242163,C,2010-09-01,10,New Dwelling - permit
1296680050072,1242164,C,2010-09-01,10,New Dwelling - permit
1296680050073,1371460,C,2013-09-24,10,New Dwelling - permit
1296680070001,1,C,2012-05-30,07,Extra Features (OB&Y)
1296680070001,1129572,C,2007-11-14,10,New Dwelling - permit
1296680070002,1,C,2010-02-25,09,New Dwelling - no permit
1296680070002,1655492,C,2018-04-26,07,Extra Features (OB&Y)
1296680070003,1238224,C,2010-07-06,10,New Dwelling - permit
1296680070003,1720083,C,2019-05-29,11,Additions or Remodeling
1296680070004,1160270,C,2008-09-11,10,New Dwelling - permit
1296680070005,1,C,2010-04-30,09,New Dwelling - no permit
1296680070006,1222478,C,2010-01-27,10,New Dwelling - permit
1296680070007,1402539,C,2014-05-07,10,New Dwelling - permit
1296680070008,1415817,C,2014-09-15,10,New Dwelling - permit
1296680070009,1419803,C,2014-10-29,10,New Dwelling - permit
1296680070010,1410659,C,2014-07-02,10,New Dwelling - permit
1296680070011,1361148,C,2013-07-23,10,New Dwelling - permit
1296680070012,1382416,C,2013-12-16,10,New Dwelling - permit
1296680070013,1386945,C,2014-01-24,10,New Dwelling - permit
1296680070014,1388156,C,2014-02-19,10,New Dwelling - permit
1296680070015,1429342,C,2015-01-07,10,New Dwelling - permit
1296680070016,1238351,C,2010-07-08,10,New Dwelling - permit
1296680070017,1129571,C,2007-11-14,10,New Dwelling - permit
1296680070018,1155953,C,2008-06-19,10,New Dwelling - permit
1296680070019,1224726,C,2010-03-18,10,New Dwelling - permit
1296680070020,1225442,C,2010-04-06,10,New Dwelling - permit
1296680070021,1155069,C,2008-06-04,10,New Dwelling - permit
1296680070022,1331313,C,2012-11-26,10,New Dwelling - permit
1296680070023,1279520,C,2011-08-16,10,New Dwelling - permit
1296680070024,1279521,C,2011-08-16,10,New Dwelling - permit
1296680070025,1275999,C,2011-07-07,10,New Dwelling - permit
1296680070026,1272060,C,2011-05-27,10,New Dwelling - permit
1296680070027,1231805,C,2010-05-12,10,New Dwelling - permit
1296680070028,1225759,C,2010-04-13,10,New Dwelling - permit
1296680070029,1351013,C,2013-04-09,10,New Dwelling - permit
1296680070029,1415264,C,2014-09-03,10,New Dwelling - permit
1296680070030,1355177,C,2013-05-07,10,New Dwelling - permit
1296680070031,1344105,C,2013-03-04,10,New Dwelling - permit
1296680070032,1352054,C,2013-04-30,10,New Dwelling - permit
1296680070032,1398165,C,2014-04-10,10,New Dwelling - permit
1296680070033,1388279,C,2014-02-21,10,New Dwelling - permit
1296680070034,1344111,C,2013-03-04,10,New Dwelling - permit
1296680070035,1376126,C,2013-11-15,10,New Dwelling - permit
1296680070036,1404468,C,2014-06-13,10,New Dwelling - permit
1296680070037,1258129,C,2011-01-07,10,New Dwelling - permit
1296680070038,1,C,2019-09-09,12,Repairs (Foundation / GM)
1296680070038,1311139,C,2012-05-10,10,New Dwelling - permit
1296680070039,1412957,C,2014-08-22,10,New Dwelling - permit
1296680070040,1397738,C,2014-04-02,10,New Dwelling - permit
1296680070041,1157200,C,2008-07-07,10,New Dwelling - permit
1296680070042,1154386,C,2008-05-21,10,New Dwelling - permit
1296680070043,1222821,C,2010-02-04,10,New Dwelling - permit
1296680070044,1222820,C,2010-02-04,10,New Dwelling - permit
1296680070044,1370921,C,2013-09-10,10,New Dwelling - permit
1296680070045,1370922,C,2013-09-10,10,New Dwelling - permit
1296680070046,1276385,C,2011-07-19,10,New Dwelling - permit
1296680070047,1224136,C,2010-03-09,10,New Dwelling - permit
1296820010001,1211035,C,2009-12-10,31,"Addtns, Remodels, Lease Space"
1296820010001,1222519,C,2010-01-28,31,"Addtns, Remodels, Lease Space"
1296820010001,1245605,C,2010-10-19,31,"Addtns, Remodels, Lease Space"
1296820010001,1265829,C,2011-04-18,31,"Addtns, Remodels, Lease Space"
1296820010001,1265884,C,2011-04-19,31,"Addtns, Remodels, Lease Space"
1296820010001,1272199,C,2011-06-01,31,"Addtns, Remodels, Lease Space"
1296820010001,1275780,C,2011-07-01,31,"Addtns, Remodels, Lease Space"
1296820010001,1275781,C,2011-07-01,31,"Addtns, Remodels, Lease Space"
1296820010001,1293339,C,2011-12-02,31,"Addtns, Remodels, Lease Space"
1296820010001,1305214,C,2012-04-19,31,"Addtns, Remodels, Lease Space"
1353730010001,1431959,C,2014-12-05,10,New Dwelling - permit
1353730010002,1431960,C,2014-12-05,10,New Dwelling - permit
1353730010003,1431961,C,2014-12-05,10,New Dwelling - permit
1353730010004,1456487,C,2015-03-04,10,New Dwelling - permit
1353730010005,1456486,C,2015-03-04,10,New Dwelling - permit
1353730010006,1,C,2016-01-12,09,New Dwelling - no permit
1353730020001,1,C,1899-12-30,09,New Dwelling - no permit
1353730020002,1,C,1899-12-30,09,New Dwelling - no permit
1353730020003,1,C,1899-12-30,09,New Dwelling - no permit
1353730020004,1456485,C,2015-03-04,10,New Dwelling - permit
1353730020005,1456799,C,2015-04-24,10,New Dwelling - permit
1353730020006,1456549,C,2015-03-25,10,New Dwelling - permit
1353730020007,1,C,1899-12-30,09,New Dwelling - no permit
1353730020008,1456484,C,2015-03-04,10,New Dwelling - permit
1353730020009,1,C,1899-12-30,09,New Dwelling - no permit
1353730020010,1431607,C,2014-07-17,10,New Dwelling - permit
1353730020011,1431608,C,2014-07-17,10,New Dwelling - permit
1353730020012,1431609,C,2014-07-17,10,New Dwelling - permit
1353730020013,1431610,C,2014-07-17,10,New Dwelling - permit
1353730020014,1431611,C,2014-07-17,10,New Dwelling - permit
1353730020015,1431612,C,2014-07-17,10,New Dwelling - permit
1353730020016,1456800,C,2015-04-24,10,New Dwelling - permit
1353730030001,1456483,C,2015-03-04,10,New Dwelling - permit
1353730030002,1456548,C,2015-03-25,10,New Dwelling - permit
1353730030003,1456546,C,2015-03-25,10,New Dwelling - permit
1353730030004,1456807,C,2015-04-24,10,New Dwelling - permit
1353730030005,1456545,C,2015-03-25,10,New Dwelling - permit
1353730030006,1456808,C,2015-04-24,10,New Dwelling - permit
1353730030007,1,C,1899-12-30,09,New Dwelling - no permit
1353730030008,1456482,C,2015-03-04,10,New Dwelling - permit
1353730030009,1456883,C,2015-04-24,10,New Dwelling - permit
1353730030010,1456543,C,2015-03-25,10,New Dwelling - permit
1353730030011,1,C,2015-05-29,10,New Dwelling - permit
1353730030011,1887893,C,2022-07-22,07,Extra Features (OB&Y)
1353730030012,1431962,C,2014-12-05,10,New Dwelling - permit
1353730030013,1,C,2015-05-29,10,New Dwelling - permit
1353730030014,1456481,C,2015-03-04,10,New Dwelling - permit
1353730030015,3,C,1899-12-30,07,Extra Features (OB&Y)
1353730030015,1456809,C,2015-04-24,10,New Dwelling - permit
1353730030016,1456542,C,2015-03-25,10,New Dwelling - permit
1353730030017,1,C,1899-12-30,09,New Dwelling - no permit
1353730030018,1456541,C,2015-03-25,10,New Dwelling - permit
1353730030019,1,C,1899-12-30,09,New Dwelling - no permit
1353730030020,1475908,C,2015-06-22,10,New Dwelling - permit
1353730030021,1456544,C,2015-03-25,10,New Dwelling - permit
1353730030022,1456884,C,2015-04-24,10,New Dwelling - permit
1353730030023,1456550,C,2015-03-25,10,New Dwelling - permit
1353730030024,1456480,C,2015-03-04,10,New Dwelling - permit
1353730030025,1475851,C,2015-05-29,10,New Dwelling - permit
1353730030026,1431941,C,2014-12-05,10,New Dwelling - permit
1353730040001,1,C,1899-12-30,09,New Dwelling - no permit
1353730040001,2,C,2020-06-24,12,Repairs (Foundation / GM)
1353730040002,1,C,1899-12-30,09,New Dwelling - no permit
1353730040003,1456801,C,2015-04-24,10,New Dwelling - permit
1353730040004,1456547,C,2015-03-25,10,New Dwelling - permit
1353730040005,1456490,C,2015-03-04,10,New Dwelling - permit
1353730040006,1456802,C,2015-04-24,10,New Dwelling - permit
1353730040007,1456803,C,2015-04-24,10,New Dwelling - permit
1353730040008,1456489,C,2015-03-04,10,New Dwelling - permit
1353730040009,1456804,C,2015-04-24,10,New Dwelling - permit
1353730040010,1456805,C,2015-04-24,10,New Dwelling - permit
1353730040011,1,C,1899-12-30,09,New Dwelling - no permit
1353730040012,1,C,1899-12-30,09,New Dwelling - no permit
1353730040013,1456806,C,2015-04-24,10,New Dwelling - permit
1353730040014,1456488,C,2015-03-04,10,New Dwelling - permit
1353730040015,1431952,C,2014-12-05,10,New Dwelling - permit
1353830010001,1465276,C,2015-10-27,10,New Dwelling - permit
1353830010002,1465233,C,2015-10-26,10,New Dwelling - permit
1353830010003,1,C,2015-09-15,10,New Dwelling - permit
1353830010004,1476174,C,2015-07-09,10,New Dwelling - permit
1353830010005,1456608,C,2015-03-12,10,New Dwelling - permit
1353830010006,1431918,C,2014-12-15,10,New Dwelling - permit
1353830010007,1476176,C,2015-07-09,10,New Dwelling - permit
1353830010008,1456855,C,2015-04-29,10,New Dwelling - permit
1353830010009,1456831,C,2015-04-09,10,New Dwelling - permit
1353830010009,1476169,C,2015-07-01,10,New Dwelling - permit
1353830010010,1456639,C,2015-03-18,10,New Dwelling - permit
1353830010011,1456832,C,2015-04-09,10,New Dwelling - permit
1353830010012,1456637,C,2015-03-18,10,New Dwelling - permit
1353830010013,1431860,C,2014-11-13,10,New Dwelling - permit
1353830010014,1431869,C,2014-11-17,10,New Dwelling - permit
1353830010015,1431868,C,2014-11-17,10,New Dwelling - permit
1353830010016,1431867,C,2014-11-17,10,New Dwelling - permit
1353830010017,1476199,C,2015-07-23,10,New Dwelling - permit
1353830010018,1,C,1899-12-30,09,New Dwelling - no permit
1353830010019,1,C,1899-12-30,09,New Dwelling - no permit
1353830010020,1475758,C,2015-06-26,10,New Dwelling - permit
1353830010021,1,C,2015-09-18,10,New Dwelling - permit
1353830010022,1,C,1899-12-30,09,New Dwelling - no permit
1353830010023,1456838,C,2015-04-15,10,New Dwelling - permit
1353830010024,1471914,C,2015-05-07,10,New Dwelling - permit
1353830010024,1471940,C,2015-05-29,10,New Dwelling - permit
1353830010025,1471939,C,2015-05-29,10,New Dwelling - permit
1353830010026,1471929,C,2015-05-20,10,New Dwelling - permit
1353830010027,1471938,C,2015-05-29,10,New Dwelling - permit
1353830010028,1475759,C,2015-06-26,10,New Dwelling - permit
1353830010029,1471930,C,2015-05-20,10,New Dwelling - permit
1353830010030,1471921,C,2015-05-14,10,New Dwelling - permit
1353830010031,1476175,C,2015-07-09,10,New Dwelling - permit
1353830010032,1468971,C,2015-11-24,10,New Dwelling - permit
1353830010033,1431783,C,2014-10-30,10,New Dwelling - permit
1353830010034,1472627,C,2015-12-16,10,New Dwelling - permit
1354030010001,1,C,2016-02-23,39,New Construction w/o Permit
1354030010001,2,C,2024-09-28,35,Fire Reports
1354030010003,2,C,2016-06-23,30,New Building
1354030010003,3,C,2016-06-23,30,New Building
1354030010004,2,C,2025-03-05,30,New Building
1368980010001,1,C,2015-07-22,31,"Addtns, Remodels, Lease Space"
1368980010001,3,C,2021-03-20,35,Fire Reports
1368980010001,1896033,C,2022-09-06,31,"Addtns, Remodels, Lease Space"
1368980010003,1,C,2015-07-22,31,"Addtns, Remodels, Lease Space"
1369060010001,1,C,2015-08-07,30,New Building
1369450010001,1,C,1899-12-30,09,New Dwelling - no permit
1369450010001,1534989,C,2017-04-04,10,New Dwelling - permit
1369450010002,1,C,1899-12-30,09,New Dwelling - no permit
1369450010002,1531587,C,2017-03-13,10,New Dwelling - permit
1369450010003,1,C,1899-12-30,09,New Dwelling - no permit
1369450010003,1541890,C,2017-06-07,10,New Dwelling - permit
1369450010004,1,C,1899-12-30,09,New Dwelling - no permit
1369450010004,1531588,C,2017-03-13,10,New Dwelling - permit
1369450010004,1531589,C,2017-03-31,10,New Dwelling - permit
1369450010005,1,C,1899-12-30,09,New Dwelling - no permit
1369450010005,1541891,C,2017-06-15,10,New Dwelling - permit
1369450010006,1518800,C,2016-12-21,10,New Dwelling - permit
1369450010007,1518798,C,2016-12-21,10,New Dwelling - permit
1369450010008,1518799,C,2016-12-21,10,New Dwelling - permit
1369450010008,1831444,C,2021-06-18,07,Extra Features (OB&Y)
1369450010008,1840970,C,2021-08-18,07,Extra Features (OB&Y)
1369450010009,1518797,C,2016-12-21,10,New Dwelling - permit
1369450010010,1518801,C,2016-12-21,10,New Dwelling - permit
1369450010011,1517969,C,2016-12-07,10,New Dwelling - permit
1369450010012,1,C,1899-12-30,09,New Dwelling - no permit
1369450010012,1534990,C,2017-04-04,10,New Dwelling - permit
1369450010013,1514618,C,2016-11-07,10,New Dwelling - permit
1369450010014,1511137,C,2016-10-06,10,New Dwelling - permit
1369450010015,1507982,C,2016-09-09,10,New Dwelling - permit
1369450010016,1507983,C,2016-09-09,10,New Dwelling - permit
1369450010017,1508908,C,2016-09-29,10,New Dwelling - permit
1369450010018,1496729,C,2016-06-16,10,New Dwelling - permit
1369450010019,1500194,C,2016-07-06,10,New Dwelling - permit
1369450010020,1496716,C,2016-06-16,10,New Dwelling - permit
1369450010021,1500250,C,2016-07-07,10,New Dwelling - permit
1369450010022,1496730,C,2016-06-16,10,New Dwelling - permit
1369450010023,1496068,C,2016-06-03,10,New Dwelling - permit
1369450010024,1492289,C,2016-05-19,10,New Dwelling - permit
1369450010025,1488487,C,2016-03-31,10,New Dwelling - permit
1369450010026,1485027,C,2016-04-12,10,New Dwelling - permit
1369450010027,1488486,C,2016-03-31,10,New Dwelling - permit
1369450010028,1488485,C,2016-03-31,10,New Dwelling - permit
1369450010029,1491562,C,2016-05-05,10,New Dwelling - permit
1369450010030,1488484,C,2016-03-31,10,New Dwelling - permit
1369450010031,1491970,C,2016-05-13,10,New Dwelling - permit
1369450010032,1487954,C,2016-03-15,10,New Dwelling - permit
1369450010033,1485220,C,2016-04-19,10,New Dwelling - permit
1369450010034,1487950,C,2016-03-15,10,New Dwelling - permit
1369450010035,1,C,1899-12-30,09,New Dwelling - no permit
1369450010035,1527931,C,2017-02-16,10,New Dwelling - permit
1369450010036,1496718,C,2016-06-16,10,New Dwelling - permit
1369450010036,1817026,C,2021-03-12,07,Extra Features (OB&Y)
1369450010037,1503987,C,2016-08-12,10,New Dwelling - permit
1369450010038,1511796,C,2016-10-20,10,New Dwelling - permit
1369450010039,1500480,C,2016-07-12,10,New Dwelling - permit
1369450010040,1,C,1899-12-30,09,New Dwelling - no permit
1369450010040,1538886,C,2017-05-04,10,New Dwelling - permit
1369450010041,1,C,1899-12-30,09,New Dwelling - no permit
1369450010041,1541892,C,2017-06-02,10,New Dwelling - permit
1369450010042,1,C,1899-12-30,09,New Dwelling - no permit
1369450010042,1541893,C,2017-06-15,10,New Dwelling - permit
1369450020001,1495448,C,2016-01-06,10,New Dwelling - permit
1369450020002,1495485,C,2016-01-06,10,New Dwelling - permit
1369450020003,1487951,C,2016-03-15,10,New Dwelling - permit
1369450020003,1840971,C,2021-08-20,07,Extra Features (OB&Y)
1369450020004,1,C,2017-01-17,09,New Dwelling - no permit
1369450020004,1870473,C,2022-03-10,07,Extra Features (OB&Y)
1369450020005,1495486,C,2016-01-06,10,New Dwelling - permit
1369450020006,1,C,2017-01-17,09,New Dwelling - no permit
1369450020007,1,C,2016-11-14,09,New Dwelling - no permit
1369450020008,1,C,1899-12-30,09,New Dwelling - no permit
1369450020009,1487791,C,2016-03-11,10,New Dwelling - permit
1369450020010,1,C,1899-12-30,09,New Dwelling - no permit
1369450020011,1,C,2017-01-27,09,New Dwelling - no permit
1369450020012,1,C,1899-12-30,09,New Dwelling - no permit
1369450020013,1487949,C,2016-03-15,10,New Dwelling - permit
1369450020014,1,C,2017-01-27,09,New Dwelling - no permit
1369450020015,1488441,C,2016-03-30,10,New Dwelling - permit
1369450020015,1538887,C,2017-05-23,10,New Dwelling - permit
1369920010001,1507931,C,2016-09-08,10,New Dwelling - permit
1369920010002,1491592,C,2016-05-06,10,New Dwelling - permit
1369920010003,1,C,1899-12-30,09,New Dwelling - no permit
1369920010003,1534997,C,2017-04-12,10,New Dwelling - permit
1369920010004,1496398,C,2016-06-10,10,New Dwelling - permit
1369920010005,1492325,C,2016-05-20,10,New Dwelling - permit
1369920010006,1491996,C,2016-05-13,10,New Dwelling - permit
1369920010007,1501362,C,2016-07-29,10,New Dwelling - permit
1369920010008,1491581,C,2016-05-06,10,New Dwelling - permit
1369920010008,1678442,C,2018-08-03,10,New Dwelling - permit
1369920010009,1497318,C,2016-06-24,10,New Dwelling - permit
1369920010010,1518878,C,2016-12-22,10,New Dwelling - permit
1369920010011,1491580,C,2016-05-06,10,New Dwelling - permit
1369920010012,1,C,2017-01-17,09,New Dwelling - no permit
1369920010013,1,C,1899-12-30,09,New Dwelling - no permit
1369920010014,1497319,C,2016-06-24,10,New Dwelling - permit
1369920010014,1534998,C,2017-04-12,10,New Dwelling - permit
1369920010015,1491585,C,2016-05-06,10,New Dwelling - permit
1369920010016,1,C,1899-12-30,09,New Dwelling - no permit
1369920010017,1,C,1899-12-30,09,New Dwelling - no permit
1369920010018,1,C,1899-12-30,09,New Dwelling - no permit
1369920010019,1488035,C,2016-03-18,10,New Dwelling - permit
1369920010020,1,C,2017-01-27,09,New Dwelling - no permit
1369920010021,1,C,1899-12-30,09,New Dwelling - no permit
1369920010022,1491587,C,2016-05-06,10,New Dwelling - permit
1369920010023,1668418,C,2018-06-18,10,New Dwelling - permit
1369920010024,1678443,C,2018-08-13,10,New Dwelling - permit
1369920010025,1511854,C,2016-10-24,10,New Dwelling - permit
1369920010026,1,C,2016-01-29,10,New Dwelling - permit
1369920010027,1488026,C,2016-03-18,10,New Dwelling - permit
1369920010028,1,C,1899-12-30,09,New Dwelling - no permit
1369920010028,1531602,C,2017-03-30,10,New Dwelling - permit
1369920010029,1491583,C,2016-05-06,10,New Dwelling - permit
1369920010030,1492713,C,2016-05-27,10,New Dwelling - permit
1369920010030,1976592,C,2024-04-17,11,Additions or Remodeling
1369920010031,1500034,C,2016-07-01,10,New Dwelling - permit
1369920010032,1,C,1899-12-30,09,New Dwelling - no permit
1369920010033,1,C,1899-12-30,09,New Dwelling - no permit
1369920020001,1518879,C,2016-12-22,10,New Dwelling - permit
1369920020002,1501378,C,2016-07-29,10,New Dwelling - permit
1369920020003,1,C,1899-12-30,09,New Dwelling - no permit
1369920020003,1538897,C,2017-05-08,10,New Dwelling - permit
1369920020004,1496399,C,2016-06-10,10,New Dwelling - permit
1369920020005,1665137,C,2018-05-18,10,New Dwelling - permit
1369920020006,1668419,C,2018-06-11,10,New Dwelling - permit
1369920020007,1,C,1899-12-30,09,New Dwelling - no permit
1369920020007,1531603,C,2017-03-03,10,New Dwelling - permit
1369920020008,1508618,C,2016-09-23,10,New Dwelling - permit
1369920020009,1500884,C,2016-07-20,10,New Dwelling - permit
1369920020010,1665138,C,2018-05-18,10,New Dwelling - permit
1369920030001,1527944,C,2017-02-21,10,New Dwelling - permit
1369920030002,1561508,C,2017-10-20,10,New Dwelling - permit
1369920030003,1501363,C,2016-07-29,10,New Dwelling - permit
1369920030004,1,C,1899-12-30,09,New Dwelling - no permit
1369920030004,1527945,C,2017-02-21,10,New Dwelling - permit
1369920030005,1485346,C,2016-04-22,10,New Dwelling - permit
1369920030006,1668420,C,2018-06-15,10,New Dwelling - permit
1369920030007,1492318,C,2016-05-20,10,New Dwelling - permit
1369920030008,1500624,C,2016-07-15,10,New Dwelling - permit
1369920030009,1672821,C,2018-07-18,10,New Dwelling - permit
1369920030010,1515344,C,2016-11-22,10,New Dwelling - permit
1369920030011,1485351,C,2016-04-22,10,New Dwelling - permit
1369920030012,1485578,C,2016-04-29,10,New Dwelling - permit
1369920030013,1668421,C,2018-06-05,10,New Dwelling - permit
1369920030014,1515345,C,2016-11-22,10,New Dwelling - permit
1369920030014,1546164,C,2017-07-17,10,New Dwelling - permit
1369920030015,1,C,2017-01-27,09,New Dwelling - no permit
1369920030016,1,C,2017-01-23,09,New Dwelling - no permit
1369920030017,1491584,C,2016-05-06,10,New Dwelling - permit
1369920030018,1491586,C,2016-05-06,10,New Dwelling - permit
1369920030019,1,C,2016-01-29,10,New Dwelling - permit
1369920030020,1,C,2016-02-26,10,New Dwelling - permit
1369920030021,1,C,2017-01-27,09,New Dwelling - no permit
1369920030022,1,C,1899-12-30,09,New Dwelling - no permit
1369920030023,1,C,1899-12-30,09,New Dwelling - no permit
1369920030024,1561509,C,2017-10-20,10,New Dwelling - permit
1369920030025,1672822,C,2018-07-18,10,New Dwelling - permit
1369930010001,2052013,I,2025-10-15,32,"Paving, Parking Lot, Slab"
1374050010001,2,C,2015-02-24,30,New Building
1374220010001,1,C,2015-09-17,30,New Building
1374220010001,2,C,2016-07-15,31,"Addtns, Remodels, Lease Space"
1374220010001,3,C,2015-10-05,31,"Addtns, Remodels, Lease Space"
1374220010001,4,C,2015-10-05,31,"Addtns, Remodels, Lease Space"
1374220010001,5,C,2015-08-31,30,New Building
1374220010001,6,C,2024-03-01,35,Fire Reports
1374220010001,7,C,2019-12-13,35,Fire Reports
1374290010001,1542046,C,2017-06-07,10,New Dwelling - permit
1374290010002,1535201,C,2017-04-17,10,New Dwelling - permit
1374290010003,1539095,C,2017-05-12,10,New Dwelling - permit
1374290010004,1535202,C,2017-04-17,10,New Dwelling - permit
1374290010006,1,C,2016-05-03,10,New Dwelling - permit
1374290010007,1,C,2016-05-03,10,New Dwelling - permit
1374290010008,1,C,2016-05-03,10,New Dwelling - permit
1374290010009,1528115,C,2017-02-27,10,New Dwelling - permit
1374290010010,1528116,C,2017-02-27,10,New Dwelling - permit
1374290010011,1528117,C,2017-02-27,10,New Dwelling - permit
1374290010012,1528118,C,2017-02-27,10,New Dwelling - permit
1374290010013,1,C,2016-05-03,10,New Dwelling - permit
1374290010014,1,C,2016-05-03,10,New Dwelling - permit
1374290010015,1,C,2016-09-01,10,New Dwelling - permit
1374290010016,1508964,C,2016-09-01,10,New Dwelling - permit
1374290010017,1,C,2017-07-05,10,New Dwelling - permit
1374290010018,1539096,C,2017-05-12,10,New Dwelling - permit
1374290010019,1542047,C,2017-06-07,10,New Dwelling - permit
1374290010020,1539097,C,2017-05-12,10,New Dwelling - permit
1374290010021,1528119,C,2017-02-03,10,New Dwelling - permit
1374290010022,1,C,2016-08-18,10,New Dwelling - permit
1374290010023,1514674,C,2016-11-08,10,New Dwelling - permit
1374290010024,1508962,C,2016-09-30,10,New Dwelling - permit
1374290010025,1,C,2017-07-05,10,New Dwelling - permit
1374290010026,1535203,C,2017-04-17,10,New Dwelling - permit
1374290010027,1542048,C,2017-06-07,10,New Dwelling - permit
1374290010028,1542049,C,2017-06-07,10,New Dwelling - permit
1374290010029,1508453,C,2016-09-20,10,New Dwelling - permit
1374290020001,1508567,C,2016-09-22,10,New Dwelling - permit
1374290020002,1,C,2016-09-09,10,New Dwelling - permit
1374290020003,1514675,C,2016-11-08,10,New Dwelling - permit
1374290020004,1549531,C,2017-08-14,10,New Dwelling - permit
1374290020005,1555689,C,2017-09-15,10,New Dwelling - permit
1374290020006,1549532,C,2017-08-14,10,New Dwelling - permit
1374290020007,1546273,C,2017-07-05,10,New Dwelling - permit
1374290020008,1514676,C,2016-11-08,10,New Dwelling - permit
1374290020009,1514677,C,2016-11-08,10,New Dwelling - permit
1374290020010,1524755,C,2017-01-30,10,New Dwelling - permit
1374290020011,1518717,C,2016-12-20,10,New Dwelling - permit
1374290030001,1524756,C,2017-01-06,10,New Dwelling - permit
1374290030002,1508518,C,2016-09-21,10,New Dwelling - permit
1374290030003,1518870,C,2016-12-22,10,New Dwelling - permit
1374290030004,1539098,C,2017-05-12,10,New Dwelling - permit
1374290030005,1539099,C,2017-05-12,10,New Dwelling - permit
1374290030006,1535204,C,2017-04-17,10,New Dwelling - permit
1374290030007,1546274,C,2017-07-28,10,New Dwelling - permit
1374290030008,1,C,2016-08-19,10,New Dwelling - permit
1374290030009,1,C,2016-09-01,10,New Dwelling - permit
1374290030010,1,C,2016-09-01,10,New Dwelling - permit
1374290030011,1514559,C,2016-11-04,10,New Dwelling - permit
1374290030012,1561579,C,2017-10-12,10,New Dwelling - permit
1374290030013,1561580,C,2017-10-12,10,New Dwelling - permit
1374290030014,1561581,C,2017-10-12,10,New Dwelling - permit
1374290030015,1549533,C,2017-08-14,10,New Dwelling - permit
1374290030016,1,C,2016-09-30,10,New Dwelling - permit
1374290030017,1508964,C,2016-09-30,10,New Dwelling - permit
1374290030018,1508965,C,2016-09-30,10,New Dwelling - permit
1374290030019,1508966,C,2016-09-30,10,New Dwelling - permit
1374290030020,1561582,C,2017-10-12,10,New Dwelling - permit
1374290030021,1555690,C,2017-09-15,10,New Dwelling - permit
1374290030022,1539100,C,2017-05-12,10,New Dwelling - permit
1374290030023,1561583,C,2017-10-12,10,New Dwelling - permit
1374290030024,1518871,C,2016-12-22,10,New Dwelling - permit
1374290030025,1511451,C,2016-10-13,10,New Dwelling - permit
1374290030026,1,C,2016-09-09,10,New Dwelling - permit
1374290030027,1518187,C,2016-12-12,10,New Dwelling - permit
1374290030028,1546275,C,2017-07-28,10,New Dwelling - permit
1374290030029,1555691,C,2017-09-15,10,New Dwelling - permit
1374290030030,1555692,C,2017-09-15,10,New Dwelling - permit
1374290030031,1546276,C,2017-07-28,10,New Dwelling - permit
1374290030032,1514558,C,2016-11-04,10,New Dwelling - permit
1374290030033,1518188,C,2016-12-12,10,New Dwelling - permit
1374290030034,1518189,C,2016-12-12,10,New Dwelling - permit
1374290030035,1518190,C,2016-12-12,10,New Dwelling - permit
1374290030036,1546277,C,2017-07-05,10,New Dwelling - permit
1374290030037,1546278,C,2017-07-05,10,New Dwelling - permit
1374290030038,1546279,C,2017-07-05,10,New Dwelling - permit
1374290030039,1546280,C,2017-07-05,10,New Dwelling - permit
1374650010001,1517835,C,2016-12-02,10,New Dwelling - permit
1374650010002,1507410,C,2016-08-05,10,New Dwelling - permit
1374650010003,1528125,C,2017-02-27,10,New Dwelling - permit
1374650010004,1,C,2017-01-06,10,New Dwelling - permit
1374650010005,1,C,2017-01-05,10,New Dwelling - permit
1374650010006,1,C,2017-01-05,10,New Dwelling - permit
1374650010007,1,C,2017-01-05,10,New Dwelling - permit
1374650010008,1,C,2017-01-05,10,New Dwelling - permit
1374650010009,1528126,C,2017-02-27,10,New Dwelling - permit
1374650010010,1528127,C,2017-02-27,10,New Dwelling - permit
1374650010011,1507411,C,2016-08-05,10,New Dwelling - permit
1374650010012,1507412,C,2016-08-05,10,New Dwelling - permit
1374650010013,1,C,2017-01-09,10,New Dwelling - permit
1374650010014,1515195,C,2016-11-18,10,New Dwelling - permit
1374650010015,1507424,C,2016-08-26,10,New Dwelling - permit
1374650010016,1,C,2017-01-09,10,New Dwelling - permit
1374650010016,2,C,2016-05-12,10,New Dwelling - permit
1374650010017,1561587,C,2017-10-12,10,New Dwelling - permit
1374650010018,1518721,C,2016-12-20,10,New Dwelling - permit
1374650010019,1507413,C,2016-08-05,10,New Dwelling - permit
1374650010020,1,C,2016-06-16,10,New Dwelling - permit
1374650010021,1,C,2016-06-09,10,New Dwelling - permit
1374650010023,1507426,C,2016-08-26,10,New Dwelling - permit
1374650010024,1507421,C,2016-08-12,10,New Dwelling - permit
1374650010025,1,C,2016-06-16,10,New Dwelling - permit
1374650010026,1511406,C,2016-10-12,10,New Dwelling - permit
1374650010027,1507414,C,2016-08-05,10,New Dwelling - permit
1374650010028,1,C,1899-12-30,09,New Dwelling - no permit
1374650010029,2,C,2016-05-18,10,New Dwelling - permit
1374650010030,1,C,1899-12-30,09,New Dwelling - no permit
1374650010031,1,C,2016-03-15,10,New Dwelling - permit
1374650010032,1508006,C,2016-09-09,10,New Dwelling - permit
1374650010033,1511407,C,2016-10-12,10,New Dwelling - permit
1374650010034,1507415,C,2016-08-05,10,New Dwelling - permit
1374650010035,1511408,C,2016-10-12,10,New Dwelling - permit
1374650010036,1511409,C,2016-10-12,10,New Dwelling - permit
1374650010037,1,C,2016-03-15,10,New Dwelling - permit
1374650010038,1,C,2016-03-15,10,New Dwelling - permit
1374650010039,1,C,2016-03-15,10,New Dwelling - permit
1374650010040,1,C,2016-03-15,10,New Dwelling - permit
1374650010041,1,C,2016-06-16,10,New Dwelling - permit
1374650010042,1,C,2016-06-16,10,New Dwelling - permit
1374650010043,1511414,C,2016-10-12,10,New Dwelling - permit
1374650020001,1696921,C,2018-12-26,10,New Dwelling - permit
1374650020002,1,C,2016-07-29,10,New Dwelling - permit
1374650020003,1,C,1899-12-30,09,New Dwelling - no permit
1374650020004,1507409,C,2016-08-03,10,New Dwelling - permit
1374650020005,1,C,2016-05-09,10,New Dwelling - permit
1374650020006,1,C,2016-05-09,10,New Dwelling - permit
1374650020007,1,C,2017-01-17,09,New Dwelling - no permit
1374650020007,2,C,2016-05-09,10,New Dwelling - permit
1374650020008,1,C,2016-05-09,10,New Dwelling - permit
1374650020009,1,C,1899-12-30,09,New Dwelling - no permit
1374650020010,1,C,1899-12-30,09,New Dwelling - no permit
1374650020011,1,C,1899-12-30,09,New Dwelling - no permit
1374650020012,1518183,C,2016-12-12,10,New Dwelling - permit
1374650020013,1,C,2016-05-09,10,New Dwelling - permit
1374650020014,1,C,2016-05-09,10,New Dwelling - permit
1374650020015,1,C,1899-12-30,09,New Dwelling - no permit
1374650020016,1,C,1899-12-30,09,New Dwelling - no permit
1374650020017,1,C,2016-06-01,10,New Dwelling - permit
1374650020018,1,C,1899-12-30,09,New Dwelling - no permit
1374650020019,1,C,2016-03-15,10,New Dwelling - permit
1374650020020,1507427,C,2016-08-31,10,New Dwelling - permit
1374650020021,1517836,C,2016-12-02,10,New Dwelling - permit
1374650020022,1517837,C,2016-12-02,10,New Dwelling - permit
1374650020023,1517832,C,2016-12-02,10,New Dwelling - permit
1374650020024,1517839,C,2016-12-02,10,New Dwelling - permit
1374650020025,1518184,C,2016-12-12,10,New Dwelling - permit
1374650020026,1511410,C,2016-10-12,10,New Dwelling - permit
1374650020027,1517840,C,2016-12-02,10,New Dwelling - permit
1374650020028,1517831,C,2016-12-02,10,New Dwelling - permit
1374650020029,1517833,C,2016-12-02,10,New Dwelling - permit
1374650020030,1,C,1899-12-30,09,New Dwelling - no permit
1374650020031,1,C,2018-03-06,09,New Dwelling - no permit
1374650020031,1535215,C,2017-04-17,10,New Dwelling - permit
1374650020032,1,C,1899-12-30,09,New Dwelling - no permit
1374650020033,1,C,2016-03-25,10,New Dwelling - permit
1374650020034,1,C,2016-03-25,10,New Dwelling - permit
1374650020035,1518185,C,2016-12-12,10,New Dwelling - permit
1374650020036,1,C,1899-12-30,09,New Dwelling - no permit
1374650020037,1,C,2016-06-01,10,New Dwelling - permit
1374650020038,1,C,2016-05-10,10,New Dwelling - permit
1374650020039,1518186,C,2016-12-12,10,New Dwelling - permit
1374650020040,1514673,C,2016-11-08,10,New Dwelling - permit
1374650020041,1,C,2016-06-01,10,New Dwelling - permit
1374650020042,1,C,2016-06-01,10,New Dwelling - permit
1374650020043,1,C,2016-06-01,10,New Dwelling - permit
1374650020044,1,C,2016-06-01,10,New Dwelling - permit
1374650020045,1511411,C,2016-10-12,10,New Dwelling - permit
1374650020046,1517834,C,2016-12-02,10,New Dwelling - permit
1374650020047,1,C,1899-12-30,09,New Dwelling - no permit
1374650020048,1,C,1899-12-30,09,New Dwelling - no permit
1374650020049,1507416,C,2016-08-08,10,New Dwelling - permit
1374650020050,1507417,C,2016-08-08,10,New Dwelling - permit
1374650020051,1507418,C,2016-08-08,10,New Dwelling - permit
1374650020052,1507419,C,2016-08-08,10,New Dwelling - permit
1374650020053,1511412,C,2016-10-12,10,New Dwelling - permit
1374650020054,1511413,C,2016-10-12,10,New Dwelling - permit
1374660010001,1514955,C,2016-11-15,32,"Paving, Parking Lot, Slab"
1374660010001,1879005,C,2022-05-04,32,"Paving, Parking Lot, Slab"
1376030010001,1546311,C,2017-07-24,10,New Dwelling - permit
1376030010002,1,C,2017-11-01,10,New Dwelling - permit
1376030010003,1566366,C,2017-11-01,10,New Dwelling - permit
1376030010004,1655835,C,2018-04-01,10,New Dwelling - permit
1376030010005,1649720,C,2018-02-15,10,New Dwelling - permit
1376030010006,1649721,C,2018-02-27,10,New Dwelling - permit
1376030020001,1549558,C,2017-08-14,10,New Dwelling - permit
1376030020002,1566368,C,2017-11-01,10,New Dwelling - permit
1376030020003,1651373,C,2018-03-13,10,New Dwelling - permit
1376030020004,1546312,C,2017-07-24,10,New Dwelling - permit
1376030020005,1546313,C,2017-07-24,10,New Dwelling - permit
1376030020006,1655836,C,2018-04-26,10,New Dwelling - permit
1376030020007,1651374,C,2018-03-19,10,New Dwelling - permit
1376030020008,1655837,C,2018-04-17,10,New Dwelling - permit
1376030020009,1546314,C,2017-07-24,10,New Dwelling - permit
1376030020010,1539134,C,2017-05-04,10,New Dwelling - permit
1376030020011,1539135,C,2017-05-12,10,New Dwelling - permit
1376030020012,1561609,C,2017-10-26,10,New Dwelling - permit
1376030020013,1546315,C,2017-07-26,10,New Dwelling - permit
1376030020014,1655838,C,2018-04-10,10,New Dwelling - permit
1376030020015,1539136,C,2017-05-24,10,New Dwelling - permit
1376030020016,1535230,C,2017-04-21,10,New Dwelling - permit
1376030020017,1535231,C,2017-04-21,10,New Dwelling - permit
1376030020018,1549559,C,2017-08-08,10,New Dwelling - permit
1376030020019,1649722,C,2018-02-09,10,New Dwelling - permit
1376030030001,1528142,C,2017-02-22,10,New Dwelling - permit
1376030030002,1528143,C,2017-02-14,10,New Dwelling - permit
1376030030003,1531903,C,2017-03-20,10,New Dwelling - permit
1376030030004,1539137,C,2017-05-15,10,New Dwelling - permit
1376030030005,1,C,1899-12-30,09,New Dwelling - no permit
1376030030005,1561610,C,2017-10-11,10,New Dwelling - permit
1376030030006,1535232,C,2017-04-24,10,New Dwelling - permit
1376030030007,1539138,C,2017-05-24,10,New Dwelling - permit
1376030030008,1561611,C,2017-10-11,10,New Dwelling - permit
1376030030009,1531904,C,2017-03-27,10,New Dwelling - permit
1376030040001,1,C,2016-05-13,10,New Dwelling - permit
1376030040002,1,C,2016-05-13,10,New Dwelling - permit
1376030040003,1,C,2016-05-13,10,New Dwelling - permit
1376030040004,1,C,2016-05-13,10,New Dwelling - permit
1376030040005,1,C,2016-05-13,10,New Dwelling - permit
1376030040006,1,C,2016-05-13,10,New Dwelling - permit
1376030040006,1965021,C,2024-01-09,07,Extra Features (OB&Y)
1376030040007,1,C,2016-05-13,10,New Dwelling - permit
1376030040008,1,C,2016-05-13,10,New Dwelling - permit
1376030040009,1,C,2016-05-13,10,New Dwelling - permit
1376030040010,1,C,2016-05-13,10,New Dwelling - permit
1376030040011,1515034,C,2016-11-16,10,New Dwelling - permit
1376030040012,1566369,C,2017-11-13,10,New Dwelling - permit
1376030040013,1,C,2016-05-13,10,New Dwelling - permit
1376030040014,1,C,2016-05-13,10,New Dwelling - permit
1376030040014,1939749,C,2023-07-17,07,Extra Features (OB&Y)
1376030040015,1528144,C,2017-02-01,10,New Dwelling - permit
1376030040016,1514937,C,2016-11-15,10,New Dwelling - permit
1376030040017,1515087,C,2016-11-17,10,New Dwelling - permit
1376030040018,1508888,C,2016-09-29,10,New Dwelling - permit
1376030040019,1511980,C,2016-10-26,10,New Dwelling - permit
1376030040020,1,C,2016-08-05,10,New Dwelling - permit
1376030050001,1542113,C,2017-06-09,10,New Dwelling - permit
1376030050002,1566370,C,2017-11-01,10,New Dwelling - permit
1376030050003,1542114,C,2017-06-30,10,New Dwelling - permit
1376030050004,1549560,C,2017-08-16,10,New Dwelling - permit
1376030050005,1655839,C,2018-04-18,10,New Dwelling - permit
1376030050006,1651375,C,2018-03-19,10,New Dwelling - permit
1376030050007,1651376,C,2018-03-13,10,New Dwelling - permit
1376030050008,1535233,C,2017-04-21,10,New Dwelling - permit
1376030050009,1535234,C,2017-04-21,10,New Dwelling - permit
1376030050010,1535235,C,2017-04-21,10,New Dwelling - permit
1376030050011,1542115,C,2017-06-30,10,New Dwelling - permit
1376030050012,1655840,C,2018-04-10,10,New Dwelling - permit
1376030050013,1651377,C,2018-03-19,10,New Dwelling - permit
1376030050014,1649723,C,2018-02-09,10,New Dwelling - permit
1376030050015,1555715,C,2017-09-05,10,New Dwelling - permit
1376030050016,1528145,C,2017-02-14,10,New Dwelling - permit
1376030050017,1539139,C,2017-05-24,10,New Dwelling - permit
1376030050018,1539140,C,2017-05-12,10,New Dwelling - permit
1376030050019,1531905,C,2017-03-07,10,New Dwelling - permit
1376030050020,1531906,C,2017-03-27,10,New Dwelling - permit
1376030050021,1531907,C,2017-03-02,10,New Dwelling - permit
1376030050022,1542116,C,2017-06-30,10,New Dwelling - permit
1376030050023,1528146,C,2017-02-22,10,New Dwelling - permit
1376030050024,1528147,C,2017-02-22,10,New Dwelling - permit
1376030050025,1528148,C,2017-02-06,10,New Dwelling - permit
1376030050026,1561612,C,2017-10-11,10,New Dwelling - permit
1376030050027,1635869,C,2017-12-18,10,New Dwelling - permit
1376030050028,1531908,C,2017-03-07,10,New Dwelling - permit
1376030060001,1665256,C,2018-05-21,10,New Dwelling - permit
1376030060002,1672916,C,2018-07-17,10,New Dwelling - permit
1376030060003,1665257,C,2018-05-21,10,New Dwelling - permit
1376030060004,1665258,C,2018-05-01,10,New Dwelling - permit
1376030060005,1703707,C,2019-01-24,10,New Dwelling - permit
1376030060006,1,C,2016-05-13,10,New Dwelling - permit
1376030060007,1,C,2016-05-13,10,New Dwelling - permit
1376030060008,1703708,C,2019-01-24,10,New Dwelling - permit
1376030060009,1542117,C,2017-06-30,10,New Dwelling - permit
1376030060010,1646027,C,2018-01-03,10,New Dwelling - permit
1376030070001,1511975,C,2016-10-26,10,New Dwelling - permit
1376030070002,1511977,C,2016-10-26,10,New Dwelling - permit
1376030070003,1511979,C,2016-10-26,10,New Dwelling - permit
1376030070004,1511987,C,2016-10-26,10,New Dwelling - permit
1376030070005,1518807,C,2016-12-21,10,New Dwelling - permit
1376030070006,1561613,C,2017-10-11,10,New Dwelling - permit
1376030070007,1511976,C,2016-10-26,10,New Dwelling - permit
1376030070008,1511978,C,2016-10-26,10,New Dwelling - permit
1376030070009,1528149,C,2017-02-14,10,New Dwelling - permit
1376030070010,1531909,C,2017-03-23,10,New Dwelling - permit
1376030070011,1539141,C,2017-05-16,10,New Dwelling - permit
1376030070012,1528150,C,2017-02-21,10,New Dwelling - permit
1376030070013,1524782,C,2017-01-11,10,New Dwelling - permit
1376030070014,1511986,C,2016-10-26,10,New Dwelling - permit
1376030070014,1831477,C,2021-06-28,11,Additions or Remodeling
1376030070015,1524783,C,2017-01-27,10,New Dwelling - permit
1376030070016,1528151,C,2017-02-09,10,New Dwelling - permit
1376030070017,1524784,C,2017-01-27,10,New Dwelling - permit
1376030070018,1528152,C,2017-02-22,10,New Dwelling - permit
1376030070019,1517784,C,2016-12-01,10,New Dwelling - permit
1376030070020,1528153,C,2017-02-14,10,New Dwelling - permit
1376030070021,1528154,C,2017-02-08,10,New Dwelling - permit
1376030070022,1514970,C,2016-11-15,07,Extra Features (OB&Y)
1376030070022,1514971,C,2016-05-13,10,New Dwelling - permit
1376030070023,1635870,C,2017-12-18,10,New Dwelling - permit
1376030070024,1511988,C,2016-10-26,10,New Dwelling - permit
1376030070025,1511981,C,2016-10-26,10,New Dwelling - permit
1376030070026,1539142,C,2017-05-16,10,New Dwelling - permit
1376030070027,1,C,2016-08-18,10,New Dwelling - permit
1376030070028,1524785,C,2017-01-11,10,New Dwelling - permit
1376130010001,1,C,2019-01-01,10,New Dwelling - permit
1376130010001,1539905,C,2017-03-02,10,New Dwelling - permit
1376130010002,1515382,C,2016-11-23,10,New Dwelling - permit
1376130010003,1539543,C,2017-02-10,10,New Dwelling - permit
1376130010003,1778097,C,2020-06-04,11,Additions or Remodeling
1376130010004,1520802,C,2016-12-15,10,New Dwelling - permit
1376130010005,1539545,C,2017-02-23,10,New Dwelling - permit
1376130010006,1519013,C,2016-12-28,10,New Dwelling - permit
1376130010007,1515381,C,2016-11-23,10,New Dwelling - permit
1376130010008,1539166,C,2017-05-18,10,New Dwelling - permit
1376130010009,1672925,C,2018-07-06,10,New Dwelling - permit
1376130010010,1539544,C,2017-02-23,10,New Dwelling - permit
1376130010011,1,C,2018-02-26,10,New Dwelling - permit
1376130010012,1636165,C,2017-12-13,10,New Dwelling - permit
1376130010013,1655848,C,2018-04-03,10,New Dwelling - permit
1376130010014,1539542,C,2017-02-09,10,New Dwelling - permit
1376130010014,1672926,C,2018-07-06,10,New Dwelling - permit
1376130010015,1636166,C,2017-12-12,10,New Dwelling - permit
1376130010016,1649739,C,2018-02-28,10,New Dwelling - permit
1376130010017,1676120,C,2018-01-09,10,New Dwelling - permit
1376130010018,1676121,C,2018-01-09,10,New Dwelling - permit
1376130010019,1672927,C,2018-07-11,10,New Dwelling - permit
1376130010020,1,C,2018-04-17,09,New Dwelling - no permit
1376130010021,1636167,C,2017-12-29,10,New Dwelling - permit
1376130010022,1665274,C,2018-05-25,10,New Dwelling - permit
1376710010001,1556258,C,2017-09-01,10,New Dwelling - permit
1376710010002,1539901,C,2017-02-10,10,New Dwelling - permit
1376710010003,1515380,C,2016-11-23,10,New Dwelling - permit
1376710010004,1548416,C,2017-07-21,10,New Dwelling - permit
1376710010005,1,C,2016-11-30,10,New Dwelling - permit
1376710010006,1544990,C,2017-06-28,10,New Dwelling - permit
1376710010007,1546347,C,2017-07-12,10,New Dwelling - permit
1376710010008,1524812,C,2017-01-04,10,New Dwelling - permit
1376710010009,1546348,C,2017-07-07,10,New Dwelling - permit
1376710010010,1546349,C,2017-07-07,10,New Dwelling - permit
1376710010011,1555730,C,2017-09-01,10,New Dwelling - permit
1376710010012,1544991,C,2017-06-08,10,New Dwelling - permit
1376710010013,1636180,C,2017-12-04,10,New Dwelling - permit
1376710010014,1655853,C,2018-04-16,10,New Dwelling - permit
1376710010015,1672931,C,2018-07-24,10,New Dwelling - permit
1376710010016,1566397,C,2017-11-03,10,New Dwelling - permit
1376710010017,1668535,C,2018-06-08,10,New Dwelling - permit
1376710010018,1556259,C,2017-09-29,10,New Dwelling - permit
1376710010019,1672932,C,2018-07-24,10,New Dwelling - permit
1376710010020,1672933,C,2018-07-24,10,New Dwelling - permit
1376710010021,1555731,C,2017-09-29,10,New Dwelling - permit
1376710010022,1672934,C,2018-07-06,10,New Dwelling - permit
1376710010023,1539172,C,2017-05-08,10,New Dwelling - permit
1376710010024,1539994,C,2017-05-01,10,New Dwelling - permit
1376710010025,1539993,C,2017-05-30,10,New Dwelling - permit
1376710010026,1539995,C,2017-05-01,10,New Dwelling - permit
1376710010027,1539996,C,2017-05-01,10,New Dwelling - permit
1376710020001,1636177,C,2017-12-29,10,New Dwelling - permit
1376710020002,1678532,C,2018-08-03,10,New Dwelling - permit
1376710020003,1555732,C,2017-09-28,10,New Dwelling - permit
1376710020004,1649741,C,2018-02-21,10,New Dwelling - permit
1376710020005,1672935,C,2018-07-24,10,New Dwelling - permit
1376710020006,1678533,C,2018-08-03,10,New Dwelling - permit
1376710020007,1646045,C,2018-01-29,10,New Dwelling - permit
1376710020008,1561646,C,2017-10-10,10,New Dwelling - permit
1376710020009,1703739,C,2019-02-14,10,New Dwelling - permit
1376710020010,1636178,C,2017-12-29,10,New Dwelling - permit
1376710020011,1703740,C,2019-02-14,10,New Dwelling - permit
1376710020012,1655854,C,2018-04-16,10,New Dwelling - permit
1376710020013,1703741,C,2019-02-14,10,New Dwelling - permit
1376710020014,1636179,C,2017-12-27,10,New Dwelling - permit
1376710020015,1655855,C,2018-04-06,10,New Dwelling - permit
1376710020016,1665279,C,2018-05-30,10,New Dwelling - permit
1376710020016,1665280,C,2018-04-16,10,New Dwelling - permit
1376710020017,1649742,C,2018-02-27,10,New Dwelling - permit
1376710020018,1651393,C,2018-03-15,10,New Dwelling - permit
1376710020019,1672936,C,2018-07-24,10,New Dwelling - permit
1376710020020,1672937,C,2018-07-24,10,New Dwelling - permit
1376710020021,1646046,C,2018-01-29,10,New Dwelling - permit
1376710020022,1665280,C,2018-05-30,10,New Dwelling - permit
1376710020023,1672938,C,2018-07-24,10,New Dwelling - permit
1376710020024,1703742,C,2019-02-14,10,New Dwelling - permit
1376710020025,1,C,2017-12-12,09,New Dwelling - no permit
1376710020025,2,C,2019-05-22,09,New Dwelling - no permit
1376710020026,1,C,2017-10-31,10,New Dwelling - permit
1376710020026,2,C,2017-11-09,10,New Dwelling - permit
1376710020027,1672939,C,2018-07-24,10,New Dwelling - permit
1376710020028,1676141,C,2018-01-31,10,New Dwelling - permit
1376710020029,1566399,C,2017-11-03,10,New Dwelling - permit
1376710020030,1,C,2019-05-22,09,New Dwelling - no permit
1376710020031,1636170,C,2017-12-04,10,New Dwelling - permit
1376710020031,1738730,C,2019-09-24,50,Disaster Review
1376710020032,1636171,C,2017-12-27,10,New Dwelling - permit
1376710020032,1665281,C,2018-05-30,10,New Dwelling - permit
1376710020033,1655856,C,2018-04-16,10,New Dwelling - permit
1376710020034,1651394,C,2018-03-28,10,New Dwelling - permit
1376710020035,1672940,C,2018-07-24,10,New Dwelling - permit
1376710020036,1634356,C,2017-11-13,10,New Dwelling - permit
1251660010001,988852,C,2005-03-28,10,New Dwelling - permit
1251660010002,986420,C,2005-02-22,31,"Addtns, Remodels, Lease Space"
1251660010002,1041283,C,2006-05-05,10,New Dwelling - permit
1251660010003,1038143,C,2006-03-28,10,New Dwelling - permit
1251660010004,1034473,C,2006-02-09,10,New Dwelling - permit
1251660010005,1033864,C,2006-02-02,10,New Dwelling - permit
1251660010006,1033865,C,2006-02-02,10,New Dwelling - permit
1251660010007,1033263,C,2006-01-26,10,New Dwelling - permit
1251660010008,1011763,C,2005-12-07,10,New Dwelling - permit
1251660010009,1011764,C,2005-12-07,10,New Dwelling - permit
1251660010010,1011532,C,2005-12-01,10,New Dwelling - permit
1251660010011,1004029,C,2005-10-06,10,New Dwelling - permit
1251660010012,1004031,C,2005-10-06,10,New Dwelling - permit
1251660010013,1004032,C,2005-10-06,10,New Dwelling - permit
1251660010014,1,C,2005-09-29,10,New Dwelling - permit
1251660010015,1002475,C,2005-09-29,10,New Dwelling - permit
1251660010016,999007,C,2005-07-28,10,New Dwelling - permit
1251660010017,1004026,C,2005-10-06,10,New Dwelling - permit
1251660010018,1,C,2011-10-17,11,Additions or Remodeling
1251660010018,1004028,C,2005-10-06,10,New Dwelling - permit
1251660010019,1004033,C,2005-10-06,10,New Dwelling - permit
1251660010020,1011535,C,2005-12-01,10,New Dwelling - permit
1251660010021,1011534,C,2005-12-01,10,New Dwelling - permit
1251660010022,1011533,C,2005-12-01,10,New Dwelling - permit
1251660010023,1011762,C,2005-12-07,10,New Dwelling - permit
1251660010024,1011761,C,2005-12-07,10,New Dwelling - permit
1251660010025,1033264,C,2006-01-26,10,New Dwelling - permit
1251660010026,1034472,C,2006-02-09,10,New Dwelling - permit
1251660010027,989379,C,2005-04-01,31,"Addtns, Remodels, Lease Space"
1251660010027,1034471,C,2006-02-09,10,New Dwelling - permit
1251660010028,1034470,C,2006-02-09,10,New Dwelling - permit
1251660010029,1038144,C,2006-03-28,10,New Dwelling - permit
1251660010030,1038145,C,2006-03-28,10,New Dwelling - permit
1251660010031,1038146,C,2006-03-28,10,New Dwelling - permit
1251660010032,994920,C,2005-06-07,10,New Dwelling - permit
1251660010033,994921,C,2005-06-07,10,New Dwelling - permit
1251660010034,993258,C,2005-05-25,10,New Dwelling - permit
1251660010035,993259,C,2005-05-25,10,New Dwelling - permit
1251660010036,989812,C,2005-04-07,10,New Dwelling - permit
1251660020001,999005,C,2005-07-28,10,New Dwelling - permit
1251660020002,999006,C,2005-07-28,10,New Dwelling - permit
1251660020003,999012,C,2005-07-28,10,New Dwelling - permit
1251660020003,1501229,C,2016-07-27,11,Additions or Remodeling
1251660020004,999011,C,2005-07-28,10,New Dwelling - permit
1251660020005,999010,C,2005-07-28,10,New Dwelling - permit
1251660020006,999009,C,2005-07-28,10,New Dwelling - permit
1251660020007,999008,C,2005-07-28,10,New Dwelling - permit
1251660020008,994919,C,2005-06-07,10,New Dwelling - permit
1251660020009,994922,C,2005-06-07,10,New Dwelling - permit
1251660020010,994923,C,2005-06-07,10,New Dwelling - permit
1251660020010,1561168,C,2017-10-09,07,Extra Features (OB&Y)
1251660020011,994806,C,2005-06-02,10,New Dwelling - permit
1251660020012,989813,C,2005-04-07,10,New Dwelling - permit
1251660020013,989814,C,2005-04-07,10,New Dwelling - permit
1251660020014,989815,C,2005-04-07,10,New Dwelling - permit
1251660020015,989764,C,2005-04-07,10,New Dwelling - permit
1251660020016,989765,C,2005-04-07,10,New Dwelling - permit
1251660020017,1,C,2005-04-07,10,New Dwelling - permit
1251660020018,989766,C,2005-04-07,10,New Dwelling - permit
1251670010001,1004163,C,2005-10-07,10,New Dwelling - permit
1251670010002,1003804,C,2005-10-03,10,New Dwelling - permit
1251670010003,1003805,C,2005-10-03,10,New Dwelling - permit
1251670010004,1003801,C,2005-10-03,10,New Dwelling - permit
1251670010005,1003800,C,2005-10-03,10,New Dwelling - permit
1251670010006,1003802,C,2005-10-03,10,New Dwelling - permit
1251670010007,1003803,C,2005-10-03,10,New Dwelling - permit
1251670020001,1000453,C,2005-08-19,10,New Dwelling - permit
1251670020002,1000455,C,2005-08-19,10,New Dwelling - permit
1251670020003,1001436,C,2005-09-08,10,New Dwelling - permit
1251670020004,1001828,C,2005-09-14,10,New Dwelling - permit
1251670020005,1001829,C,2005-09-14,10,New Dwelling - permit
1251670020006,1002467,C,2005-09-29,10,New Dwelling - permit
1251670020007,1004899,C,2005-10-24,10,New Dwelling - permit
1251670020008,1002468,C,2005-09-29,10,New Dwelling - permit
1251670020009,1003798,C,2005-10-03,10,New Dwelling - permit
1251670020010,1003799,C,2005-10-03,10,New Dwelling - permit
1251670020011,1004829,C,2005-10-21,10,New Dwelling - permit
1251670020012,990729,C,2005-04-21,10,New Dwelling - permit
1251670020013,990727,C,2005-04-21,10,New Dwelling - permit
1251670020014,1048650,C,2006-08-24,10,New Dwelling - permit
1251670020015,990728,C,2005-04-21,10,New Dwelling - permit
1251670020016,990730,C,2005-04-21,10,New Dwelling - permit
1251670020017,993449,C,2005-05-27,10,New Dwelling - permit
1251670020018,996127,C,2005-06-22,10,New Dwelling - permit
1251670020019,993450,C,2005-05-27,10,New Dwelling - permit
1251670020020,993446,C,2005-05-27,10,New Dwelling - permit
1251670020021,995924,C,2005-06-20,10,New Dwelling - permit
1251670020022,997308,C,2005-07-05,10,New Dwelling - permit
1251670020023,997306,C,2005-07-05,10,New Dwelling - permit
1251670020024,997307,C,2005-07-05,10,New Dwelling - permit
1251670020025,999309,C,2005-08-02,10,New Dwelling - permit
1251670020026,999647,C,2005-08-05,10,New Dwelling - permit
1251670020027,999649,C,2005-08-05,10,New Dwelling - permit
1251670020028,999648,C,2005-08-05,10,New Dwelling - permit
1251670020029,1000004,C,2005-08-12,10,New Dwelling - permit
1251670020030,1000003,C,2005-08-12,10,New Dwelling - permit
1251670020031,1000000,C,2005-08-12,10,New Dwelling - permit
1251670020032,1000454,C,2005-08-19,10,New Dwelling - permit
1251670020033,1001245,C,2005-09-02,10,New Dwelling - permit
1251670030001,996126,C,2005-06-22,10,New Dwelling - permit
1251670030002,993448,C,2005-05-27,10,New Dwelling - permit
1251670030003,993447,C,2005-05-27,10,New Dwelling - permit
1251670040001,993444,C,2005-05-27,10,New Dwelling - permit
1251670040002,996128,C,2005-06-22,10,New Dwelling - permit
1251670040003,1,C,2005-12-08,09,New Dwelling - no permit
1251670040004,993445,C,2005-05-27,10,New Dwelling - permit
1251670040005,995049,C,2005-06-08,10,New Dwelling - permit
1251670040006,997155,C,2005-07-01,10,New Dwelling - permit
1251670040007,997595,C,2005-07-08,10,New Dwelling - permit
1251670040008,997596,C,2005-07-08,10,New Dwelling - permit
1251670040009,998302,C,2005-07-19,10,New Dwelling - permit
1251670040010,995926,C,2005-06-20,10,New Dwelling - permit
1251670040011,995925,C,2005-06-20,10,New Dwelling - permit
1251670040012,1000005,C,2005-08-12,10,New Dwelling - permit
1251670040013,1001249,C,2005-09-02,10,New Dwelling - permit
1251670040014,1000249,C,2005-08-17,10,New Dwelling - permit
1251670040015,1000547,C,2005-08-22,10,New Dwelling - permit
1251670040016,1000002,C,2005-08-12,10,New Dwelling - permit
1251670040017,1000001,C,2005-08-12,10,New Dwelling - permit
1251750010001,968993,C,2004-07-07,10,New Dwelling - permit
1251750010002,968994,C,2004-07-07,10,New Dwelling - permit
1251750010003,968995,C,2004-07-07,10,New Dwelling - permit
1251750010004,988342,C,2005-03-21,10,New Dwelling - permit
1251750010005,987371,C,2005-03-04,10,New Dwelling - permit
1251750010006,987372,C,2005-03-04,10,New Dwelling - permit
1251750010007,988345,C,2005-03-21,10,New Dwelling - permit
1251750010008,988589,C,2005-03-23,10,New Dwelling - permit
1251750010009,988590,C,2005-03-23,10,New Dwelling - permit
1251750010010,988348,C,2005-03-21,10,New Dwelling - permit
1251750010011,988347,C,2005-03-21,10,New Dwelling - permit
1251750010012,988588,C,2005-03-23,10,New Dwelling - permit
1251750010013,988344,C,2005-03-21,10,New Dwelling - permit
1251750010014,986562,C,2005-02-24,10,New Dwelling - permit
1251750010015,987370,C,2005-03-04,10,New Dwelling - permit
1251750010016,987369,C,2005-03-04,10,New Dwelling - permit
1251750010017,988339,C,2005-03-21,10,New Dwelling - permit
1251750010018,986561,C,2005-02-24,10,New Dwelling - permit
1251750010019,988343,C,2005-03-21,10,New Dwelling - permit
1251750010020,989033,C,2005-03-30,10,New Dwelling - permit
1251750010021,988346,C,2005-03-21,10,New Dwelling - permit
1251750010022,990307,C,2005-04-15,10,New Dwelling - permit
1251750010023,989612,C,2005-04-06,10,New Dwelling - permit
1251750010024,990308,C,2005-04-15,10,New Dwelling - permit
1251750010025,991409,C,2005-04-29,10,New Dwelling - permit
1251750010026,991408,C,2005-04-29,10,New Dwelling - permit
1251750010027,991407,C,2005-04-29,10,New Dwelling - permit
1251750010028,990305,C,2005-04-15,10,New Dwelling - permit
1251750010029,990306,C,2005-04-15,10,New Dwelling - permit
1251750010030,991413,C,2005-04-29,10,New Dwelling - permit
1251750010031,991411,C,2005-04-29,10,New Dwelling - permit
1251750010032,990304,C,2005-04-15,10,New Dwelling - permit
1251750010033,989613,C,2005-04-06,10,New Dwelling - permit
1251750010034,989614,C,2005-04-06,10,New Dwelling - permit
1251750010035,991406,C,2005-04-29,10,New Dwelling - permit
1251750020001,999963,C,2005-08-11,10,New Dwelling - permit
1251750020002,989616,C,2005-04-06,10,New Dwelling - permit
1251750020003,990303,C,2005-04-15,10,New Dwelling - permit
1251750020004,992957,C,2005-05-20,10,New Dwelling - permit
1251750020005,991949,C,2005-05-06,10,New Dwelling - permit
1251750020006,991951,C,2005-05-06,10,New Dwelling - permit
1251750020007,991950,C,2005-05-06,10,New Dwelling - permit
1251750020008,991948,C,2005-05-06,10,New Dwelling - permit
1251750020009,991946,C,2005-05-06,10,New Dwelling - permit
1251750020010,991947,C,2005-05-06,10,New Dwelling - permit
1251750020011,968987,C,2004-07-07,10,New Dwelling - permit
1251750020012,968988,C,2004-07-07,10,New Dwelling - permit
1251750030001,968996,C,2004-07-07,10,New Dwelling - permit
1251750030002,968989,C,2004-07-07,10,New Dwelling - permit
1251750030003,968990,C,2004-07-07,10,New Dwelling - permit
1251750030004,968991,C,2004-07-07,10,New Dwelling - permit
1251750030005,968992,C,2004-07-07,10,New Dwelling - permit
1251750030006,968143,C,2004-08-12,10,New Dwelling - permit
1251750030007,968142,C,2004-08-12,10,New Dwelling - permit
1251750030008,968002,C,2004-08-12,10,New Dwelling - permit
1251750030009,968001,C,2004-08-12,10,New Dwelling - permit
1251750030010,968000,C,2004-08-12,10,New Dwelling - permit
1251750030011,968840,C,2004-09-15,10,New Dwelling - permit
1251750030012,968842,C,2004-09-15,10,New Dwelling - permit
1251750030013,968843,C,2004-09-15,10,New Dwelling - permit
1251750030014,968844,C,2004-09-15,10,New Dwelling - permit
1251750030015,968845,C,2004-09-15,10,New Dwelling - permit
1251750030016,968916,C,2004-10-11,10,New Dwelling - permit
1251750030017,968915,C,2004-10-11,10,New Dwelling - permit
1251750030018,968914,C,2004-10-11,10,New Dwelling - permit
1251750030019,968913,C,2004-10-11,10,New Dwelling - permit
1251750030020,1,C,1899-12-30,09,New Dwelling - no permit
1251750030021,968296,C,2004-11-24,10,New Dwelling - permit
1251750030021,968517,C,2004-11-24,10,New Dwelling - permit
1251750030022,968294,C,2004-11-24,10,New Dwelling - permit
1251750030022,968515,C,2004-11-24,10,New Dwelling - permit
1251750030023,968295,C,2004-11-24,10,New Dwelling - permit
1251750030023,968516,C,2004-11-24,10,New Dwelling - permit
1251750030024,968293,C,2004-11-24,10,New Dwelling - permit
1251750030024,968514,C,2004-11-24,10,New Dwelling - permit
1251750030025,968292,C,2004-11-24,10,New Dwelling - permit
1251750030025,968513,C,2004-11-24,10,New Dwelling - permit
1251750030026,968029,C,2004-08-25,10,New Dwelling - permit
1251750030027,968030,C,2004-08-25,10,New Dwelling - permit
1251750030028,968027,C,2004-08-25,10,New Dwelling - permit
1251750030029,1,C,2005-08-15,10,New Dwelling - permit
1251750030030,968026,C,2004-08-25,10,New Dwelling - permit
1251750040001,986552,C,2005-02-24,10,New Dwelling - permit
1251750040002,986555,C,2005-02-24,10,New Dwelling - permit
1251750040003,986554,C,2005-02-24,10,New Dwelling - permit
1251750040004,986553,C,2005-02-24,10,New Dwelling - permit
1251750040005,987378,C,2005-03-04,10,New Dwelling - permit
1251750040006,986326,C,2005-02-21,10,New Dwelling - permit
1251750040007,986328,C,2005-02-21,10,New Dwelling - permit
1251750040008,985141,C,2005-02-03,10,New Dwelling - permit
1251750040009,986327,C,2005-02-21,10,New Dwelling - permit
1251750040010,985137,C,2005-02-03,10,New Dwelling - permit
1251750040011,985140,C,2005-02-03,10,New Dwelling - permit
1251750040012,985138,C,2005-02-03,10,New Dwelling - permit
1251750040012,1223085,C,2010-02-11,11,Additions or Remodeling
1251750040013,985143,C,2005-02-03,10,New Dwelling - permit
1251750040014,985139,C,2005-02-03,10,New Dwelling - permit
1251750040015,985142,C,2005-02-03,10,New Dwelling - permit
1251750040016,969132,C,2004-11-17,10,New Dwelling - permit
1251750040016,969254,C,2004-11-17,10,New Dwelling - permit
1251750040017,969131,C,2004-11-17,10,New Dwelling - permit
1251750040017,969253,C,2004-11-17,10,New Dwelling - permit
1251750040018,969130,C,2004-11-17,10,New Dwelling - permit
1251750040019,969133,C,2004-11-17,10,New Dwelling - permit
1251750040019,969255,C,2004-11-17,10,New Dwelling - permit
1251750040020,968839,C,2004-09-15,10,New Dwelling - permit
1251750040021,968838,C,2004-09-15,10,New Dwelling - permit
1251750040022,968841,C,2004-09-15,10,New Dwelling - permit
1251750040022,1998708,C,2024-09-04,11,Additions or Remodeling
1251750040023,968837,C,2004-09-15,10,New Dwelling - permit
1251750040024,968846,C,2004-09-15,10,New Dwelling - permit
1251750040025,2,C,2005-11-17,09,New Dwelling - no permit
1251750040026,1,C,2005-11-17,09,New Dwelling - no permit
1251750040027,2,C,2005-11-17,09,New Dwelling - no permit
1251750040028,1,C,2005-11-17,09,New Dwelling - no permit
1251750040029,2,C,2005-11-17,15,Relocation / Bldg Move
1253710010001,1,C,2005-01-07,10,New Dwelling - permit
1253710010003,2,C,2006-02-22,09,New Dwelling - no permit
1253710010004,1,C,1899-12-30,09,New Dwelling - no permit
1253710010005,2,C,2007-01-02,10,New Dwelling - permit
1253710010006,1,C,2006-11-20,10,New Dwelling - permit
1253710010007,2,C,2006-11-13,10,New Dwelling - permit
1253710010008,1,C,2010-02-23,10,New Dwelling - permit
1253710010009,1,C,2009-04-13,10,New Dwelling - permit
1253710010010,1,C,2010-06-29,10,New Dwelling - permit
1253710010011,1,C,2009-04-06,10,New Dwelling - permit
1253710010012,1,C,2007-11-21,15,Relocation / Bldg Move
1253710010013,1,C,2009-02-05,10,New Dwelling - permit
1253710010014,1,C,2009-02-09,10,New Dwelling - permit
1253710010015,1,C,2009-07-16,09,New Dwelling - no permit
1253710010015,2,C,2011-11-01,07,Extra Features (OB&Y)
1253710010016,1,C,1899-12-30,10,New Dwelling - permit
1253710010017,1,C,2010-09-03,10,New Dwelling - permit
1253710010018,1,C,2006-03-27,09,New Dwelling - no permit
1253710020001,1,C,1899-12-30,09,New Dwelling - no permit
1253710020001,1631219,C,2017-08-23,50,Disaster Review
1253710030001,1,C,1899-12-30,09,New Dwelling - no permit
1253710030002,1,C,1899-12-30,09,New Dwelling - no permit
1253710030003,1,C,1899-12-30,09,New Dwelling - no permit
1253710030003,2,C,2018-03-23,07,Extra Features (OB&Y)
1253710030004,1,C,1899-12-30,09,New Dwelling - no permit
1253710030005,1,C,1899-12-30,09,New Dwelling - no permit
1253710030007,1,C,1899-12-30,09,New Dwelling - no permit
1253710040001,1,C,1899-12-30,09,New Dwelling - no permit
1253710040002,1,C,1899-12-30,09,New Dwelling - no permit
1253710040003,1,C,1899-12-30,09,New Dwelling - no permit
1253710040004,1,C,1899-12-30,10,New Dwelling - permit
1253710040005,1,C,1899-12-30,09,New Dwelling - no permit
1253710040006,1,C,1899-12-30,09,New Dwelling - no permit
1253710040007,1,C,2012-11-19,10,New Dwelling - permit
1253710040008,1,C,2012-07-19,10,New Dwelling - permit
1253710040009,1,C,2012-05-09,10,New Dwelling - permit
1253710040010,1,C,2012-03-21,10,New Dwelling - permit
1253710040011,1,C,2011-09-20,10,New Dwelling - permit
1253710040011,2,C,2011-12-22,10,New Dwelling - permit
1253710040012,1,C,2012-02-02,10,New Dwelling - permit
1253710040013,1,C,2008-03-05,10,New Dwelling - permit
1253710040014,1,C,2007-04-02,10,New Dwelling - permit
1253710040015,2,C,2007-04-02,10,New Dwelling - permit
1253710040016,2,C,2006-08-05,10,New Dwelling - permit
1253710040017,2,C,2005-01-03,10,New Dwelling - permit
1253710040018,1,C,1899-12-30,09,New Dwelling - no permit
1253710040019,1,C,2007-06-26,10,New Dwelling - permit
1253710040020,1,C,2011-09-09,10,New Dwelling - permit
1253710040021,1,C,2011-07-13,10,New Dwelling - permit
1253710040022,1,C,2011-04-26,10,New Dwelling - permit
1253710040023,1,C,2008-11-05,10,New Dwelling - permit
1253710040024,1,C,2009-01-01,09,New Dwelling - no permit
1253710040025,2,C,2007-04-02,10,New Dwelling - permit
1253710040026,1,C,2008-07-31,10,New Dwelling - permit
1253710040027,2,C,2007-05-08,10,New Dwelling - permit
1253710040028,1,C,2006-10-24,10,New Dwelling - permit
1253710050001,1,C,1899-12-30,09,New Dwelling - no permit
1253710050003,1,C,2005-10-17,10,New Dwelling - permit
1253710050003,2,C,1899-12-30,07,Extra Features (OB&Y)
1253710050004,1,C,1899-12-30,15,Relocation / Bldg Move
1253710050005,1,C,1899-12-30,15,Relocation / Bldg Move
1253710050006,1,C,2006-05-31,10,New Dwelling - permit
1253710050007,2,C,2005-01-14,10,New Dwelling - permit
1253710050008,2,C,2006-02-02,10,New Dwelling - permit
1253710050009,1,C,2006-02-02,10,New Dwelling - permit
1253710050010,2,C,2006-01-05,10,New Dwelling - permit
1253710050011,2,C,2005-10-13,10,New Dwelling - permit
1253710050012,1,C,2006-03-14,10,New Dwelling - permit
1253710050013,2,C,2006-05-31,10,New Dwelling - permit
1253710050014,1,C,2006-07-21,10,New Dwelling - permit
1253710050015,2,C,2006-07-21,10,New Dwelling - permit
1253710050016,1,C,2006-04-20,10,New Dwelling - permit
1253710050017,1,C,2006-08-25,10,New Dwelling - permit
1253710050018,2,C,2006-07-21,10,New Dwelling - permit
1253710050019,1,C,2006-08-05,10,New Dwelling - permit
1253710050020,2,C,2006-10-24,10,New Dwelling - permit
1253710050021,1,C,2006-10-24,10,New Dwelling - permit
1253710050022,1,C,2006-12-05,10,New Dwelling - permit
1253710050023,2,C,2006-10-24,10,New Dwelling - permit
1253710050024,1,C,2007-03-14,10,New Dwelling - permit
1253710050024,2,C,2014-01-01,12,Repairs (Foundation / GM)
1253710050025,2,C,2007-03-14,10,New Dwelling - permit
1260210020001,1,C,2005-07-14,10,New Dwelling - permit
1260210020001,989569,C,2005-04-05,30,New Building
1260210020001,1013906,C,2005-06-22,30,New Building
1260210020001,1013907,C,2005-06-22,31,"Addtns, Remodels, Lease Space"
1260210020001,1180121,C,2009-04-15,31,"Addtns, Remodels, Lease Space"
1260210030001,1,C,2005-08-02,39,New Construction w/o Permit
1260210030001,1792233,C,2020-09-08,31,"Addtns, Remodels, Lease Space"
1260210030001,1792234,C,2020-01-20,32,"Paving, Parking Lot, Slab"
1260210030001,1939586,C,2023-07-05,32,"Paving, Parking Lot, Slab"
1260220010001,1002128,C,2005-09-20,10,New Dwelling - permit
1260220010002,984331,C,2005-01-19,10,New Dwelling - permit
1260220010003,984330,C,2005-01-19,10,New Dwelling - permit
1260220010004,984333,C,2005-01-19,10,New Dwelling - permit
1260220010005,984332,C,2005-01-19,10,New Dwelling - permit
1260220010006,972474,C,2004-12-17,10,New Dwelling - permit
1260220010007,972473,C,2004-12-17,10,New Dwelling - permit
1260220010008,972472,C,2004-12-17,10,New Dwelling - permit
1260220010008,1678170,C,2018-08-15,07,Extra Features (OB&Y)
1260220010009,972471,C,2004-12-17,10,New Dwelling - permit
1260220010010,987303,C,2005-03-04,10,New Dwelling - permit
1260220010011,996108,C,2005-06-22,10,New Dwelling - permit
1260220010012,987304,C,2005-03-04,10,New Dwelling - permit
1260220010013,996107,C,2005-06-22,10,New Dwelling - permit
1260220010014,990529,C,2005-04-18,10,New Dwelling - permit
1260220010015,990527,C,2005-04-18,10,New Dwelling - permit
1260220010016,989473,C,2005-04-05,10,New Dwelling - permit
1260220010017,1086601,C,2007-01-12,10,New Dwelling - permit
1260220010018,998601,C,2005-07-21,10,New Dwelling - permit
1260220010019,995572,C,2005-06-15,10,New Dwelling - permit
1260220010020,998602,C,2005-07-21,10,New Dwelling - permit
1260220010021,995573,C,2005-06-15,10,New Dwelling - permit
1260220010022,991131,C,2005-04-27,10,New Dwelling - permit
1260220010023,993025,C,2005-05-24,10,New Dwelling - permit
1260220010024,993053,C,2005-05-24,10,New Dwelling - permit
1260220010025,1,C,2017-01-01,11,Additions or Remodeling
1260220010025,993052,C,2005-05-24,10,New Dwelling - permit
1260220010026,1,C,2005-05-17,10,New Dwelling - permit
1260220010027,2,C,2005-11-17,10,New Dwelling - permit
1260220010028,992764,C,2005-05-17,10,New Dwelling - permit
1260220010029,1002131,C,2005-09-20,10,New Dwelling - permit
1260220010030,989474,C,2005-04-05,10,New Dwelling - permit
1260220010031,992444,C,2005-05-13,10,New Dwelling - permit
1260220010032,984420,C,2005-01-21,10,New Dwelling - permit
1260220010033,987260,C,2005-03-03,10,New Dwelling - permit
1260220010034,997612,C,2005-07-08,10,New Dwelling - permit
1260220010035,987879,C,2005-03-15,10,New Dwelling - permit
1260220010036,988358,C,2005-03-21,10,New Dwelling - permit
1260220010037,998604,C,2005-07-21,10,New Dwelling - permit
1260220010038,1,C,2005-03-04,10,New Dwelling - permit
1260220010039,1222658,C,2010-02-02,10,New Dwelling - permit
1260220010040,1002548,C,2005-09-30,10,New Dwelling - permit
1260220010041,1033586,C,2006-01-30,10,New Dwelling - permit
1260220010042,1036111,C,2006-03-02,10,New Dwelling - permit
1260220010043,990528,C,2005-04-18,10,New Dwelling - permit
1260220010044,996992,C,2005-06-30,10,New Dwelling - permit
1260220010045,999707,C,2005-08-09,10,New Dwelling - permit
1260220010046,1265907,C,2011-04-19,10,New Dwelling - permit
1260220010047,991129,C,2005-04-27,10,New Dwelling - permit
1260220010048,1100464,C,2007-08-10,10,New Dwelling - permit
1260220010049,1036588,C,2006-03-09,10,New Dwelling - permit
1260220010049,1561185,C,2017-10-25,11,Additions or Remodeling
1260220010050,998605,C,2005-07-21,10,New Dwelling - permit
1260220010051,998606,C,2005-07-21,10,New Dwelling - permit
1260220010052,1088051,C,2007-02-05,10,New Dwelling - permit
1260220010053,997609,C,2005-07-08,10,New Dwelling - permit
1260220010054,1001831,C,2005-09-14,10,New Dwelling - permit
1260220010055,998100,C,2005-07-14,10,New Dwelling - permit
1260220010056,989475,C,2005-04-05,10,New Dwelling - permit
1260220010057,1002129,C,2005-09-20,10,New Dwelling - permit
1260220010058,1007967,C,2005-11-18,10,New Dwelling - permit
1260220010059,1043276,C,2006-05-30,10,New Dwelling - permit
1260220010060,1007968,C,2005-11-18,10,New Dwelling - permit
1260220010061,1,C,1899-12-30,15,Relocation / Bldg Move
1260220010062,1327372,C,2012-10-16,10,New Dwelling - permit
1260220010063,1272574,C,2011-06-09,10,New Dwelling - permit
1260220010064,992158,C,2005-05-10,31,"Addtns, Remodels, Lease Space"
1260220010064,1066782,C,2006-12-06,10,New Dwelling - permit
1260220010065,1,C,2007-02-09,09,New Dwelling - no permit
1260220010066,1047696,C,2006-08-03,10,New Dwelling - permit
1260220010067,1092964,C,2007-04-12,10,New Dwelling - permit
1260220010068,993049,C,2005-05-24,10,New Dwelling - permit
1260220010069,991130,C,2005-04-27,10,New Dwelling - permit
1260220010070,999952,C,2005-08-11,10,New Dwelling - permit
1260220010071,989476,C,2005-04-05,10,New Dwelling - permit
1260220010072,994867,C,2005-06-06,10,New Dwelling - permit
1260220010073,989962,C,2005-04-11,10,New Dwelling - permit
1260220010074,1004390,C,2005-10-12,10,New Dwelling - permit
1260220010074,2014950,C,2025-01-17,11,Additions or Remodeling
1260220010075,1039635,C,2006-04-17,10,New Dwelling - permit
1260220010076,1094629,C,2007-05-02,10,New Dwelling - permit
1260220010077,986600,C,2005-02-24,10,New Dwelling - permit
1260220010078,984421,C,2005-01-21,10,New Dwelling - permit
1260220010079,1043275,C,2006-05-30,10,New Dwelling - permit
1260220010080,1087515,C,2007-01-29,10,New Dwelling - permit
1260220010081,992763,C,2005-05-17,10,New Dwelling - permit
1260220010082,996118,C,2005-06-22,10,New Dwelling - permit
1260220010083,1091139,C,2007-03-21,10,New Dwelling - permit
1260220010084,1096141,C,2007-05-30,10,New Dwelling - permit
1260220010085,1276052,C,2011-07-07,10,New Dwelling - permit
1260220010086,1298358,C,2012-02-28,10,New Dwelling - permit
1260220020001,984105,C,2005-01-14,10,New Dwelling - permit
1260220020002,972470,C,2004-12-17,10,New Dwelling - permit
1260220020003,972469,C,2004-12-17,10,New Dwelling - permit
1260220020004,972467,C,2004-12-17,10,New Dwelling - permit
1260220020005,972468,C,2004-12-17,10,New Dwelling - permit
1260220020006,984751,C,2005-01-27,10,New Dwelling - permit
1260220020007,984750,C,2005-01-27,10,New Dwelling - permit
1260220020008,984749,C,2005-01-27,10,New Dwelling - permit
1260220020009,984748,C,2005-01-27,10,New Dwelling - permit
1260220020010,984877,C,2005-01-31,10,New Dwelling - permit
1260220020011,984883,C,2005-01-31,10,New Dwelling - permit
1260220020012,1002766,C,2005-04-27,10,New Dwelling - permit
1260220020013,1054965,C,2006-09-22,10,New Dwelling - permit
1260220020014,989332,C,2005-04-01,10,New Dwelling - permit
1260220020015,989333,C,2005-04-01,10,New Dwelling - permit
1260220020016,1000375,C,2005-08-17,10,New Dwelling - permit
1260220020017,2,C,2012-01-04,13,Residential Demolition
1260220020017,1005152,C,2005-10-27,10,New Dwelling - permit
1260220020017,1750797,C,2019-11-25,10,New Dwelling - permit
1260220020018,994866,C,2005-06-06,10,New Dwelling - permit
1260220020019,992443,C,2005-05-13,10,New Dwelling - permit
1260220020020,991205,C,2005-04-28,10,New Dwelling - permit
1260220020021,993510,C,2005-05-31,10,New Dwelling - permit
1260220020022,972478,C,2004-12-17,10,New Dwelling - permit
1260220020023,1000377,C,2005-08-17,10,New Dwelling - permit
1260220020024,1272296,C,2011-06-02,10,New Dwelling - permit
1260220020025,995574,C,2005-06-15,10,New Dwelling - permit
1260220020026,1,C,2011-10-17,12,Repairs (Foundation / GM)
1260220020026,1000376,C,2005-08-17,10,New Dwelling - permit
1260220020027,996993,C,2005-06-30,10,New Dwelling - permit
1260220020028,1032590,C,2006-01-18,10,New Dwelling - permit
1260220020029,984423,C,2005-01-21,10,New Dwelling - permit
1260220020030,994682,C,2005-06-02,10,New Dwelling - permit
1260220020031,1060056,C,2006-10-04,10,New Dwelling - permit
1260220020032,1045358,C,2006-06-30,10,New Dwelling - permit
1260220020033,1035133,C,2006-02-16,10,New Dwelling - permit
1260220020034,1011591,C,2005-12-02,10,New Dwelling - permit
1260220020035,1,C,2010-11-18,12,Repairs (Foundation / GM)
1260220020035,1011647,C,2005-12-06,10,New Dwelling - permit
1260220020036,993202,C,2005-05-25,10,New Dwelling - permit
1260220020037,993200,C,2005-05-25,10,New Dwelling - permit
1260220020038,999093,C,2005-07-29,10,New Dwelling - permit
1260220020039,1264082,C,2011-03-03,10,New Dwelling - permit
1260220020040,1000789,C,2005-08-25,10,New Dwelling - permit
1260220020041,1001078,C,2005-08-31,10,New Dwelling - permit
1260220020042,992441,C,2005-05-13,10,New Dwelling - permit
1260220020043,1038879,C,2006-04-05,10,New Dwelling - permit
1260220020044,1004557,C,2005-10-17,10,New Dwelling - permit
1260220020045,1000374,C,2005-08-17,10,New Dwelling - permit
1260220020046,1000373,C,2005-08-17,10,New Dwelling - permit
1260220020046,1538385,C,2017-05-02,11,Additions or Remodeling
1260220020047,986249,C,2005-02-21,10,New Dwelling - permit
1260220020048,1054969,C,2006-09-22,10,New Dwelling - permit
1260220020049,993509,C,2005-05-31,10,New Dwelling - permit
1260220020050,990531,C,2005-04-18,10,New Dwelling - permit
1260220020050,1549128,C,2017-08-04,11,Additions or Remodeling
1260220020051,996994,C,2005-06-30,10,New Dwelling - permit
1260220020052,1004391,C,2005-10-12,10,New Dwelling - permit
1260220020053,1,C,2008-02-15,15,Relocation / Bldg Move
1260220020053,1060053,C,2006-10-04,10,New Dwelling - permit
1260220020054,999092,C,2005-07-29,10,New Dwelling - permit
1260220020055,999094,C,2005-07-29,10,New Dwelling - permit
1260220020056,999705,C,2005-08-09,10,New Dwelling - permit
1260220020057,993048,C,2005-05-24,10,New Dwelling - permit
1260220020058,999706,C,2005-08-09,10,New Dwelling - permit
1260220020059,1002073,C,2005-09-20,10,New Dwelling - permit
1260220020060,996995,C,2005-06-30,10,New Dwelling - permit
1260220020061,992442,C,2005-05-13,10,New Dwelling - permit
1260220020062,992440,C,2005-05-13,10,New Dwelling - permit
1260220020063,1265607,C,2011-04-12,10,New Dwelling - permit
1260220020064,995854,C,2005-06-17,10,New Dwelling - permit
1260220020065,1002516,C,2005-09-30,10,New Dwelling - permit
1260220020066,1002130,C,2005-09-20,10,New Dwelling - permit
1260220020066,1668011,C,2018-06-15,11,Additions or Remodeling
1260220020067,1032259,C,2006-01-11,10,New Dwelling - permit
1260220020068,1047697,C,2006-08-03,10,New Dwelling - permit
1260220020069,1036589,C,2006-03-09,10,New Dwelling - permit
1260220020070,1012209,C,2005-12-20,10,New Dwelling - permit
1260220020071,984753,C,2005-01-27,10,New Dwelling - permit
1260220020072,984752,C,2005-01-27,10,New Dwelling - permit
1260220020073,972794,C,2004-12-17,10,New Dwelling - permit
1260220020074,1316379,C,2012-07-13,10,New Dwelling - permit
1260220030001,998603,C,2005-07-21,10,New Dwelling - permit
1260220030002,1091120,C,2007-03-20,10,New Dwelling - permit
1260220030003,990530,C,2005-04-18,10,New Dwelling - permit
1260220030004,993051,C,2005-05-24,10,New Dwelling - permit
1260220030005,993050,C,2005-05-24,10,New Dwelling - permit
1260220030006,1035132,C,2006-02-16,10,New Dwelling - permit
1260220030007,1043274,C,2006-05-30,10,New Dwelling - permit
1260220030008,1039634,C,2006-04-17,10,New Dwelling - permit
1260220030009,1036590,C,2006-03-09,10,New Dwelling - permit
1260220030010,1060054,C,2006-10-04,10,New Dwelling - permit
1260220030011,1048397,C,2006-08-18,10,New Dwelling - permit
1260220030012,993047,C,2005-05-24,10,New Dwelling - permit
1260220030013,1033297,C,2006-01-26,10,New Dwelling - permit
1260220030014,997658,C,2005-07-11,10,New Dwelling - permit
1260220030015,1091140,C,2007-03-21,10,New Dwelling - permit
1260220030016,1,C,2006-03-02,10,New Dwelling - permit
1260220030017,996119,C,2005-06-22,10,New Dwelling - permit
1260230010001,1037503,C,2006-03-20,10,New Dwelling - permit
1260230010002,987913,C,2005-03-15,10,New Dwelling - permit
1260230010003,984095,C,2005-01-14,10,New Dwelling - permit
1260230010004,1031955,C,2006-01-06,10,New Dwelling - permit
1260230010005,1034457,C,2006-02-09,10,New Dwelling - permit
1260230010006,1011940,C,2005-12-12,10,New Dwelling - permit
1260230010007,1002217,C,2005-09-21,10,New Dwelling - permit
1260230010008,1001567,C,2005-09-09,10,New Dwelling - permit
1260230010009,1000790,C,2005-08-25,10,New Dwelling - permit
1260230010010,1001080,C,2005-08-31,10,New Dwelling - permit
1260230010011,1002519,C,2005-09-30,10,New Dwelling - permit
1260230010012,995855,C,2005-06-17,10,New Dwelling - permit
1260230010013,1002550,C,2005-09-30,10,New Dwelling - permit
1260230010014,1002551,C,2005-09-30,10,New Dwelling - permit
1260230010015,1002552,C,2005-09-30,10,New Dwelling - permit
1260230010016,1036065,C,2006-03-02,10,New Dwelling - permit
1260230010017,998502,C,2005-07-21,10,New Dwelling - permit
1260230010018,999951,C,2005-08-11,10,New Dwelling - permit
1260230010019,984096,C,2005-01-14,10,New Dwelling - permit
1260230010020,984097,C,2005-01-14,10,New Dwelling - permit
1260230010021,1007292,C,2005-11-03,10,New Dwelling - permit
1260230010022,1054739,C,2006-09-18,10,New Dwelling - permit
1260230010023,984094,C,2005-01-14,10,New Dwelling - permit
1260230010024,984098,C,2005-01-14,10,New Dwelling - permit
1260230010025,984099,C,2005-01-14,10,New Dwelling - permit
1260230010026,984100,C,2005-01-14,10,New Dwelling - permit
1260230010027,992942,C,2005-05-20,10,New Dwelling - permit
1260230010028,1002218,C,2005-09-21,10,New Dwelling - permit
1260230010029,1004691,C,2005-10-19,10,New Dwelling - permit
1260230010030,992941,C,2005-05-20,10,New Dwelling - permit
1260230010031,984104,C,2005-01-14,10,New Dwelling - permit
1260230010032,984103,C,2005-01-14,10,New Dwelling - permit
1260230010033,984102,C,2005-01-14,10,New Dwelling - permit
1260230010034,984101,C,2005-01-14,10,New Dwelling - permit
1260230010035,988077,C,2005-03-16,10,New Dwelling - permit
1260230010036,992445,C,2005-05-13,10,New Dwelling - permit
1260230010037,2,C,2005-11-03,10,New Dwelling - permit
1260230010038,999463,C,2005-08-04,10,New Dwelling - permit
1260230010039,1001568,C,2005-09-09,10,New Dwelling - permit
1260230010040,1001569,C,2005-09-09,10,New Dwelling - permit
1260230010041,993203,C,2005-05-25,10,New Dwelling - permit
1260230010042,1002219,C,2005-09-21,10,New Dwelling - permit
1260230010043,996106,C,2005-06-22,10,New Dwelling - permit
1260230010044,987914,C,2005-03-15,10,New Dwelling - permit
1260230010045,999097,C,2005-07-29,10,New Dwelling - permit
1260230010046,1012060,C,2005-12-14,10,New Dwelling - permit
1260230010047,2,C,2006-04-17,10,New Dwelling - permit
1260230010048,991132,C,2005-04-27,10,New Dwelling - permit
1260230010049,1,C,2018-09-27,11,Additions or Remodeling
1260230010049,991133,C,2005-04-27,10,New Dwelling - permit
1260230010050,984422,C,2005-01-21,10,New Dwelling - permit
1260230010051,989477,C,2005-04-05,10,New Dwelling - permit
1260230010052,997610,C,2005-07-08,10,New Dwelling - permit
1260230010053,1000378,C,2005-08-17,10,New Dwelling - permit
1260230010054,1000379,C,2005-08-17,10,New Dwelling - permit
1260230010055,1002220,C,2005-09-21,10,New Dwelling - permit
1260230010055,1012297,C,2005-12-21,07,Extra Features (OB&Y)
1260230010056,1047550,C,2006-08-02,10,New Dwelling - permit
1260230010057,993201,C,2005-05-25,31,"Addtns, Remodels, Lease Space"
1260230010057,1097855,C,2007-06-25,10,New Dwelling - permit
1260230020001,984704,C,2005-01-26,31,"Addtns, Remodels, Lease Space"
1260230020001,1063578,C,2006-10-30,10,New Dwelling - permit
1260230020002,988076,C,2005-03-16,10,New Dwelling - permit
1260230020003,1037634,C,2006-03-21,10,New Dwelling - permit
1260230020004,1001079,C,2005-08-31,10,New Dwelling - permit
1260230020005,999096,C,2005-07-29,10,New Dwelling - permit
1260230020006,1001570,C,2005-09-09,10,New Dwelling - permit
1260230020007,1004690,C,2005-10-19,10,New Dwelling - permit
1260230020008,1001596,C,2005-09-12,10,New Dwelling - permit
1260230020009,1043028,C,2006-05-26,10,New Dwelling - permit
1260230020010,1001595,C,2005-09-12,10,New Dwelling - permit
1260230020011,984325,C,2005-01-19,10,New Dwelling - permit
1260230020012,984324,C,2005-01-19,10,New Dwelling - permit
1260230020013,984326,C,2005-01-19,10,New Dwelling - permit
1260230020014,984327,C,2005-01-19,10,New Dwelling - permit
1260230020015,1004378,C,2005-10-12,10,New Dwelling - permit
1260230020016,1031959,C,2006-01-06,10,New Dwelling - permit
1260230020017,999704,C,2005-08-09,10,New Dwelling - permit
1260230020018,1001081,C,2005-08-31,10,New Dwelling - permit
1260230020019,985100,C,2005-02-03,10,New Dwelling - permit
1260230020019,1508141,C,2016-09-14,11,Additions or Remodeling
1260230020020,985101,C,2005-02-03,10,New Dwelling - permit
1260230020021,1037504,C,2006-03-20,10,New Dwelling - permit
1260230020022,989478,C,2005-04-05,10,New Dwelling - permit
1260230020023,1031963,C,2006-01-06,10,New Dwelling - permit
1260230020024,999462,C,2005-08-04,10,New Dwelling - permit
1260230020025,1005153,C,2005-10-27,10,New Dwelling - permit
1260230020026,1002553,C,2005-09-30,10,New Dwelling - permit
1260230030001,999703,C,2005-08-09,10,New Dwelling - permit
1260230030002,989961,C,2005-04-11,10,New Dwelling - permit
1260230030003,993561,C,2005-05-31,10,New Dwelling - permit
1260230030004,998024,C,2005-07-14,10,New Dwelling - permit
1260230030005,1037502,C,2006-03-20,10,New Dwelling - permit
1260230030006,1011592,C,2005-12-02,10,New Dwelling - permit
1260230030007,1004383,C,2005-10-12,10,New Dwelling - permit
1260230030008,1000063,C,2005-08-15,10,New Dwelling - permit
1260230030009,988075,C,2005-03-16,10,New Dwelling - permit
1260230030010,1031964,C,2006-01-06,10,New Dwelling - permit
1260230030011,1001593,C,2005-09-12,10,New Dwelling - permit
1260230030012,999953,C,2005-08-11,10,New Dwelling - permit
1260230030013,1011648,C,2005-12-06,10,New Dwelling - permit
1260230030014,1038878,C,2006-04-05,10,New Dwelling - permit
1260230030015,1004382,C,2005-10-12,10,New Dwelling - permit
1260230030016,1031965,C,2006-01-06,10,New Dwelling - permit
1260230030017,1037605,C,2006-03-21,10,New Dwelling - permit
1260230030018,993508,C,2005-05-31,10,New Dwelling - permit
1260230030019,998501,C,2005-07-21,10,New Dwelling - permit
1260230030020,993507,C,2005-05-31,10,New Dwelling - permit
1260230030021,993562,C,2005-05-31,10,New Dwelling - permit
1260230030022,1032260,C,2006-01-11,10,New Dwelling - permit
1260230030023,1000062,C,2005-08-15,10,New Dwelling - permit
1260230030024,1012061,C,2005-12-14,10,New Dwelling - permit
1260230030025,989479,C,2005-04-05,10,New Dwelling - permit
1260230030026,1031956,C,2006-01-06,10,New Dwelling - permit
1260230030027,994681,C,2005-06-02,10,New Dwelling - permit
1260230030028,1086128,C,2007-01-03,10,New Dwelling - permit
1260230030029,999095,C,2005-07-29,10,New Dwelling - permit
1260230030030,1040375,C,2006-04-25,10,New Dwelling - permit
1260230030031,996105,C,2005-06-22,10,New Dwelling - permit
1260230030032,1000791,C,2005-08-25,10,New Dwelling - permit
1260230030033,990532,C,2005-04-18,10,New Dwelling - permit
1260230030033,1355430,C,2013-05-10,11,Additions or Remodeling
1260230030034,993506,C,2005-05-31,10,New Dwelling - permit
1260230040001,995856,C,2005-06-17,10,New Dwelling - permit
1260230040002,1002518,C,2005-09-30,10,New Dwelling - permit
1260230040003,998503,C,2005-07-21,10,New Dwelling - permit
1260230040004,996997,C,2005-06-30,10,New Dwelling - permit
1260230040005,998025,C,2005-07-14,10,New Dwelling - permit
1260230040006,1001571,C,2005-09-09,10,New Dwelling - permit
1260230040007,1004536,C,2005-10-17,10,New Dwelling - permit
1260230040008,1037606,C,2006-03-21,10,New Dwelling - permit
1260230040009,997611,C,2005-07-08,10,New Dwelling - permit
1260230040010,1031957,C,2006-01-06,10,New Dwelling - permit
1260230040011,985098,C,2005-02-03,10,New Dwelling - permit
1260230040012,985099,C,2005-02-03,10,New Dwelling - permit
1260230040013,988050,C,2005-03-16,10,New Dwelling - permit
1260230040014,1001572,C,2005-09-09,10,New Dwelling - permit
1260230040015,988049,C,2005-03-16,10,New Dwelling - permit
1260230040016,988048,C,2005-03-16,10,New Dwelling - permit
1260230040017,993505,C,2005-05-31,10,New Dwelling - permit
1260230040018,989960,C,2005-04-11,10,New Dwelling - permit
1260230040019,988531,C,2005-03-22,10,New Dwelling - permit
1260230040020,1005154,C,2005-10-27,10,New Dwelling - permit
1260230040021,998026,C,2005-07-14,10,New Dwelling - permit
1260230040022,1036066,C,2006-03-02,10,New Dwelling - permit
1260230040023,996998,C,2005-06-30,10,New Dwelling - permit
1260230040024,1002517,C,2005-09-30,10,New Dwelling - permit
1260240010001,998901,C,2005-07-27,10,New Dwelling - permit
1260240010002,1100469,C,2007-08-10,10,New Dwelling - permit
1260240010003,990624,C,2005-04-19,10,New Dwelling - permit
1260240010004,990085,C,2005-04-12,10,New Dwelling - permit
1260240010005,1042747,C,2006-05-23,10,New Dwelling - permit
1260240010006,1,C,2015-11-18,12,Repairs (Foundation / GM)
1260240010006,1033654,C,2006-01-31,10,New Dwelling - permit
1260240010007,998903,C,2005-07-27,10,New Dwelling - permit
1260240010007,1883463,C,2022-06-09,07,Extra Features (OB&Y)
1260240010008,1258198,C,2011-01-11,10,New Dwelling - permit
1260240010009,1099673,C,2007-07-30,10,New Dwelling - permit
1260240010010,1101244,C,2007-08-24,10,New Dwelling - permit
1260240010011,1087492,C,2007-01-29,10,New Dwelling - permit
1260240010012,987264,C,2005-03-04,10,New Dwelling - permit
1260240010013,989850,C,2005-04-07,10,New Dwelling - permit
1260240010014,1,C,2017-08-23,50,Disaster Review
1260240010014,987265,C,2005-03-04,10,New Dwelling - permit
1260240010014,1650946,C,2018-03-14,17,Disaster Repair
1260240010015,988487,C,2005-03-22,10,New Dwelling - permit
1260240010016,1067317,C,2006-12-22,10,New Dwelling - permit
1260240010017,1240107,C,2010-08-31,10,New Dwelling - permit
1260240010018,1242585,C,2010-09-16,10,New Dwelling - permit
1260240010019,1258608,C,2011-01-25,10,New Dwelling - permit
1260240010020,1091125,C,2007-03-20,10,New Dwelling - permit
1260240010020,1181243,C,2009-05-13,11,Additions or Remodeling
1260240010021,1060479,C,2006-10-17,10,New Dwelling - permit
1260240010022,993073,C,2005-05-24,10,New Dwelling - permit
1260240010023,1054612,C,2006-09-15,10,New Dwelling - permit
1260240010024,1091711,C,2007-03-26,10,New Dwelling - permit
1260240010025,1032196,C,2006-01-11,10,New Dwelling - permit
1260240010026,1033967,C,2006-02-02,10,New Dwelling - permit
1260240010027,1033966,C,2006-02-02,10,New Dwelling - permit
1260240010028,1008281,C,2005-11-29,10,New Dwelling - permit
1260240010029,1259042,C,2011-02-08,10,New Dwelling - permit
1260240010030,1067370,C,2006-12-28,10,New Dwelling - permit
1260240010031,990623,C,2005-04-19,10,New Dwelling - permit
1260240010031,1649335,C,2018-02-22,11,Additions or Remodeling
1260240010032,991838,C,2005-05-05,31,"Addtns, Remodels, Lease Space"
1260240010032,1032123,C,2006-01-10,10,New Dwelling - permit
1260240010033,1060480,C,2006-10-17,10,New Dwelling - permit
1260240010034,1032195,C,2006-01-11,10,New Dwelling - permit
1260240010035,1240141,C,2010-08-12,10,New Dwelling - permit
1260240010036,1067371,C,2006-12-28,10,New Dwelling - permit
1260240010037,1034330,C,2006-02-09,10,New Dwelling - permit
1260240010037,1549129,C,2017-08-10,07,Extra Features (OB&Y)
1260240010038,1032549,C,2006-01-17,10,New Dwelling - permit
1260240010039,1012287,C,2005-12-21,10,New Dwelling - permit
1260240010040,1,C,2008-03-25,07,Extra Features (OB&Y)
1260240010040,1091558,C,2007-03-23,10,New Dwelling - permit
1260240010041,1067372,C,2006-12-28,10,New Dwelling - permit
1260240010042,989442,C,2005-04-04,10,New Dwelling - permit
1260240010043,1032121,C,2006-01-10,10,New Dwelling - permit
1260240010044,1040005,C,2006-04-21,10,New Dwelling - permit
1260240010045,1033674,C,2006-01-31,10,New Dwelling - permit
1260240010046,1033676,C,2006-01-31,10,New Dwelling - permit
1260240010047,1033675,C,2006-01-31,10,New Dwelling - permit
1260240010048,1042734,C,2006-05-23,10,New Dwelling - permit
1260240010049,1047484,C,2006-08-01,10,New Dwelling - permit
1260240010050,1183113,C,2009-06-24,10,New Dwelling - permit
1260240010051,1109757,C,2007-11-16,10,New Dwelling - permit
1260240010051,1238390,C,2010-07-08,10,New Dwelling - permit
1260240010052,998902,C,2005-07-27,10,New Dwelling - permit
1260240010053,1093798,C,2007-04-25,10,New Dwelling - permit
1260240010054,1,C,1899-12-30,09,New Dwelling - no permit
1260240010055,1038008,C,2006-03-24,10,New Dwelling - permit
1260240010056,1038007,C,2006-03-24,10,New Dwelling - permit
1260240010056,1684750,C,2018-09-05,10,New Dwelling - permit
1260240010057,1527511,C,2017-02-20,10,New Dwelling - permit
1260240010058,1067315,C,2006-12-22,10,New Dwelling - permit
1260240010059,1242985,C,2010-09-30,10,New Dwelling - permit
1260240020001,990059,C,2005-04-12,10,New Dwelling - permit
1260240020002,990561,C,2005-04-19,10,New Dwelling - permit
1260240020003,991245,C,2005-04-28,10,New Dwelling - permit
1260240020004,990083,C,2005-04-12,10,New Dwelling - permit
1260240020005,990084,C,2005-04-12,10,New Dwelling - permit
1260240020006,991243,C,2005-04-28,10,New Dwelling - permit
1260240020007,985315,C,2005-02-07,10,New Dwelling - permit
1260240020008,985313,C,2005-02-07,10,New Dwelling - permit
1260240020009,988556,C,2005-03-22,10,New Dwelling - permit
1260240020010,989437,C,2005-04-04,10,New Dwelling - permit
1260240020011,984694,C,2005-01-26,10,New Dwelling - permit
1260240020012,988555,C,2005-03-22,10,New Dwelling - permit
1260240020013,985312,C,2005-02-07,10,New Dwelling - permit
1260240020014,984695,C,2005-01-26,10,New Dwelling - permit
1260240020015,998366,C,2005-07-19,10,New Dwelling - permit
1260240020016,987266,C,2005-03-04,10,New Dwelling - permit
1260240020016,1497052,C,2016-06-21,11,Additions or Remodeling
1260240020017,987263,C,2005-03-04,10,New Dwelling - permit
1260240020018,987268,C,2005-03-04,10,New Dwelling - permit
1260240020019,987267,C,2005-03-04,10,New Dwelling - permit
1260240020020,991244,C,2005-04-28,10,New Dwelling - permit
1260240020021,992715,C,2005-05-17,10,New Dwelling - permit
1260240020022,1264492,C,2011-03-15,10,New Dwelling - permit
1260240020023,1097853,C,2007-06-25,10,New Dwelling - permit
1260240020024,1004261,C,2005-10-10,10,New Dwelling - permit
1260240020025,1005065,C,2005-10-26,10,New Dwelling - permit
1260240020026,1067316,C,2006-12-22,10,New Dwelling - permit
1260240020027,1091193,C,2007-03-21,10,New Dwelling - permit
1260240020028,983789,C,2005-01-10,10,New Dwelling - permit
1260240020028,1156725,C,2008-06-27,11,Additions or Remodeling
1260240020029,983790,C,2005-01-10,10,New Dwelling - permit
1260240020030,991246,C,2005-04-28,10,New Dwelling - permit
1260240020031,1000167,C,2005-08-16,10,New Dwelling - permit
1260240020032,1032122,C,2006-01-10,10,New Dwelling - permit
1260240020032,1225780,C,2010-04-13,07,Extra Features (OB&Y)
1260240020033,999302,C,2005-08-02,10,New Dwelling - permit
1260240020034,998349,C,2005-07-19,10,New Dwelling - permit
1260240020035,1001343,C,2005-09-07,10,New Dwelling - permit
1260240020036,999301,C,2005-08-02,10,New Dwelling - permit
1260240020037,998348,C,2005-07-19,10,New Dwelling - permit
1260240020038,997577,C,2005-07-08,10,New Dwelling - permit
1260240020039,996321,C,2005-06-23,10,New Dwelling - permit
1260240020040,1007414,C,2005-11-08,10,New Dwelling - permit
1260240020040,1037783,C,2006-03-22,07,Extra Features (OB&Y)
1260240020041,1096140,C,2007-05-30,10,New Dwelling - permit
1260240020041,1156857,C,2008-06-30,11,Additions or Remodeling
1260240020042,1225952,C,2010-04-15,10,New Dwelling - permit
1260240020043,1097070,C,2007-06-13,10,New Dwelling - permit
1260240020044,1087493,C,2007-01-29,10,New Dwelling - permit
1260240020045,995395,C,2005-06-13,10,New Dwelling - permit
1260240020046,1000550,C,2005-08-22,10,New Dwelling - permit
1260240020047,1224002,C,2010-03-04,10,New Dwelling - permit
1260240020048,988557,C,2005-03-22,10,New Dwelling - permit
1260240020049,1011776,C,2005-12-08,10,New Dwelling - permit
1260240020050,993074,C,2005-05-24,10,New Dwelling - permit
1260240020051,1007912,C,2005-11-17,10,New Dwelling - permit
1260240020052,1035539,C,2006-02-23,10,New Dwelling - permit
1260240020053,1042733,C,2006-05-23,10,New Dwelling - permit
1260240020055,999300,C,2005-08-02,10,New Dwelling - permit
1260240020056,997584,C,2005-07-08,10,New Dwelling - permit
1260240020057,995393,C,2005-06-13,10,New Dwelling - permit
1260240020058,1087494,C,2007-01-29,10,New Dwelling - permit
1260240020059,1067314,C,2006-12-22,10,New Dwelling - permit
1260240020060,1104892,C,2007-09-25,10,New Dwelling - permit
1260240020061,1238389,C,2010-07-08,10,New Dwelling - permit
1260240020062,1233451,C,2010-06-15,10,New Dwelling - permit
1260240020063,1099672,C,2007-07-30,10,New Dwelling - permit
1260240020064,1100468,C,2007-08-10,10,New Dwelling - permit
1260240020065,995394,C,2005-06-13,10,New Dwelling - permit
1260240020066,1104951,C,2007-09-26,10,New Dwelling - permit
1260240020067,1233756,C,2010-06-24,10,New Dwelling - permit
1260240020068,1238135,C,2010-07-01,10,New Dwelling - permit
1260240020069,1067318,C,2006-12-22,10,New Dwelling - permit
1260240020070,1233118,C,2010-06-08,10,New Dwelling - permit
1260240020071,1042732,C,2006-05-23,10,New Dwelling - permit
1260240020072,1042735,C,2006-05-23,10,New Dwelling - permit
1260240020073,1042737,C,2006-05-23,10,New Dwelling - permit
1260240020074,1060478,C,2006-10-17,10,New Dwelling - permit
1260240020075,1042736,C,2006-05-23,10,New Dwelling - permit
1260240020076,1060370,C,2006-10-12,10,New Dwelling - permit
1260240020077,972556,C,2004-12-28,10,New Dwelling - permit
1260240020078,972557,C,2004-12-28,10,New Dwelling - permit
1260240020079,1288875,C,2011-11-02,10,New Dwelling - permit
1260250010001,1541355,C,2017-06-01,32,"Paving, Parking Lot, Slab"
1260250010001,1797063,C,2020-10-01,32,"Paving, Parking Lot, Slab"
1260250010001,1805276,C,2020-12-28,32,"Paving, Parking Lot, Slab"
1260250010001,2031696,C,2025-05-27,32,"Paving, Parking Lot, Slab"
1260750010001,1,C,2007-03-21,07,Extra Features (OB&Y)
1260750010001,1037083,C,2006-03-15,10,New Dwelling - permit
1260750010002,1,C,1899-12-30,07,Extra Features (OB&Y)
1260750010002,1032596,C,2006-01-18,10,New Dwelling - permit
1260750010002,1245936,C,2010-10-29,07,Extra Features (OB&Y)
1260750010003,1001200,C,2005-09-01,10,New Dwelling - permit
1260750010005,988244,C,2005-03-17,10,New Dwelling - permit
1260750010005,1100208,C,2007-08-06,07,Extra Features (OB&Y)
1260750010006,1,C,2007-03-19,07,Extra Features (OB&Y)
1260750010006,1032597,C,2006-01-18,10,New Dwelling - permit
1260750010007,1,C,2007-04-25,07,Extra Features (OB&Y)
1260750010007,1007808,C,2005-11-16,10,New Dwelling - permit
1260750010008,1,C,1899-12-30,07,Extra Features (OB&Y)
1260750010008,999947,C,2005-08-11,10,New Dwelling - permit
1260750010009,994664,C,2005-06-02,10,New Dwelling - permit
1260750010009,1386247,C,2014-01-07,07,Extra Features (OB&Y)
1260750010010,989868,C,2005-04-07,10,New Dwelling - permit
1260750010010,1091302,C,2007-03-21,07,Extra Features (OB&Y)
1260750010011,1000226,C,2005-08-16,10,New Dwelling - permit
1260750010011,1289702,C,2011-11-29,07,Extra Features (OB&Y)
1260750010011,1404118,C,2014-06-05,11,Additions or Remodeling
1260750010012,988243,C,2005-03-17,10,New Dwelling - permit
1260750010013,1007940,C,2005-11-18,10,New Dwelling - permit
1260750010013,1422799,C,2014-11-13,12,Repairs (Foundation / GM)
1260750010014,1001199,C,2005-09-01,10,New Dwelling - permit
1260750010015,1032598,C,2006-01-18,10,New Dwelling - permit
1260750010015,1311294,C,2012-05-15,07,Extra Features (OB&Y)
1260750010016,1005066,C,2005-10-26,10,New Dwelling - permit
1260750010017,1086509,C,2007-01-11,10,New Dwelling - permit
1260750010017,1870289,C,2022-03-15,07,Extra Features (OB&Y)
1260750010018,1163956,C,2008-10-30,10,New Dwelling - permit
1260750020001,1271541,C,2011-05-13,10,New Dwelling - permit
1260750020002,1007812,C,2005-11-16,10,New Dwelling - permit
1260750020003,989869,C,2005-04-07,10,New Dwelling - permit
1260750020003,1934949,C,2023-06-20,07,Extra Features (OB&Y)
1260750020004,1086508,C,2007-01-11,10,New Dwelling - permit
0835530000002,1640009,C,2017-08-23,50,Disaster Review
0835530000003,2,C,1899-12-30,11,Additions or Remodeling
0835550000007,1663224,C,2018-05-09,50,Disaster Review
0835550000011,1,C,2025-09-23,14,RP Mobile Home w/ Land
0835550000011,1211190,C,2009-12-15,12,Repairs (Foundation / GM)
0835560000018,1737743,C,2019-09-24,50,Disaster Review
0835570000019,1,C,2003-11-05,07,Extra Features (OB&Y)
0835570000020,2,C,2006-09-20,11,Additions or Remodeling
0835570000024,1960322,C,2023-12-21,14,RP Mobile Home w/ Land
0835570000024,1960323,C,2023-12-21,14,RP Mobile Home w/ Land
0835570000025,1759089,C,2020-01-04,14,RP Mobile Home w/ Land
0835570000025,1865409,C,2022-02-11,14,RP Mobile Home w/ Land
0835570000025,1874164,C,2022-04-28,14,RP Mobile Home w/ Land
0835570000026,1429900,C,2015-01-26,14,RP Mobile Home w/ Land
0835570000026,1836001,C,2021-07-07,14,RP Mobile Home w/ Land
0835570000027,938692,C,2004-04-28,30,New Building
0835570000028,1,C,2003-04-03,07,Extra Features (OB&Y)
0835580000027,1,C,2015-03-18,13,Residential Demolition
0835580000027,1430110,C,2015-02-05,14,RP Mobile Home w/ Land
0835580000027,1770140,C,2020-04-08,14,RP Mobile Home w/ Land
0835580000027,2035269,C,2025-06-18,14,RP Mobile Home w/ Land
0835580000033,1586510,C,2017-08-23,50,Disaster Review
0835580000034,1,C,2019-04-10,11,Additions or Remodeling
0835580000034,1586511,C,2017-08-23,50,Disaster Review
0835580000038,1667359,C,2018-06-20,17,Disaster Repair
0835580000040,1,C,2012-01-01,13,Residential Demolition
0835580000040,1045872,C,2006-07-07,14,RP Mobile Home w/ Land
0835580000041,1586512,C,2017-08-23,50,Disaster Review
0835580000045,1586513,C,2017-08-23,50,Disaster Review
0835580000046,1,C,2012-03-09,13,Residential Demolition
0835580000048,1586514,C,2017-08-23,50,Disaster Review
0835590000049,1586515,C,2017-08-23,50,Disaster Review
0835590000054,2,C,2021-08-10,50,Disaster Review
0835600000057,1586517,C,2017-08-23,50,Disaster Review
0835600000057,1677839,C,2018-08-13,17,Disaster Repair
0835600000057,1745364,C,2019-09-19,50,Disaster Review
0835600000057,1762534,C,2020-02-05,17,Disaster Repair
0835600000057,1773220,C,2020-05-01,11,Additions or Remodeling
0835600000058,1586518,C,2017-08-23,50,Disaster Review
0835600000060,1098331,C,2007-07-02,14,RP Mobile Home w/ Land
0835600000060,1446365,C,2015-06-05,14,RP Mobile Home w/ Land
0835600000061,1586519,C,2017-08-23,50,Disaster Review
0835600000062,1586520,C,2017-08-23,50,Disaster Review
0835600000064,1,C,2004-10-14,11,Additions or Remodeling
0835600000064,942139,C,2004-08-10,15,Relocation / Bldg Move
0835600000064,1586521,C,2017-08-23,50,Disaster Review
0835600000066,1586522,C,2017-08-23,50,Disaster Review
0835600000066,1663225,C,2018-05-22,17,Disaster Repair
0835600000069,1586524,C,2017-08-23,50,Disaster Review
0835600000069,1663226,C,2018-05-10,17,Disaster Repair
0835600000073,1,C,2009-01-01,12,Repairs (Foundation / GM)
0835600000073,1586526,C,2017-08-23,50,Disaster Review
0835600000075,1279375,C,2011-08-11,14,RP Mobile Home w/ Land
0835600000080,1,C,2001-06-08,07,Extra Features (OB&Y)
0835600000080,933801,C,2004-01-16,14,RP Mobile Home w/ Land
0835600000080,933802,C,2004-01-16,07,Extra Features (OB&Y)
0835600000085,1586527,C,2017-08-23,50,Disaster Review
0835600000085,1672263,C,2018-07-23,17,Disaster Repair
0835600000086,1586528,C,2017-08-23,50,Disaster Review
0835600000086,1672264,C,2018-07-23,17,Disaster Repair
0835600000087,1586529,C,2017-08-23,50,Disaster Review
0835600000087,1672265,C,2018-07-23,17,Disaster Repair
0835600000088,1586530,C,2017-08-23,50,Disaster Review
0835600000089,1423177,C,2014-11-26,11,Additions or Remodeling
0835600000089,1586531,C,2017-08-23,50,Disaster Review
0835600000090,2,C,2022-03-15,07,Extra Features (OB&Y)
0835600000090,1887442,C,2022-07-22,07,Extra Features (OB&Y)
0835600000090,1887443,C,2022-07-22,07,Extra Features (OB&Y)
0835600000091,1359268,C,2013-06-11,07,Extra Features (OB&Y)
0835600000091,1490635,C,2016-02-24,14,RP Mobile Home w/ Land
0835600000092,1,C,2001-06-08,09,New Dwelling - no permit
0835610000093,1663227,C,2018-05-25,17,Disaster Repair
0835610000100,1821202,C,2021-04-22,07,Extra Features (OB&Y)
0835610000100,2018508,C,2025-02-07,11,Additions or Remodeling
0835610000100,2018509,C,2025-02-07,07,Extra Features (OB&Y)
0835610000100,2039821,C,2025-07-07,07,Extra Features (OB&Y)
0835610000106,1,C,2007-01-12,13,Residential Demolition
0835610000107,1258717,C,2011-01-28,11,Additions or Remodeling
0835610000107,1258718,C,2011-01-28,14,RP Mobile Home w/ Land
0835610000107,1258719,C,2011-01-28,11,Additions or Remodeling
0835610000108,1,C,2001-06-08,17,Disaster Repair
0835610000109,1,C,2003-05-07,07,Extra Features (OB&Y)
0835610000120,1,C,2007-01-12,13,Residential Demolition
0835610000126,1,C,2003-01-27,12,Repairs (Foundation / GM)
0835610000126,1271735,C,2011-05-19,11,Additions or Remodeling
0835610000126,1586532,C,2017-08-23,50,Disaster Review
0835610000126,1677840,C,2018-08-09,17,Disaster Repair
0835620000129,1,C,2012-03-09,13,Residential Demolition
0835620000132,1,C,2004-11-12,31,"Addtns, Remodels, Lease Space"
0835620000141,1,C,2003-01-31,12,Repairs (Foundation / GM)
0835620000145,1,C,2015-05-29,07,Extra Features (OB&Y)
0835620000145,2,M,2024-01-24,11,Additions or Remodeling
0835620000154,1,C,2012-03-09,13,Residential Demolition
0835620000160,1,C,2018-03-16,14,RP Mobile Home w/ Land
0835620000161,1,C,1899-12-30,13,Residential Demolition
0835620000161,1450336,C,2015-07-06,10,New Dwelling - permit
0835620000166,1,C,1899-12-30,11,Additions or Remodeling
0835620000166,1586533,C,2017-08-23,50,Disaster Review
0835620000171,1586534,C,2017-08-23,50,Disaster Review
0835620000173,1,C,2001-06-08,17,Disaster Repair
0835620000173,1586535,C,2017-08-23,50,Disaster Review
0835620000180,2,C,2007-02-01,13,Residential Demolition
0835620000180,3,C,2007-02-01,09,New Dwelling - no permit
0835620000180,1064197,C,2006-11-17,07,Extra Features (OB&Y)
0835620000180,1245211,C,2010-10-04,07,Extra Features (OB&Y)
0835620000180,1245212,C,2010-10-04,07,Extra Features (OB&Y)
0835620000180,1245213,C,2010-10-04,07,Extra Features (OB&Y)
0835620000180,1586536,C,2017-08-23,50,Disaster Review
0835630000185,1586537,C,2017-08-23,50,Disaster Review
0835630000191,1040867,C,2006-05-02,07,Extra Features (OB&Y)
0835630000191,1812273,C,2021-02-11,11,Additions or Remodeling
0835630000197,1,C,2016-01-01,07,Extra Features (OB&Y)
0835630000198,1371200,C,2013-09-17,07,Extra Features (OB&Y)
0835630000198,1394819,C,2014-03-27,07,Extra Features (OB&Y)
0835630000199,1,C,2012-10-30,12,Repairs (Foundation / GM)
0835630000199,1403096,C,2014-05-16,07,Extra Features (OB&Y)
0835630000200,1461057,C,2015-10-01,11,Additions or Remodeling
0835630000202,1684557,C,2018-09-05,10,New Dwelling - permit
0835640000211,1,C,2007-01-12,11,Additions or Remodeling
0835640000215,1,C,2018-11-28,13,Residential Demolition
0835640000223,1586538,C,2017-08-23,50,Disaster Review
0835650000226,1586540,C,2017-08-23,50,Disaster Review
0835650000233,1,C,2023-02-23,11,Additions or Remodeling
0835650000233,1650624,C,2018-03-19,17,Disaster Repair
0835650000234,1667360,C,2018-06-18,17,Disaster Repair
0835650000237,1586543,C,2017-08-23,50,Disaster Review
0835650000237,1667361,C,2018-06-20,17,Disaster Repair
0835650000238,1,C,2024-09-11,12,Repairs (Foundation / GM)
0851640000007,1138093,C,2008-03-04,31,"Addtns, Remodels, Lease Space"
0851640000007,1172733,C,2008-11-20,31,"Addtns, Remodels, Lease Space"
0851640000007,1172734,C,2008-11-20,31,"Addtns, Remodels, Lease Space"
0851640000015,1,C,2008-12-17,10,New Dwelling - permit
0851640000016,1983251,M,2025-03-06,10,New Dwelling - permit
0851640000020,2060861,M,2025-12-10,11,Additions or Remodeling
0851640000021,1,C,2003-02-17,10,New Dwelling - permit
0851650000029,1588221,C,2017-08-23,50,Disaster Review
0851660000030,1588222,C,2017-08-23,50,Disaster Review
0851660000037,1775699,C,2020-06-26,11,Additions or Remodeling
0851660000039,1116888,C,2007-10-29,10,New Dwelling - permit
0851660000040,1,C,1899-12-30,12,Repairs (Foundation / GM)
0851660000041,1305983,C,2012-04-03,10,New Dwelling - permit
0851660000044,1806980,C,2021-02-22,11,Additions or Remodeling
0851670000045,1,C,2003-12-31,09,New Dwelling - no permit
0851670000045,2,C,2022-05-28,10,New Dwelling - permit
0851670000046,1,C,2003-12-31,09,New Dwelling - no permit
0851670000047,1814824,C,2021-03-08,10,New Dwelling - permit
0851670000048,1,C,2017-01-12,09,New Dwelling - no permit
0851670000050,1,C,2012-08-07,11,Additions or Remodeling
0851670000053,1,C,2008-09-13,50,Disaster Review
0851670000060,1,C,2025-03-07,10,New Dwelling - permit
0851670000062,1267590,C,2011-04-18,17,Disaster Repair
0851670000063,1775700,C,2020-06-01,10,New Dwelling - permit
0851670000065,1,C,2014-04-24,15,Relocation / Bldg Move
0851670000066,1375578,C,2013-10-21,10,New Dwelling - permit
0851670000068,1,C,2010-07-08,11,Additions or Remodeling
0851670000069,1895326,C,2023-12-15,10,New Dwelling - permit
0851670000069,1947099,C,2025-03-07,11,Additions or Remodeling
0851670000075,1,C,2019-08-15,10,New Dwelling - permit
0851680000073,2013313,M,2025-01-10,10,New Dwelling - permit
0851680000074,1069516,C,2006-02-01,10,New Dwelling - permit
0851680000074,1377875,C,2013-11-14,07,Extra Features (OB&Y)
0851680000075,1547573,C,2017-07-28,10,New Dwelling - permit
0851680000076,1588223,C,2017-08-23,50,Disaster Review
0851680000079,2,C,2020-04-09,11,Additions or Remodeling
0851680000082,1486082,C,2016-03-07,11,Additions or Remodeling
0851680000083,2,C,2014-07-14,07,Extra Features (OB&Y)
0851680000093,1,C,2009-01-01,10,New Dwelling - permit
0851680000093,2,C,1899-12-30,11,Additions or Remodeling
0851680000093,1139259,C,2008-03-18,11,Additions or Remodeling
0851680000093,1161790,C,2008-07-18,07,Extra Features (OB&Y)
0851680000095,1829087,C,2021-06-21,11,Additions or Remodeling
0851680000096,1050213,C,2006-01-19,10,New Dwelling - permit
0851680000096,1588224,C,2017-08-23,50,Disaster Review
0851680000098,1699943,C,2018-09-21,12,Repairs (Foundation / GM)
0851690000099,1919198,C,2023-03-14,11,Additions or Remodeling
0851690000101,2,C,1899-12-30,11,Additions or Remodeling
0851690000102,2,C,2006-01-01,15,Relocation / Bldg Move
0851690000102,1147210,C,2008-06-05,12,Repairs (Foundation / GM)
0851690000108,1,C,2003-09-29,11,Additions or Remodeling
0851690000116,2,C,2016-08-09,10,New Dwelling - permit
0851690000116,1657964,C,2018-04-11,07,Extra Features (OB&Y)
0851690000118,1,C,2017-12-13,07,Extra Features (OB&Y)
0851690000121,1317800,C,2012-07-10,11,Additions or Remodeling
0851690000122,1,C,2006-01-01,13,Residential Demolition
0851690000123,1,C,2018-03-27,09,New Dwelling - no permit
0851700000123,1458929,C,2015-08-18,11,Additions or Remodeling
0851700000125,1685942,C,2018-08-14,10,New Dwelling - permit
0851700000126,1680626,C,2018-08-14,10,New Dwelling - permit
0851700000127,1547574,C,2017-07-31,10,New Dwelling - permit
0851700000131,1,C,2016-04-04,07,Extra Features (OB&Y)
0851700000135,2,C,2006-01-01,13,Residential Demolition
0851700000136,1,C,2005-03-16,09,New Dwelling - no permit
0851700000137,1005562,C,2005-04-08,11,Additions or Remodeling
0851700000137,2001207,M,2024-10-03,10,New Dwelling - permit
0851700000138,2012141,C,2024-12-09,10,New Dwelling - permit
0851700000140,1259784,C,2011-02-01,17,Disaster Repair
0851700000141,1814825,C,2021-03-09,50,Disaster Review
0851700000141,1911148,C,2023-01-04,07,Extra Features (OB&Y)
0851700000141,1915092,C,2023-02-17,13,Residential Demolition
0851700000143,1,C,2020-02-20,11,Additions or Remodeling
0851700000143,1731626,C,2019-08-09,12,Repairs (Foundation / GM)
0851700000153,1433273,C,2015-01-20,10,New Dwelling - permit
0851700000155,1,C,2019-12-01,12,Repairs (Foundation / GM)
0851700000156,1435479,C,2015-02-23,12,Repairs (Foundation / GM)
0851700000160,1249056,C,2010-11-04,10,New Dwelling - permit
0851710000163,1,C,2021-12-09,12,Repairs (Foundation / GM)
0851710000163,1567907,C,2017-08-23,50,Disaster Review
0851710000165,1493288,C,2016-05-06,12,Repairs (Foundation / GM)
0851710000170,1919199,C,2023-03-22,13,Residential Demolition
0851710000170,1958757,C,2025-03-06,10,New Dwelling - permit
0851710000174,1785931,C,2020-08-21,10,New Dwelling - permit
0851710000175,1909810,C,2022-04-28,10,New Dwelling - permit
0851710000178,1,C,1899-12-30,12,Repairs (Foundation / GM)
0851710000178,2,C,2007-02-01,13,Residential Demolition
0851710000178,1066115,C,2006-11-15,15,Relocation / Bldg Move
0851710000181,1923402,C,2023-04-28,11,Additions or Remodeling
0851710000182,1847277,C,2021-10-06,10,New Dwelling - permit
0851710000185,1693572,C,2018-11-15,10,New Dwelling - permit
0851710000194,1135751,C,2008-02-01,10,New Dwelling - permit
0851710000196,1,C,2003-11-03,10,New Dwelling - permit
0851710000204,1,C,2007-02-12,10,New Dwelling - permit
0851720000220,1435757,C,2015-02-26,10,New Dwelling - permit
0851720000222,1261157,C,2011-02-23,07,Extra Features (OB&Y)
0851720000223,1868374,C,2022-03-23,11,Additions or Remodeling
0851720000223,1890871,C,2022-08-03,11,Additions or Remodeling
0851720000225,1,C,2013-08-09,10,New Dwelling - permit
0851720000227,2,C,1899-12-30,12,Repairs (Foundation / GM)
0851720000233,932680,C,2004-08-17,11,Additions or Remodeling
0851720000235,1440337,C,2015-04-10,10,New Dwelling - permit
0851720000235,1459429,C,2015-08-25,13,Residential Demolition
0851720000239,1526241,C,2017-02-14,10,New Dwelling - permit
0851730000245,1,C,2003-06-04,10,New Dwelling - permit
0851730000250,1308263,C,2012-05-02,07,Extra Features (OB&Y)
0851730000256,1,C,2025-03-03,10,New Dwelling - permit
0851730000261,978555,C,2005-05-20,12,Repairs (Foundation / GM)
0851730000264,1,C,1899-12-30,11,Additions or Remodeling
0891440000001,1396813,C,2014-04-24,11,Additions or Remodeling
0891440000002,1081714,C,2007-03-02,07,Extra Features (OB&Y)
0891440000006,1400732,C,2014-05-15,12,Repairs (Foundation / GM)
0891440000007,1,C,2001-11-08,17,Disaster Repair
0891440000008,1775757,C,2020-06-24,12,Repairs (Foundation / GM)
0891440000016,1,C,2008-09-13,50,Disaster Review
0891440000016,2,C,2010-02-04,11,Additions or Remodeling
0891440000017,1529723,C,2017-03-08,11,Additions or Remodeling
0891440000017,1658054,C,2018-04-04,10,New Dwelling - permit
0891440000019,1,C,2008-09-13,50,Disaster Review
0891440000025,1,C,2017-01-01,11,Additions or Remodeling
0891440000033,1268079,C,2011-04-25,07,Extra Features (OB&Y)
0891440000034,980767,C,2005-07-18,12,Repairs (Foundation / GM)
0891440000034,2017027,M,2025-02-05,11,Additions or Remodeling
0891440000035,1,C,2019-02-09,12,Repairs (Foundation / GM)
0891440000037,1,C,2018-08-09,16,Fire Reports
0891440000045,1811162,C,2021-02-23,11,Additions or Remodeling
0891440000047,1937782,C,2023-07-24,11,Additions or Remodeling
0891450000002,2020895,C,2025-03-24,11,Additions or Remodeling
0891450000003,1,C,2003-04-22,07,Extra Features (OB&Y)
0891450000003,1057974,C,2006-09-01,12,Repairs (Foundation / GM)
0891450000007,1919241,C,2023-03-22,12,Repairs (Foundation / GM)
0891450000008,1,C,2008-09-13,50,Disaster Review
0891450000009,1,C,2009-01-09,12,Repairs (Foundation / GM)
0891450000010,1,C,2008-09-13,50,Disaster Review
0891450000011,1,C,2008-09-13,50,Disaster Review
0891450000020,1,C,2008-09-13,50,Disaster Review
0891450000029,1,C,2008-09-13,50,Disaster Review
0891450000030,1,C,2008-09-13,50,Disaster Review
0891450000033,1,C,2008-09-13,50,Disaster Review
0891450000035,953533,C,2004-10-01,10,New Dwelling - permit
0891450000035,960612,C,2004-10-01,10,New Dwelling - permit
0891450000035,960613,C,2004-10-01,10,New Dwelling - permit
0891460000001,1,C,2008-09-13,50,Disaster Review
0891460000006,1,C,2008-09-13,50,Disaster Review
0891460000007,1,C,1899-12-30,11,Additions or Remodeling
0891470000001,1,C,2008-09-13,50,Disaster Review
0891470000003,2038284,C,2025-07-14,12,Repairs (Foundation / GM)
0891470000005,1,C,1899-12-30,07,Extra Features (OB&Y)
0891470000009,1,C,1899-12-30,11,Additions or Remodeling
0891480000002,1,C,1899-12-30,11,Additions or Remodeling
0891480000003,1,C,1899-12-30,13,Residential Demolition
0891480000006,1,C,2010-01-01,12,Repairs (Foundation / GM)
0891480000011,1966903,C,2024-02-06,11,Additions or Remodeling
0891480000012,1161405,C,2008-07-15,11,Additions or Remodeling
0891480000016,1,C,2008-09-13,50,Disaster Review
0891480000017,1864153,C,2022-02-28,11,Additions or Remodeling
0891480000018,1,C,2008-09-13,50,Disaster Review
0891480000029,1,C,2008-09-13,50,Disaster Review
0891490000001,1,C,2008-09-13,50,Disaster Review
0891490000009,1,C,2008-09-13,50,Disaster Review
0891490000010,1,C,1899-12-30,07,Extra Features (OB&Y)
0891490000011,1,C,2014-11-13,12,Repairs (Foundation / GM)
0891490000017,1269441,C,2011-05-11,11,Additions or Remodeling
0891490000028,1,C,2012-11-14,12,Repairs (Foundation / GM)
0891500000001,976373,C,2005-03-31,17,Disaster Repair
0891500000007,2017028,C,2025-02-27,11,Additions or Remodeling
0891500000008,1,C,2008-09-13,50,Disaster Review
0891500000013,977159,C,2005-04-25,11,Additions or Remodeling
0891500000014,1,C,2014-08-02,13,Residential Demolition
0891500000014,2,C,2022-12-28,07,Extra Features (OB&Y)
0891500000014,1111941,C,2007-07-09,12,Repairs (Foundation / GM)
0891500000014,1752904,C,2019-12-05,10,New Dwelling - permit
0891500000015,1416364,C,2014-09-02,12,Repairs (Foundation / GM)
0891500000018,1,C,2008-09-13,50,Disaster Review
0891500000021,1,C,2008-09-13,50,Disaster Review
0891500000025,2060680,M,2025-03-14,10,New Dwelling - permit
0891510000001,1,C,2008-09-13,50,Disaster Review
0891510000002,1757854,C,2020-01-17,11,Additions or Remodeling
0891510000006,1,C,2020-11-23,07,Extra Features (OB&Y)
0891510000013,1051308,C,2006-08-08,12,Repairs (Foundation / GM)
0891510000015,1,C,2010-02-04,11,Additions or Remodeling
0891510000015,1184994,C,2009-01-05,50,Disaster Review
0891510000023,1653521,C,2018-03-27,11,Additions or Remodeling
0891520000002,1,C,2017-01-01,11,Additions or Remodeling
0891520000003,1,C,2023-02-10,12,Repairs (Foundation / GM)
0891520000012,1029319,C,2006-06-22,07,Extra Features (OB&Y)
0891520000013,1819610,C,2021-04-22,07,Extra Features (OB&Y)
0891530000003,1886052,C,2022-07-19,10,New Dwelling - permit
0891530000003,1907128,C,2022-12-13,13,Residential Demolition
0891530000007,1085247,C,2007-05-03,11,Additions or Remodeling
0891530000007,1227608,C,2010-04-13,12,Repairs (Foundation / GM)
0891530000014,1,C,2008-09-13,50,Disaster Review
0903010000273,1021547,C,2005-03-22,12,Repairs (Foundation / GM)
0903010000276,1,C,2003-10-13,10,New Dwelling - permit
0903010000276,2,C,2007-01-16,10,New Dwelling - permit
0903010000282,1864164,C,2025-03-06,10,New Dwelling - permit
0903010000498,1,C,2003-10-13,10,New Dwelling - permit
0903010000498,2,C,2007-01-16,10,New Dwelling - permit
0903010000498,1407517,C,2014-06-27,11,Additions or Remodeling
0903020000285,1136096,C,2008-02-06,11,Additions or Remodeling
0903020000285,1591236,C,2017-08-23,50,Disaster Review
0903020000301,1,C,2026-02-03,13,Residential Demolition
0903020000301,2033851,M,2025-06-02,10,New Dwelling - permit
0903020000311,1,C,2021-07-05,16,Fire Reports
0903020000311,1591237,C,2017-08-23,50,Disaster Review
0903020000311,1834216,C,2021-07-28,13,Residential Demolition
0903020000314,1,C,2006-04-13,15,Relocation / Bldg Move
0903020000314,1591238,C,2017-08-23,50,Disaster Review
0903020000316,1,C,2017-02-26,09,New Dwelling - no permit
0903020000317,1,C,1899-12-30,09,New Dwelling - no permit
0903030000315,1591239,C,2017-08-23,50,Disaster Review
0903030000316,1775773,C,2020-06-08,12,Repairs (Foundation / GM)
0903030000339,1489497,C,2016-04-14,11,Additions or Remodeling
0903030000340,1591240,C,2017-08-23,50,Disaster Review
0903040000344,1786021,C,2020-08-12,12,Repairs (Foundation / GM)
0903040000347,1722701,C,2019-06-07,11,Additions or Remodeling
0903040000349,1591241,C,2017-08-23,50,Disaster Review
0903040000351,1591242,C,2017-08-23,50,Disaster Review
0903040000352,1591243,C,2017-08-23,50,Disaster Review
0903040000353,1591244,C,2017-08-23,50,Disaster Review
0903040000354,1,C,1899-12-30,11,Additions or Remodeling
0903040000354,1591245,C,2017-08-23,50,Disaster Review
0903040000355,1290653,C,2011-11-15,11,Additions or Remodeling
0903040000355,1591246,C,2017-08-23,50,Disaster Review
0903050000360,1761333,C,2020-02-12,10,New Dwelling - permit
0903050000361,1818165,C,2021-01-15,10,New Dwelling - permit
0903050000362,1818166,C,2021-01-15,10,New Dwelling - permit
0903050000363,1818168,C,2021-01-15,10,New Dwelling - permit
0903050000364,3,C,2025-03-06,10,New Dwelling - permit
0903050000366,1,C,2004-12-07,09,New Dwelling - no permit
0903050000366,1591247,C,2017-08-23,50,Disaster Review
0903050000367,2,C,2004-12-07,09,New Dwelling - no permit
0903050000367,1591248,C,2017-08-23,50,Disaster Review
0903050000370,1591249,C,2017-08-23,50,Disaster Review
0903050000373,1591250,C,2017-08-23,50,Disaster Review
0903050000376,1983309,M,2025-03-06,10,New Dwelling - permit
0903050000381,1,C,2016-02-08,12,Repairs (Foundation / GM)
0903050000385,2,C,2006-01-01,09,New Dwelling - no permit
0903050000385,1288138,C,2011-10-25,10,New Dwelling - permit
0903050000393,1670809,C,2018-06-21,10,New Dwelling - permit
0903050000397,1757874,C,2020-01-09,13,Residential Demolition
0903050000412,1,C,2006-01-01,09,New Dwelling - no permit
0903050000412,2,C,1899-12-30,09,New Dwelling - no permit
0903050000412,5,C,2023-01-18,13,Residential Demolition
0903050000417,1,C,1899-12-30,11,Additions or Remodeling
0903050000417,1520882,C,2016-12-08,15,Relocation / Bldg Move
0903050000417,1757875,C,2020-01-10,11,Additions or Remodeling
0903050000418,1681895,C,2018-02-12,10,New Dwelling - permit
0903050000419,1,C,2021-12-17,10,New Dwelling - permit
0903060000399,1,C,2023-02-28,12,Repairs (Foundation / GM)
0903060000401,1030761,C,2006-07-11,11,Additions or Remodeling
0903060000415,1591251,C,2017-08-23,50,Disaster Review
0903060000421,1591252,C,2017-08-23,50,Disaster Review
0903060000421,1731700,C,2019-08-12,13,Residential Demolition
0903060000427,1,C,2011-03-03,09,New Dwelling - no permit
0903060000427,1047269,C,2006-03-16,10,New Dwelling - permit
0903060000427,1205225,C,2009-08-31,11,Additions or Remodeling
0903060000427,1228683,C,2010-04-26,07,Extra Features (OB&Y)
0903060000428,1354582,C,2013-05-30,10,New Dwelling - permit
0903060000428,1362541,C,2013-07-12,13,Residential Demolition
0903060000439,1591254,C,2017-08-23,50,Disaster Review
0903070000429,2,C,1899-12-30,13,Residential Demolition
0903070000429,1568139,C,2017-08-23,50,Disaster Review
0903070000432,1591257,C,2017-08-23,50,Disaster Review
0903070000433,1068718,C,2006-12-18,11,Additions or Remodeling
0903070000437,1362030,C,2013-07-08,31,"Addtns, Remodels, Lease Space"
0903070000437,1368302,C,2013-08-16,31,"Addtns, Remodels, Lease Space"
0903080000455,1,C,2011-04-11,16,Fire Reports
0903080000455,1591259,C,2017-08-23,50,Disaster Review
0903080000457,2,C,2023-01-18,13,Residential Demolition
0903080000457,1568140,C,2017-08-23,50,Disaster Review
0903080000457,1881342,C,2022-06-21,10,New Dwelling - permit
0903080000457,1911208,C,2023-01-03,13,Residential Demolition
0903080000460,1591260,C,2017-08-23,50,Disaster Review
0903080000464,1591261,C,2017-08-23,50,Disaster Review
0903080000466,1,C,2003-12-31,09,New Dwelling - no permit
0903080000467,1890962,C,2025-03-06,10,New Dwelling - permit
0903080000469,1,C,1899-12-30,09,New Dwelling - no permit
0903080000471,1591262,C,2017-08-23,50,Disaster Review
0903090000473,1591263,C,2017-08-23,50,Disaster Review
0903090000478,1,C,2003-09-29,13,Residential Demolition
0903090000483,1859901,C,2021-12-08,10,New Dwelling - permit
0903090000484,1269477,C,2011-05-12,12,Repairs (Foundation / GM)
0903090000486,1186490,C,2009-01-29,11,Additions or Remodeling
0903090000486,1214458,C,2009-12-14,11,Additions or Remodeling
0801980000002,1,C,2009-03-09,30,New Building
0801980000005,1,C,2019-01-08,11,Additions or Remodeling
0801980000005,2,C,2016-05-17,11,Additions or Remodeling
0801980000005,3,C,2020-07-27,07,Extra Features (OB&Y)
0801990000005,1,C,2015-11-23,09,New Dwelling - no permit
0802000000004,1,C,2020-04-09,07,Extra Features (OB&Y)
0802010000008,1,C,1899-12-30,11,Additions or Remodeling
0802020000004,1,C,2004-08-16,15,Relocation / Bldg Move
0810420000001,1,C,2024-01-24,35,Fire Reports
0810420000001,2,C,2024-10-06,35,Fire Reports
0810420000001,1110745,C,2007-06-11,31,"Addtns, Remodels, Lease Space"
0810420000001,1563901,C,2017-11-13,31,"Addtns, Remodels, Lease Space"
0810420000001,1974637,C,2024-04-02,33,Commercial Demolition
0854090000006,2,C,2006-01-12,11,Additions or Remodeling
0854090000006,953691,C,2004-10-06,15,Relocation / Bldg Move
0854090000008,1376712,C,2013-11-01,10,New Dwelling - permit
0854090000011,1543523,C,2017-06-01,10,New Dwelling - permit
0854090000019,1,C,2006-01-12,11,Additions or Remodeling
0854090000019,2,C,2004-10-06,15,Relocation / Bldg Move
0854100000024,1,C,2003-10-09,09,New Dwelling - no permit
0854100000027,1274687,C,2011-06-15,11,Additions or Remodeling
0854100000030,1,C,2023-12-19,11,Additions or Remodeling
0854100000030,1756028,C,2019-09-17,11,Additions or Remodeling
0854110000035,1,C,1899-12-30,50,Disaster Review
0854110000045,1,C,2023-01-19,07,Extra Features (OB&Y)
0854110000045,1395156,C,2014-04-02,09,New Dwelling - no permit
0854110000046,2057819,M,2025-12-15,10,New Dwelling - permit
0854110000051,1,C,1899-12-30,11,Additions or Remodeling
0854110000051,2,C,2025-08-18,11,Additions or Remodeling
0854120000052,1206210,C,2009-09-03,10,New Dwelling - permit
0854120000052,1244348,C,2010-09-22,10,New Dwelling - permit
0854120000056,1502731,C,2016-07-29,10,New Dwelling - permit
0854120000062,1550832,C,2017-08-11,10,New Dwelling - permit
0854120000066,1162205,C,2008-07-25,12,Repairs (Foundation / GM)
0854120000069,1807236,C,2020-11-13,10,New Dwelling - permit
0872160000003,1126439,C,2007-07-13,13,Residential Demolition
0872170000004,1126440,C,2007-07-13,13,Residential Demolition
0882610000002,1877222,C,2022-05-16,11,Additions or Remodeling
0882610000002,1890925,C,2022-08-29,12,Repairs (Foundation / GM)
0882610000005,1,C,2003-10-07,12,Repairs (Foundation / GM)
0882610000006,1228706,C,2010-04-26,12,Repairs (Foundation / GM)
0882610000008,1,C,2021-05-24,07,Extra Features (OB&Y)
0882610000009,1700011,C,2018-04-06,12,Repairs (Foundation / GM)
0882610000015,1136693,C,2008-02-13,10,New Dwelling - permit
0882610000019,1,C,1899-12-30,11,Additions or Remodeling
0882610000020,1,C,2014-11-14,11,Additions or Remodeling
0882610000021,1,C,1899-12-30,11,Additions or Remodeling
0882610000021,2,C,2026-03-03,11,Additions or Remodeling
0882610000022,1,C,1899-12-30,11,Additions or Remodeling
0882610000029,1707111,C,2019-02-04,11,Additions or Remodeling
0882610000029,1722671,C,2019-06-19,11,Additions or Remodeling
0882610000029,1824354,C,2021-05-05,12,Repairs (Foundation / GM)
0882610000032,1135978,C,2008-02-05,11,Additions or Remodeling
0903940000002,1,C,2005-02-15,12,Repairs (Foundation / GM)
0903940000002,942516,C,2004-08-25,15,Relocation / Bldg Move
0903940000029,1821216,C,2021-04-01,14,RP Mobile Home w/ Land
0903940000046,1688799,C,2018-10-05,14,RP Mobile Home w/ Land
0903940000049,1181007,C,2009-05-07,14,RP Mobile Home w/ Land
0903940000049,1258732,C,2011-01-28,07,Extra Features (OB&Y)
0903940000049,1258733,C,2011-01-28,11,Additions or Remodeling
0903940000049,1887463,C,2022-07-12,11,Additions or Remodeling
0903940000051,1431150,C,2017-01-04,09,New Dwelling - no permit
0903940000052,1339622,C,2013-01-11,14,RP Mobile Home w/ Land
0903940000052,1355314,C,2013-05-08,10,New Dwelling - permit
0903940000066,1591268,C,2017-08-23,50,Disaster Review
0903940000077,1591269,C,2017-08-23,50,Disaster Review
0903940000091,1364942,C,2013-08-15,14,RP Mobile Home w/ Land
0903940000092,1591270,C,2017-08-23,50,Disaster Review
0903940000111,1527288,C,2017-02-15,14,RP Mobile Home w/ Land
0903940000113,1,C,2024-01-24,07,Extra Features (OB&Y)
0903940000113,1728789,C,2019-07-11,14,RP Mobile Home w/ Land
0903950000114,1339520,C,2013-01-10,14,RP Mobile Home w/ Land
0903950000129,1,C,2020-01-01,13,Residential Demolition
0903950000133,1737799,C,2019-09-13,14,RP Mobile Home w/ Land
0903950000134,1,C,2024-01-24,14,RP Mobile Home w/ Land
0903950000135,1,C,2024-01-24,14,RP Mobile Home w/ Land
0903950000137,1874188,C,2022-04-18,07,Extra Features (OB&Y)
0903950000138,1,C,1899-12-30,11,Additions or Remodeling
0903950000138,1187830,C,2009-08-27,14,RP Mobile Home w/ Land
0903950000138,1334536,C,2012-12-19,07,Extra Features (OB&Y)
0903950000138,1394097,C,2014-03-14,11,Additions or Remodeling
0903950000140,1,C,2017-04-06,14,RP Mobile Home w/ Land
0903950000140,2,C,1899-12-30,07,Extra Features (OB&Y)
0903950000140,1591271,C,2017-08-23,50,Disaster Review
0903950000142,1,C,1899-12-30,08,Tangible (PP) Mobile Home
0903950000142,1495993,C,2016-06-02,14,RP Mobile Home w/ Land
0903950000148,1,C,2022-04-12,07,Extra Features (OB&Y)
0903950000153,1865419,C,2022-02-02,07,Extra Features (OB&Y)
0903950000155,1,C,2001-10-18,12,Repairs (Foundation / GM)
0903950000155,1591272,C,2017-08-23,50,Disaster Review
0903950000155,1663318,C,2018-05-14,17,Disaster Repair
0910950000006,1,C,2010-07-01,07,Extra Features (OB&Y)
0910950000006,2,C,2005-06-14,07,Extra Features (OB&Y)
0910950000006,3,C,2006-06-10,13,Residential Demolition
0910950000008,1,C,2004-11-23,31,"Addtns, Remodels, Lease Space"
0910950000008,2,C,2009-04-01,30,New Building
0910950000009,2,C,2012-04-24,31,"Addtns, Remodels, Lease Space"
0910960000006,1,C,2022-10-20,11,Additions or Remodeling
0910960000008,1,C,2009-03-26,11,Additions or Remodeling
0910960000008,2,C,2010-06-08,11,Additions or Remodeling
0910960000014,1,C,2014-12-30,09,New Dwelling - no permit
0910980000010,1,C,2004-07-30,07,Extra Features (OB&Y)
0910980000012,1,C,1899-12-30,09,New Dwelling - no permit
0910990000003,1,C,2008-01-01,07,Extra Features (OB&Y)
0910990000008,1,C,2012-10-16,11,Additions or Remodeling
0910990000010,1,C,2012-06-15,07,Extra Features (OB&Y)
0910990000016,1,C,2016-05-25,12,Repairs (Foundation / GM)
0911000000001,1,C,2003-05-20,10,New Dwelling - permit
0911000000001,3,C,2011-10-18,12,Repairs (Foundation / GM)
0911000000002,1,C,2007-09-04,13,Residential Demolition
0911000000004,2,C,2005-03-07,09,New Dwelling - no permit
0911000000005,1,C,2008-09-03,11,Additions or Remodeling
0911000000005,3,C,2009-05-20,11,Additions or Remodeling
0911000000007,1,C,2012-03-19,10,New Dwelling - permit
0911000000009,1,C,2010-06-16,07,Extra Features (OB&Y)
0911000000009,2,C,2016-03-04,07,Extra Features (OB&Y)
0911000000009,3,C,2004-08-12,10,New Dwelling - permit
0911000000010,1,C,2010-07-06,07,Extra Features (OB&Y)
0911000000010,2,C,2004-07-06,12,Repairs (Foundation / GM)
0911000000013,1,C,2009-07-14,50,Disaster Review
0911010000003,1,C,2019-09-30,11,Additions or Remodeling
0911010000006,2,C,2005-01-17,11,Additions or Remodeling
0911010010007,1,C,2009-04-15,12,Repairs (Foundation / GM)
0911010010010,1,C,1899-12-30,09,New Dwelling - no permit
0911010010020,1,C,2004-11-04,12,Repairs (Foundation / GM)
0911010010021,1,C,2003-04-10,07,Extra Features (OB&Y)
0911010010023,1,C,2018-04-11,07,Extra Features (OB&Y)
1376820010001,1655866,C,2018-10-04,10,New Dwelling - permit
1376820010002,1649765,C,2018-02-21,10,New Dwelling - permit
1376820010003,1646076,C,2018-01-02,10,New Dwelling - permit
1376820010004,1549590,C,2017-08-23,10,New Dwelling - permit
1376820010005,1635903,C,2017-12-04,10,New Dwelling - permit
1376820010006,1542160,C,2017-06-15,10,New Dwelling - permit
1376820010007,1528218,C,2017-02-03,10,New Dwelling - permit
1376820010007,1542161,C,2017-06-07,10,New Dwelling - permit
1376820010008,1542162,C,2017-06-07,10,New Dwelling - permit
1376820010009,1542163,C,2017-06-02,10,New Dwelling - permit
1376820020001,1685016,C,2018-09-05,10,New Dwelling - permit
1376820020002,1665296,C,2018-05-25,10,New Dwelling - permit
1376820020003,1655866,C,2018-04-10,10,New Dwelling - permit
1376820020004,1665297,C,2018-05-25,10,New Dwelling - permit
1376820020005,1665298,C,2018-05-25,10,New Dwelling - permit
1376820020006,1655867,C,2018-04-18,10,New Dwelling - permit
1376820020007,1665299,C,2018-05-07,10,New Dwelling - permit
1376820020008,1665300,C,2018-05-29,10,New Dwelling - permit
1376820020009,1665301,C,2018-05-01,10,New Dwelling - permit
1376820020009,1994000,C,2024-08-26,11,Additions or Remodeling
1376820020010,1655868,C,2018-04-18,10,New Dwelling - permit
1376820020011,1665302,C,2018-05-01,10,New Dwelling - permit
1376820020012,1665303,C,2018-05-07,10,New Dwelling - permit
1376820020013,1678535,C,2018-08-13,10,New Dwelling - permit
1376820020014,1655869,C,2018-04-16,10,New Dwelling - permit
1376820020015,1561667,C,2017-10-30,10,New Dwelling - permit
1376820020016,1555744,C,2017-09-25,10,New Dwelling - permit
1376820020017,1635904,C,2017-12-01,10,New Dwelling - permit
1376820020018,1655870,C,2018-04-18,10,New Dwelling - permit
1376820020019,1665304,C,2018-05-07,10,New Dwelling - permit
1376820020020,1635905,C,2017-12-18,10,New Dwelling - permit
1376820020021,1561668,C,2017-10-30,10,New Dwelling - permit
1376820020022,1555745,C,2017-09-05,10,New Dwelling - permit
1376820020023,1561669,C,2017-10-30,10,New Dwelling - permit
1376830010001,1668564,C,2018-06-15,10,New Dwelling - permit
1376830010002,1668565,C,2018-06-11,10,New Dwelling - permit
1376830010003,1635906,C,2017-12-14,10,New Dwelling - permit
1376830010004,1655871,C,2018-04-05,10,New Dwelling - permit
1376830010005,1668566,C,2018-06-05,10,New Dwelling - permit
1376830010006,1566415,C,2017-11-07,10,New Dwelling - permit
1376830010007,1,C,2017-12-04,09,New Dwelling - no permit
1376830010008,1546370,C,2018-06-15,10,New Dwelling - permit
1376830010009,1546370,C,2017-07-23,10,New Dwelling - permit
1376830010010,1539208,C,2017-05-25,10,New Dwelling - permit
1376830020001,1672953,C,2018-07-03,10,New Dwelling - permit
1376830020002,1651424,C,2018-03-29,10,New Dwelling - permit
1376830020003,1665305,C,2018-05-15,10,New Dwelling - permit
1376830020004,1542164,C,2017-06-09,10,New Dwelling - permit
1376830020005,1531984,C,2017-03-30,10,New Dwelling - permit
1376830020006,1665306,C,2018-05-15,10,New Dwelling - permit
1376830020007,1651425,C,2018-03-29,10,New Dwelling - permit
1376830020008,1668567,C,2018-06-26,10,New Dwelling - permit
1376830020009,1678536,C,2018-08-21,10,New Dwelling - permit
1376830020010,1672954,C,2018-07-10,10,New Dwelling - permit
1376830020011,1668568,C,2018-06-15,10,New Dwelling - permit
1376830020012,1635907,C,2017-12-01,10,New Dwelling - permit
1376830020013,1668569,C,2018-06-26,10,New Dwelling - permit
1377560010001,1672967,C,2018-07-12,10,New Dwelling - permit
1377560010002,1672968,C,2018-07-27,10,New Dwelling - permit
1377560010003,1655901,C,2018-04-03,10,New Dwelling - permit
1377560010004,1665321,C,2018-05-07,10,New Dwelling - permit
1377560010005,1,C,2018-03-28,09,New Dwelling - no permit
1377560010005,1676158,C,2018-01-31,10,New Dwelling - permit
1377560010006,1655902,C,2018-04-05,10,New Dwelling - permit
1377560010007,1665322,C,2018-05-19,10,New Dwelling - permit
1377560010008,1672969,C,2018-07-12,10,New Dwelling - permit
1377560010009,1685022,C,2018-09-04,10,New Dwelling - permit
1377560010010,1,C,2018-03-28,09,New Dwelling - no permit
1377560010011,1556252,C,2017-09-01,10,New Dwelling - permit
1377560010012,1638808,C,2017-10-11,10,New Dwelling - permit
1377560010013,1638805,C,2018-04-02,09,New Dwelling - no permit
1377560010014,1556253,C,2017-09-07,10,New Dwelling - permit
1377560010015,1556254,C,2017-09-01,10,New Dwelling - permit
1377560010016,1,C,2018-04-02,09,New Dwelling - no permit
1377560010017,1685023,C,2018-09-21,10,New Dwelling - permit
1377560010018,1665323,C,2018-05-19,10,New Dwelling - permit
1377560010019,1635920,C,2017-12-12,10,New Dwelling - permit
1377560010020,1566434,C,2017-11-16,10,New Dwelling - permit
1377560010021,1638806,C,2017-10-03,10,New Dwelling - permit
1377560010022,1638807,C,2017-10-03,10,New Dwelling - permit
1377560010023,1556255,C,2017-09-01,10,New Dwelling - permit
1377560010024,1551775,C,2017-08-09,10,New Dwelling - permit
1377560010025,1634350,C,2017-11-06,10,New Dwelling - permit
1377560010026,1562732,C,2017-10-18,10,New Dwelling - permit
1377560010027,1561684,C,2017-10-26,10,New Dwelling - permit
1377560010028,1561685,C,2017-10-26,10,New Dwelling - permit
1377560010029,1561686,C,2017-10-26,10,New Dwelling - permit
1377560010030,1685024,C,2018-09-14,10,New Dwelling - permit
1377560020001,1525084,C,2017-01-05,10,New Dwelling - permit
1377560020002,1525085,C,2017-01-05,10,New Dwelling - permit
1377560020003,1525083,C,2017-01-05,10,New Dwelling - permit
1377560020004,1539231,C,2017-05-01,10,New Dwelling - permit
1377560020004,1634543,C,2017-11-06,10,New Dwelling - permit
1377560020005,1539232,C,2017-05-01,10,New Dwelling - permit
1377560020006,1544893,C,2017-05-11,10,New Dwelling - permit
1377560020006,1551798,C,2017-05-11,10,New Dwelling - permit
1377560020007,1651439,C,2018-03-26,10,New Dwelling - permit
1377560020008,1634572,C,2018-04-02,10,New Dwelling - permit
1377560020008,1981100,C,2024-05-15,07,Extra Features (OB&Y)
1377560020009,1540010,C,2017-05-08,10,New Dwelling - permit
1377560020010,1535304,C,2017-04-20,10,New Dwelling - permit
1377560020011,1,C,2018-04-02,09,New Dwelling - no permit
1377560020012,1672970,C,2018-07-27,10,New Dwelling - permit
1377560020013,1525246,C,2017-01-19,10,New Dwelling - permit
1377560020014,1525247,C,2017-01-09,10,New Dwelling - permit
1377560020014,1525248,C,2017-01-19,10,New Dwelling - permit
1377560020015,1539900,C,2017-02-01,10,New Dwelling - permit
1377560020016,1635921,C,2017-12-21,10,New Dwelling - permit
1377560020017,1678554,C,2018-08-16,10,New Dwelling - permit
1377560020018,1,C,2018-04-02,09,New Dwelling - no permit
1377560020019,1655903,C,2018-04-20,10,New Dwelling - permit
1377560020020,1635922,C,2017-12-12,10,New Dwelling - permit
1377560020021,1551772,C,2017-08-14,10,New Dwelling - permit
1377560020022,1636169,C,2017-12-13,10,New Dwelling - permit
1377560020023,1562576,C,2017-10-03,10,New Dwelling - permit
1377560020024,1562578,C,2017-10-11,10,New Dwelling - permit
1377560020025,1556200,C,2017-09-01,10,New Dwelling - permit
1377560020026,1546395,C,2017-07-14,10,New Dwelling - permit
1377560020027,1546396,C,2017-07-21,10,New Dwelling - permit
1377560020028,1561687,C,2017-10-23,10,New Dwelling - permit
1377560020029,1635923,C,2017-12-14,10,New Dwelling - permit
1377560020030,1655904,C,2018-04-20,10,New Dwelling - permit
1377560020031,1665324,C,2018-05-04,10,New Dwelling - permit
1377560020032,1635924,C,2017-12-12,10,New Dwelling - permit
1377560020033,1561688,C,2017-10-26,10,New Dwelling - permit
1377560020034,1634373,C,2018-04-02,10,New Dwelling - permit
1377560020035,1634372,C,2018-04-02,09,New Dwelling - no permit
1377560020036,1651440,C,2018-03-21,10,New Dwelling - permit
1377560020037,1562645,C,2017-10-11,10,New Dwelling - permit
1377560020038,1562822,C,2017-10-11,10,New Dwelling - permit
1377560020039,1,C,2018-03-28,09,New Dwelling - no permit
1377560020040,1668579,C,2018-06-01,10,New Dwelling - permit
1377560020041,1668580,C,2018-06-29,10,New Dwelling - permit
1377560020042,1685025,C,2018-09-21,10,New Dwelling - permit
1377560020043,1655905,C,2018-04-05,10,New Dwelling - permit
1377560020044,1556276,C,2017-09-01,10,New Dwelling - permit
1377560020045,1655906,C,2018-04-16,10,New Dwelling - permit
1377560020046,1562643,C,2017-10-18,10,New Dwelling - permit
1377560020047,1668581,C,2018-06-01,10,New Dwelling - permit
1377560020048,1634371,C,2017-11-14,10,New Dwelling - permit
1377560020049,1,C,2018-03-28,09,New Dwelling - no permit
1377560020050,1665325,C,2018-05-04,10,New Dwelling - permit
1377560020051,1,C,2018-04-02,09,New Dwelling - no permit
1377560020052,1668582,C,2018-06-22,10,New Dwelling - permit
1377560020053,1655907,C,2018-04-05,10,New Dwelling - permit
1377560020054,1651441,C,2018-03-21,10,New Dwelling - permit
1377560020055,1651442,C,2018-03-21,10,New Dwelling - permit
1377560020056,1655908,C,2018-04-16,10,New Dwelling - permit
1377560020057,1561689,C,2017-10-26,10,New Dwelling - permit
1377560020058,1,C,2018-03-28,09,New Dwelling - no permit
1377560020059,1651443,C,2018-03-15,10,New Dwelling - permit
1377560020060,1655909,C,2018-04-16,10,New Dwelling - permit
1377560020061,1655910,C,2018-04-06,10,New Dwelling - permit
1377560020062,1668583,C,2018-06-01,10,New Dwelling - permit
1377560020063,1668584,C,2018-06-01,10,New Dwelling - permit
1377560020064,1665326,C,2018-05-19,10,New Dwelling - permit
1377560020065,1665327,C,2018-05-04,10,New Dwelling - permit
1377560020066,1678555,C,2018-08-22,10,New Dwelling - permit
1377560020069,1703772,C,2019-02-14,32,"Paving, Parking Lot, Slab"
1377560030001,1548410,C,2017-07-10,10,New Dwelling - permit
1377560030002,1,C,2018-04-02,09,New Dwelling - no permit
1377560030003,1562574,C,2017-10-18,10,New Dwelling - permit
1377560030004,1562753,C,2017-10-18,10,New Dwelling - permit
1377560030005,1562755,C,2017-10-18,10,New Dwelling - permit
1377560030006,1562757,C,2017-10-18,10,New Dwelling - permit
1377560030007,1562580,C,2017-10-19,10,New Dwelling - permit
1377560030008,1562759,C,2017-10-19,10,New Dwelling - permit
1377560030009,1562582,C,2017-10-18,10,New Dwelling - permit
1377560030010,1562761,C,2017-10-18,10,New Dwelling - permit
1377560030011,1548411,C,2017-07-17,10,New Dwelling - permit
1377560030012,1548409,C,2017-07-17,10,New Dwelling - permit
1377560030013,1539233,C,2017-05-01,10,New Dwelling - permit
1377560030014,1539234,C,2017-05-01,10,New Dwelling - permit
1377560030015,1539235,C,2017-05-01,10,New Dwelling - permit
1377560030016,1539236,C,2017-05-01,10,New Dwelling - permit
1377560030017,1539237,C,2017-05-01,10,New Dwelling - permit
1377560030018,1539238,C,2017-05-01,10,New Dwelling - permit
1377560030019,1539239,C,2017-05-01,10,New Dwelling - permit
1377560030020,1535305,C,2017-04-20,10,New Dwelling - permit
1377560030021,1566435,C,2017-11-27,10,New Dwelling - permit
1377560030022,1,C,2018-03-28,09,New Dwelling - no permit
1378270010001,1,C,2016-06-06,31,"Addtns, Remodels, Lease Space"
1378270010001,2,C,2016-06-06,31,"Addtns, Remodels, Lease Space"
1378270010001,3,C,2016-03-23,32,"Paving, Parking Lot, Slab"
1378270010001,4,C,2016-03-23,32,"Paving, Parking Lot, Slab"
1378270010001,1712111,C,2019-03-01,31,"Addtns, Remodels, Lease Space"
1378280010001,1685030,C,2018-09-07,10,New Dwelling - permit
1378280010002,1715710,C,2019-04-22,10,New Dwelling - permit
1378280010003,1715711,C,2019-04-22,10,New Dwelling - permit
1378280010004,1715712,C,2019-04-22,10,New Dwelling - permit
1378280010005,1715713,C,2019-04-22,10,New Dwelling - permit
1378280010006,1715714,C,2019-04-22,10,New Dwelling - permit
1378280010007,1715715,C,2019-04-22,10,New Dwelling - permit
1378280010008,1715716,C,2019-04-22,10,New Dwelling - permit
1378280010009,1715717,C,2019-04-22,10,New Dwelling - permit
1378280010010,1703780,C,2019-01-25,10,New Dwelling - permit
1378280010011,1685031,C,2018-09-07,10,New Dwelling - permit
1378280010012,1715718,C,2019-04-22,10,New Dwelling - permit
1378280010013,1703781,C,2019-01-25,10,New Dwelling - permit
1378280020001,1517502,C,2016-07-27,10,New Dwelling - permit
1378280020002,1,C,2016-08-09,10,New Dwelling - permit
1378280020003,1539324,C,2017-05-10,10,New Dwelling - permit
1378280020004,1539325,C,2017-05-10,10,New Dwelling - permit
1378280020005,1539326,C,2017-05-10,10,New Dwelling - permit
1378280020006,1539327,C,2017-05-10,10,New Dwelling - permit
1378280020007,1539328,C,2017-05-10,10,New Dwelling - permit
1378280020008,1548405,C,2017-07-24,10,New Dwelling - permit
1378280020009,1548404,C,2017-07-24,10,New Dwelling - permit
1378280020010,1548403,C,2017-07-24,10,New Dwelling - permit
1378280020011,1548402,C,2017-07-24,10,New Dwelling - permit
1378280020012,1548401,C,2017-07-19,10,New Dwelling - permit
1378280020013,1548400,C,2017-07-26,10,New Dwelling - permit
1378280020014,1548399,C,2017-07-24,10,New Dwelling - permit
1378280040001,1665351,C,2018-05-01,10,New Dwelling - permit
1378280040001,2031914,C,2025-05-12,17,Disaster Repair
1378280040002,1665352,C,2018-05-01,10,New Dwelling - permit
1378280040003,1665353,C,2018-05-01,10,New Dwelling - permit
1378280040004,1542288,C,2017-06-20,10,New Dwelling - permit
1378280040005,1548436,C,2017-07-24,10,New Dwelling - permit
1378280040006,1539329,C,2017-05-03,10,New Dwelling - permit
1378280040007,1548437,C,2017-07-24,10,New Dwelling - permit
1378280040008,1551852,C,2017-07-24,10,New Dwelling - permit
1378280040009,1555792,C,2017-09-27,10,New Dwelling - permit
1378280040010,1535369,C,2017-04-14,10,New Dwelling - permit
1378280050001,2,C,1899-12-30,09,New Dwelling - no permit
1378280050002,1549622,C,2017-08-04,10,New Dwelling - permit
1378280050003,1,C,1899-12-30,09,New Dwelling - no permit
1378280050003,1555793,C,2017-09-27,10,New Dwelling - permit
1378280050004,1,C,2016-08-09,10,New Dwelling - permit
1378280050005,1,C,2016-08-09,10,New Dwelling - permit
1378280050006,1,C,2016-08-10,10,New Dwelling - permit
1378280050007,1,C,2016-08-10,10,New Dwelling - permit
1378280050008,1,C,2016-08-10,10,New Dwelling - permit
1378280050009,1,C,2016-08-10,10,New Dwelling - permit
1378280050010,1,C,2016-11-21,10,New Dwelling - permit
1378280050011,1,C,2016-11-15,10,New Dwelling - permit
1378280050012,1,C,2016-11-15,10,New Dwelling - permit
1378280050013,1,C,2016-11-21,10,New Dwelling - permit
1378280050014,1,C,2016-11-15,10,New Dwelling - permit
1378280050015,1525238,C,2017-01-30,10,New Dwelling - permit
1378280050016,1525237,C,2017-01-30,10,New Dwelling - permit
1378280050017,1525236,C,2017-01-30,10,New Dwelling - permit
1378280050018,1525235,C,2017-01-30,10,New Dwelling - permit
1378280050019,1528295,C,2017-02-20,10,New Dwelling - permit
1378280050020,1548417,C,2017-07-24,10,New Dwelling - permit
1378280050021,1,C,2016-11-07,10,New Dwelling - permit
1378280050021,1651474,C,2018-03-15,07,Extra Features (OB&Y)
1378280050021,1651475,C,2018-03-15,11,Additions or Remodeling
1378280050022,1665354,C,2018-05-01,10,New Dwelling - permit
1378280050023,1542289,C,2017-06-02,10,New Dwelling - permit
1378280050024,1542290,C,2017-06-02,10,New Dwelling - permit
1378280050025,1542291,C,2017-06-02,10,New Dwelling - permit
1378280050026,1542292,C,2017-06-02,10,New Dwelling - permit
1378280050027,1532071,C,2017-03-31,10,New Dwelling - permit
1378280050028,1532072,C,2017-03-31,10,New Dwelling - permit
1378280050029,1532073,C,2017-03-31,10,New Dwelling - permit
1378280050030,1532074,C,2017-03-31,10,New Dwelling - permit
1378280050031,1532075,C,2017-03-31,10,New Dwelling - permit
1378280050032,1532076,C,2017-03-31,10,New Dwelling - permit
1378280060001,1635942,C,2017-12-28,10,New Dwelling - permit
1378280060002,1635943,C,2017-12-28,10,New Dwelling - permit
1378280060003,1,C,1899-12-30,09,New Dwelling - no permit
1378280060004,1635944,C,2017-12-28,10,New Dwelling - permit
1378280060005,1635945,C,2017-12-28,10,New Dwelling - permit
1378280060006,1635946,C,2017-12-28,10,New Dwelling - permit
1378280060007,1665355,C,2018-05-01,10,New Dwelling - permit
1378280060008,1665356,C,2018-05-01,10,New Dwelling - permit
1378280060009,1665357,C,2018-05-01,10,New Dwelling - permit
1378280060010,1665358,C,2018-05-01,10,New Dwelling - permit
1378280060011,1517534,C,2016-10-06,10,New Dwelling - permit
1378280060012,1517535,C,2016-10-06,10,New Dwelling - permit
1378280060013,1517529,C,2016-10-06,10,New Dwelling - permit
1378280060014,1517528,C,2016-10-06,10,New Dwelling - permit
1378280060015,1517527,C,2016-10-06,10,New Dwelling - permit
1378280060016,1,C,2016-10-06,10,New Dwelling - permit
1378280060017,1,C,2016-10-06,10,New Dwelling - permit
1378280060018,1,C,2016-10-06,10,New Dwelling - permit
1378280070001,1517536,C,2016-10-06,10,New Dwelling - permit
1378280070002,1517533,C,2016-10-06,10,New Dwelling - permit
1378280070003,1517532,C,2016-10-06,10,New Dwelling - permit
1378280070004,1517542,C,2016-10-06,10,New Dwelling - permit
1378280070005,1517531,C,2016-10-06,10,New Dwelling - permit
1378280070006,1517530,C,2016-10-06,10,New Dwelling - permit
1378280070006,1773748,C,2020-05-08,11,Additions or Remodeling
1378650010001,1,C,2016-09-28,32,"Paving, Parking Lot, Slab"
1378650010001,2,C,2016-05-12,30,New Building
1378650010001,3,C,2016-03-21,32,"Paving, Parking Lot, Slab"
1378650010001,1812779,C,2021-02-03,30,New Building
1378650010001,2052026,C,2025-10-24,31,"Addtns, Remodels, Lease Space"
1380390010001,1542347,C,2017-06-19,10,New Dwelling - permit
1380390010002,1646150,C,2018-01-22,10,New Dwelling - permit
1380390010003,1542348,C,2017-06-28,10,New Dwelling - permit
1380390010004,1546482,C,2017-07-13,10,New Dwelling - permit
1380390020001,1555819,C,2017-09-06,10,New Dwelling - permit
1380390020002,1539390,C,2017-05-31,10,New Dwelling - permit
1380390020003,1555820,C,2017-09-15,10,New Dwelling - permit
1380390020004,1542350,C,2017-06-28,10,New Dwelling - permit
1380390020005,1539391,C,2017-05-31,10,New Dwelling - permit
1380390020006,1539392,C,2017-05-31,10,New Dwelling - permit
1380390020007,1566476,C,2017-11-03,10,New Dwelling - permit
1380390020008,1555821,C,2017-09-06,10,New Dwelling - permit
1380390020009,1535445,C,2017-04-12,10,New Dwelling - permit
1380390020010,1555822,C,2017-09-15,10,New Dwelling - permit
1380390020011,1566477,C,2017-11-07,10,New Dwelling - permit
1380390020012,1539393,C,2017-05-31,10,New Dwelling - permit
1380390020013,1561744,C,2017-10-13,10,New Dwelling - permit
1380390020014,1542351,C,2017-06-19,10,New Dwelling - permit
1380390020015,1532143,C,2017-03-16,10,New Dwelling - permit
1380390020016,1528336,C,2017-02-20,10,New Dwelling - permit
1380390020017,1528337,C,2017-02-13,10,New Dwelling - permit
1380390020018,1532144,C,2017-03-24,10,New Dwelling - permit
1380390020019,1532145,C,2017-03-16,10,New Dwelling - permit
1380390020020,1528338,C,2017-02-13,10,New Dwelling - permit
1380390020021,1524920,C,2017-01-04,10,New Dwelling - permit
1380390020022,1518354,C,2016-12-14,10,New Dwelling - permit
1380390020023,1518660,C,2016-12-19,10,New Dwelling - permit
1380390020024,1,C,2016-11-29,10,New Dwelling - permit
1380390020025,1,C,2016-11-29,10,New Dwelling - permit
1380390020026,1520792,C,2016-12-14,10,New Dwelling - permit
1380390020027,1,C,2016-11-29,10,New Dwelling - permit
1380390020028,1524921,C,2017-01-27,10,New Dwelling - permit
1380390020029,1524922,C,2017-01-11,10,New Dwelling - permit
1380390020030,1,C,2016-11-21,10,New Dwelling - permit
1380390020031,1519070,C,2016-12-29,10,New Dwelling - permit
1380390030001,1539394,C,2017-05-31,10,New Dwelling - permit
1380390030002,1535446,C,2017-04-26,10,New Dwelling - permit
1380390030003,1535447,C,2017-04-10,10,New Dwelling - permit
1380390030004,1635975,C,2017-12-08,10,New Dwelling - permit
1380390030005,1566478,C,2017-11-09,10,New Dwelling - permit
1380390030006,1542352,C,2017-06-21,10,New Dwelling - permit
1380390030007,1,C,2016-11-29,10,New Dwelling - permit
1380390030008,1518352,C,2016-12-14,10,New Dwelling - permit
1380390030009,1518661,C,2016-12-19,10,New Dwelling - permit
1380390030010,1,C,2018-01-22,07,Extra Features (OB&Y)
1380390030010,1532146,C,2017-03-30,10,New Dwelling - permit
1380390030011,1528339,C,2017-02-07,10,New Dwelling - permit
1380390030012,1539395,C,2017-05-03,10,New Dwelling - permit
1380390030013,1561745,C,2017-10-31,10,New Dwelling - permit
1380390030014,1535448,C,2017-04-12,10,New Dwelling - permit
1380390030015,1539396,C,2017-05-03,10,New Dwelling - permit
1380390030016,1532147,C,2017-03-28,10,New Dwelling - permit
1380390030017,1532148,C,2017-03-24,10,New Dwelling - permit
1380390030018,1535449,C,2017-04-10,10,New Dwelling - permit
1380390030019,1535450,C,2017-04-10,10,New Dwelling - permit
1380390030020,1561746,C,2017-10-18,10,New Dwelling - permit
1380390030021,1535451,C,2017-04-12,10,New Dwelling - permit
1380390030022,1646152,C,2018-01-23,10,New Dwelling - permit
1380390030023,1549660,C,2017-08-07,10,New Dwelling - permit
1380390030024,1561747,C,2017-10-24,10,New Dwelling - permit
1380390030025,1646153,C,2018-01-23,10,New Dwelling - permit
1380390030026,1561748,C,2017-10-17,10,New Dwelling - permit
1380390030027,1555823,C,2017-09-25,10,New Dwelling - permit
1380390030028,1555824,C,2017-09-20,10,New Dwelling - permit
1380390030029,1549661,C,2017-08-15,10,New Dwelling - permit
1380390030030,1539397,C,2017-05-31,10,New Dwelling - permit
1381380010001,1539552,C,2017-02-06,32,"Paving, Parking Lot, Slab"
1381760010001,1696977,C,2018-12-17,10,New Dwelling - permit
1381760010002,1696978,C,2018-12-17,10,New Dwelling - permit
1381760010003,1696979,C,2018-12-17,10,New Dwelling - permit
1381760010004,1539441,C,2017-05-01,10,New Dwelling - permit
1381760010005,1525222,C,2017-01-04,10,New Dwelling - permit
1381760010006,1532189,C,2017-03-02,10,New Dwelling - permit
1381760010007,1696980,C,2018-12-17,10,New Dwelling - permit
1381760010008,1528353,C,2017-02-16,10,New Dwelling - permit
1381760010009,1542385,C,2017-06-19,10,New Dwelling - permit
1381760010010,1696981,C,2018-12-17,10,New Dwelling - permit
1381760010011,1744106,C,2019-10-16,10,New Dwelling - permit
1381760010012,1665429,C,2018-05-10,10,New Dwelling - permit
1381760010013,1744107,C,2019-10-16,10,New Dwelling - permit
1381760010014,1773766,C,2020-05-14,10,New Dwelling - permit
1381760010015,1651532,C,2018-03-20,10,New Dwelling - permit
1381760010016,1656012,C,2018-04-06,10,New Dwelling - permit
1381760010017,1668666,C,2018-06-15,10,New Dwelling - permit
1381760010018,1,C,2021-04-06,10,New Dwelling - permit
1381760010019,1692965,C,2018-11-12,10,New Dwelling - permit
1381760010020,1656013,C,2018-04-18,10,New Dwelling - permit
1381760010021,1773767,C,2020-05-14,10,New Dwelling - permit
1381760010021,1773768,C,2020-05-14,10,New Dwelling - permit
1381760010022,1703853,C,2019-01-28,10,New Dwelling - permit
1381760010023,1,C,2021-04-06,09,New Dwelling - no permit
1381760010024,1703854,C,2019-02-21,10,New Dwelling - permit
1381760010025,1689485,C,2018-10-26,10,New Dwelling - permit
1381760010026,1651533,C,2018-03-14,10,New Dwelling - permit
1381760010027,1665430,C,2018-05-29,10,New Dwelling - permit
1381760010028,1546505,C,2017-07-24,10,New Dwelling - permit
1381760010029,1744108,C,2019-10-16,10,New Dwelling - permit
1381760010029,1797298,C,2020-10-29,07,Extra Features (OB&Y)
1381760010030,1685067,C,2018-09-07,10,New Dwelling - permit
1381760010031,1696982,C,2018-12-14,10,New Dwelling - permit
1381760010032,1549686,C,2017-08-15,10,New Dwelling - permit
1381760010033,1,C,2018-04-02,09,New Dwelling - no permit
1381760010033,1773769,C,2020-05-14,12,Repairs (Foundation / GM)
1381760010034,1703855,C,2019-02-01,10,New Dwelling - permit
1381760010035,1665431,C,2018-05-07,10,New Dwelling - permit
1381760010036,1,C,2021-04-06,09,New Dwelling - no permit
1381760010037,1668667,C,2018-06-12,10,New Dwelling - permit
1381760010038,1665432,C,2018-05-07,10,New Dwelling - permit
1381760010039,1665433,C,2018-05-29,10,New Dwelling - permit
1381760010040,1646165,C,2018-01-31,10,New Dwelling - permit
1381760010041,1651535,C,2018-03-13,10,New Dwelling - permit
1381760010042,1715762,C,2019-04-04,10,New Dwelling - permit
1381760010042,1773770,C,2020-05-14,10,New Dwelling - permit
1381760010043,1651536,C,2018-03-16,10,New Dwelling - permit
1381760010044,1673041,C,2018-07-05,10,New Dwelling - permit
1381760010045,1668668,C,2018-06-15,10,New Dwelling - permit
1381760010046,1,C,2018-04-02,09,New Dwelling - no permit
1381760010047,1673042,C,2018-07-10,09,New Dwelling - no permit
1381760010048,1656014,C,2018-04-10,10,New Dwelling - permit
1381760010049,1744109,C,2019-10-08,10,New Dwelling - permit
1381760010052,1773771,C,2020-05-14,12,Repairs (Foundation / GM)
1381760020001,1744110,C,2019-10-08,10,New Dwelling - permit
1381760020002,1689486,C,2018-10-10,10,New Dwelling - permit
1381760020003,1665434,C,2018-05-07,10,New Dwelling - permit
1381760020004,1546506,C,2017-07-26,10,New Dwelling - permit
1381760020005,1549687,C,2017-08-15,10,New Dwelling - permit
1381760020006,1649870,C,2018-02-19,10,New Dwelling - permit
1381760020006,1773772,C,2020-05-14,12,Repairs (Foundation / GM)
1381760020007,1555841,C,2017-09-07,10,New Dwelling - permit
1381760020008,1,C,2021-04-06,09,New Dwelling - no permit
1381760030001,1678617,C,2018-08-13,10,New Dwelling - permit
1381760030002,1546507,C,2017-07-26,10,New Dwelling - permit
1381760030003,1542386,C,2017-06-30,10,New Dwelling - permit
1381760030005,1773773,C,2020-05-04,10,New Dwelling - permit
1381760030006,1678618,C,2018-08-13,10,New Dwelling - permit
1381760030007,1,C,2018-01-15,10,New Dwelling - permit
1381760040001,1651538,C,2018-03-20,10,New Dwelling - permit
1381760040002,1685068,C,2018-09-07,10,New Dwelling - permit
1381760040002,1773774,C,2020-05-14,12,Repairs (Foundation / GM)
1381760040003,1673043,C,2018-07-10,10,New Dwelling - permit
1381760040004,1,C,2021-04-06,09,New Dwelling - no permit
1381760040005,1,C,2018-03-28,09,New Dwelling - no permit
1381760040006,1678619,C,2018-08-13,10,New Dwelling - permit
1381760040007,1678620,C,2018-08-13,10,New Dwelling - permit
1381760040008,1546508,C,2017-07-26,10,New Dwelling - permit
1381760040009,1712137,C,2019-03-04,10,New Dwelling - permit
1381760040010,1712138,C,2019-03-04,10,New Dwelling - permit
1381760040011,1685069,C,2018-09-07,10,New Dwelling - permit
1381760040011,1715764,C,2019-04-04,10,New Dwelling - permit
1381760040012,1561768,C,2017-10-09,10,New Dwelling - permit
1381760040013,1542387,C,2017-06-19,10,New Dwelling - permit
1381760040014,1,C,2018-03-28,09,New Dwelling - no permit
1381760040015,1692966,C,2018-11-05,10,New Dwelling - permit
1381760040016,1703856,C,2019-01-03,10,New Dwelling - permit
1381760040017,1678621,C,2018-08-13,10,New Dwelling - permit
1381760050001,1561769,C,2017-10-02,10,New Dwelling - permit
1381760050002,1535493,C,2017-04-17,10,New Dwelling - permit
1381760050003,1,C,2016-12-21,10,New Dwelling - permit
1381760050004,1,C,2016-12-21,10,New Dwelling - permit
1381760050005,1712139,C,2019-03-04,10,New Dwelling - permit
1381760050006,1542388,C,2017-06-30,10,New Dwelling - permit
1381760050007,1546509,C,2017-07-26,10,New Dwelling - permit
1381760050008,1665435,C,2018-05-08,10,New Dwelling - permit
1381760050009,1,C,2018-03-23,09,New Dwelling - no permit
1381760050011,1535494,C,2017-04-28,10,New Dwelling - permit
1381760050012,1668669,C,2018-06-12,10,New Dwelling - permit
1381760050013,1689487,C,2018-10-04,10,New Dwelling - permit
1381760050014,1535495,C,2017-04-19,10,New Dwelling - permit
1381760050015,1535496,C,2017-04-19,10,New Dwelling - permit
1381760050015,1905137,C,2022-11-03,07,Extra Features (OB&Y)
1381760050016,1535497,C,2017-04-19,10,New Dwelling - permit
1381760050017,1539442,C,2017-05-03,10,New Dwelling - permit
1387410010001,1665592,C,2018-05-11,10,New Dwelling - permit
1387410010003,1733999,C,2019-08-21,10,New Dwelling - permit
1387410010004,1673200,C,2018-07-16,10,New Dwelling - permit
1387410010005,1770682,C,2020-04-24,10,New Dwelling - permit
1387410010006,1668854,C,2018-06-18,10,New Dwelling - permit
1387410010007,1734000,C,2019-08-21,10,New Dwelling - permit
1387410010008,1693036,C,2018-11-09,10,New Dwelling - permit
1387410010009,1725074,C,2019-06-05,10,New Dwelling - permit
1387410010010,1665593,C,2018-05-25,10,New Dwelling - permit
1387410010011,1734001,C,2019-08-21,10,New Dwelling - permit
1387410010012,1673201,C,2018-07-16,10,New Dwelling - permit
1387410010013,1778199,C,2020-06-19,10,New Dwelling - permit
1387410010014,1673202,C,2018-07-16,10,New Dwelling - permit
1387410010015,1,C,2020-05-01,09,New Dwelling - no permit
1387410010016,1673203,C,2018-07-06,10,New Dwelling - permit
1387410010018,1697065,C,2018-12-21,10,New Dwelling - permit
1387410010019,1665594,C,2018-05-25,10,New Dwelling - permit
1387410010020,1665595,C,2018-05-11,10,New Dwelling - permit
1387410010021,1729520,C,2019-07-09,10,New Dwelling - permit
1387410010022,1685154,C,2018-09-14,10,New Dwelling - permit
1387410010023,1689554,C,2018-10-02,10,New Dwelling - permit
1387410010025,1809664,C,2021-01-07,10,New Dwelling - permit
1387410010026,1697066,C,2018-12-21,10,New Dwelling - permit
1387410010027,1712228,C,2019-03-26,10,New Dwelling - permit
1387410010027,1712229,C,2019-03-20,10,New Dwelling - permit
1387410010028,1738829,C,2019-09-27,10,New Dwelling - permit
1387410010029,1751065,C,2019-11-21,10,New Dwelling - permit
1387410010030,1751066,C,2019-11-21,10,New Dwelling - permit
1387410010031,1770683,C,2020-04-28,10,New Dwelling - permit
1387410010032,1773831,C,2020-05-06,10,New Dwelling - permit
1387410010033,1744167,C,2019-10-24,10,New Dwelling - permit
1387410010034,1751067,C,2019-11-21,10,New Dwelling - permit
1387410010035,1770684,C,2020-04-15,10,New Dwelling - permit
1387410010036,1729521,C,2019-07-31,10,New Dwelling - permit
1387410010037,1725075,C,2019-06-17,10,New Dwelling - permit
1387410010038,1778200,C,2020-06-19,10,New Dwelling - permit
1387410010039,1805626,C,2020-12-08,10,New Dwelling - permit
1387410010040,1720417,C,2019-05-22,10,New Dwelling - permit
1387410010040,1729522,C,2019-07-02,10,New Dwelling - permit
1387410010041,1826706,C,2021-05-20,10,New Dwelling - permit
1387410010042,1831536,C,2021-06-04,10,New Dwelling - permit
1387410010043,1801268,C,2020-11-13,10,New Dwelling - permit
1387410010044,1817101,C,2021-03-04,10,New Dwelling - permit
1387410010045,1817102,C,2021-03-18,10,New Dwelling - permit
1387410010046,1,C,2021-05-20,10,New Dwelling - permit
1387410010047,1783436,C,2020-07-31,10,New Dwelling - permit
1387410010048,1849594,C,2021-10-11,10,New Dwelling - permit
1387410010049,1821846,C,2021-04-16,10,New Dwelling - permit
1387410010050,1788156,C,2020-08-18,10,New Dwelling - permit
1387410010051,1826707,C,2021-05-04,10,New Dwelling - permit
1387410010052,1826709,C,2021-05-20,10,New Dwelling - permit
1387410010053,1783437,C,2020-07-27,10,New Dwelling - permit
1387410010054,1797330,C,2020-10-15,10,New Dwelling - permit
1387410010055,1826710,C,2021-05-24,10,New Dwelling - permit
1387410010056,1778201,C,2020-06-05,10,New Dwelling - permit
1387410010057,1744168,C,2019-10-11,10,New Dwelling - permit
1387410010058,1849595,C,2021-10-11,10,New Dwelling - permit
1387410010059,1792500,C,2020-09-18,10,New Dwelling - permit
1387410010060,1783438,C,2020-07-31,10,New Dwelling - permit
1387410010061,1798111,C,2020-10-15,10,New Dwelling - permit
1387410010062,1773832,C,2020-05-06,10,New Dwelling - permit
1387410010063,1738830,C,2019-09-25,10,New Dwelling - permit
1387410010064,1778202,C,2020-06-05,10,New Dwelling - permit
1387410010065,1849596,C,2021-10-11,10,New Dwelling - permit
1387410010066,1685155,C,2018-09-04,10,New Dwelling - permit
1387410010067,1,C,1899-12-30,09,New Dwelling - no permit
1387410010067,1792501,C,2020-09-18,10,New Dwelling - permit
1387410010068,1862110,C,2022-01-19,10,New Dwelling - permit
1387410010069,1744169,C,2019-10-24,10,New Dwelling - permit
1387410010070,1673204,C,2018-07-16,10,New Dwelling - permit
1387410010071,1734002,C,2019-08-08,10,New Dwelling - permit
1387410010072,1751068,C,2019-11-21,10,New Dwelling - permit
1387410010073,1,C,2020-05-04,09,New Dwelling - no permit
1387410010074,1788157,C,2020-08-07,10,New Dwelling - permit
1387410010075,1763239,C,2020-02-28,10,New Dwelling - permit
1387410010075,1912856,C,2023-01-25,11,Additions or Remodeling
1387410010076,1792502,C,2020-09-18,10,New Dwelling - permit
1387410010077,1738831,C,2019-09-25,10,New Dwelling - permit
1387410010079,1763240,C,2020-02-05,10,New Dwelling - permit
1387410010080,1738832,C,2019-09-25,10,New Dwelling - permit
1387410010081,1773833,C,2020-05-27,10,New Dwelling - permit
1387410010082,1715842,C,2019-04-23,10,New Dwelling - permit
1387410010083,1665596,C,2018-05-30,10,New Dwelling - permit
1387410020001,1685156,C,2018-09-04,10,New Dwelling - permit
1387410020002,1778203,C,2020-06-19,10,New Dwelling - permit
1387410020003,1805627,C,2020-12-08,10,New Dwelling - permit
1387410020004,1788159,C,2020-08-07,10,New Dwelling - permit
1387410020005,1801269,C,2020-11-04,10,New Dwelling - permit
1387410020006,1703971,C,2019-02-01,10,New Dwelling - permit
1387410020007,1817103,C,2021-03-18,10,New Dwelling - permit
1387410020008,1788160,C,2020-08-07,10,New Dwelling - permit
1387410020009,1788161,C,2020-08-07,10,New Dwelling - permit
1387410020010,1773834,C,2020-05-06,10,New Dwelling - permit
1387410020011,1725076,C,2019-06-05,10,New Dwelling - permit
1387410020012,1783439,C,2020-07-27,10,New Dwelling - permit
1387410020013,1778204,C,2020-06-19,10,New Dwelling - permit
1387410020014,1792503,C,2020-09-18,10,New Dwelling - permit
1387410020015,1783440,C,2020-07-27,10,New Dwelling - permit
1387410020016,1770685,C,2020-04-24,10,New Dwelling - permit
1387410020017,1801270,C,2020-11-13,10,New Dwelling - permit
1387410020018,1778205,C,2020-06-19,10,New Dwelling - permit
1387410020019,1759650,C,2020-01-23,10,New Dwelling - permit
1387410020020,1715843,C,2019-04-26,10,New Dwelling - permit
1387410020021,1788162,C,2020-08-27,10,New Dwelling - permit
1387410020022,1763241,C,2020-02-05,10,New Dwelling - permit
1387410020023,1788163,C,2020-08-18,10,New Dwelling - permit
1387410020024,1738833,C,2019-09-20,10,New Dwelling - permit
1387410020025,1,C,2020-05-04,09,New Dwelling - no permit
1387410020026,1773835,C,2020-05-06,10,New Dwelling - permit
1387410020027,1725077,C,2019-06-11,10,New Dwelling - permit
1387410020028,1778206,C,2020-06-19,10,New Dwelling - permit
1387410020029,1770687,C,2020-04-15,10,New Dwelling - permit
1387410020030,1720418,C,2019-05-22,10,New Dwelling - permit
1387410020031,1,C,2020-03-18,09,New Dwelling - no permit
1387410030001,1817104,C,2021-03-24,10,New Dwelling - permit
1387410030002,1792504,C,2020-09-01,10,New Dwelling - permit
1387410030003,1725078,C,2019-06-11,10,New Dwelling - permit
1387410030004,1844994,C,2021-09-27,10,New Dwelling - permit
1387410030005,1703972,C,2019-02-20,10,New Dwelling - permit
1387410030006,1812802,C,2021-02-25,10,New Dwelling - permit
1387410030007,1826711,C,2021-05-04,10,New Dwelling - permit
1387410030008,1844995,C,2021-09-24,10,New Dwelling - permit
1387410030009,1792505,C,2020-09-01,10,New Dwelling - permit
1387410030010,1817105,C,2021-03-24,10,New Dwelling - permit
1387410030011,1844996,C,2021-09-24,10,New Dwelling - permit
1387410030012,1844997,C,2021-09-24,10,New Dwelling - permit
1387410030013,1826712,C,2021-05-24,10,New Dwelling - permit
1387410030014,1797331,C,2020-10-06,10,New Dwelling - permit
1387410030015,1,C,2018-10-16,09,New Dwelling - no permit
1387410030015,1697067,C,2018-12-07,10,New Dwelling - permit
1387410030016,1812803,C,2021-02-25,10,New Dwelling - permit
1387410030017,1788164,C,2020-08-27,10,New Dwelling - permit
1387410030018,1788165,C,2020-08-07,10,New Dwelling - permit
1387410030019,1826713,C,2021-05-24,10,New Dwelling - permit
1387410030020,1821847,C,2021-04-16,10,New Dwelling - permit
1387410030021,1817106,C,2021-03-30,10,New Dwelling - permit
1387410030022,1817107,C,2021-03-04,10,New Dwelling - permit
1387410030023,1821848,C,2021-04-21,10,New Dwelling - permit
1387410030024,1817108,C,2021-03-24,10,New Dwelling - permit
1387410030025,1725079,C,2019-06-11,10,New Dwelling - permit
1387410030026,1849597,C,2021-10-11,10,New Dwelling - permit
1387410030027,1809665,C,2021-01-29,10,New Dwelling - permit
1387410030028,1844998,C,2021-09-24,10,New Dwelling - permit
1387410030029,1809666,C,2021-01-07,10,New Dwelling - permit
1387410030030,1849598,C,2021-10-11,10,New Dwelling - permit
1387410030031,1817109,C,2021-03-04,10,New Dwelling - permit
1387410030032,1809667,C,2021-01-08,10,New Dwelling - permit
1262630010001,1404337,C,2014-06-11,10,New Dwelling - permit
1262630010002,995595,C,2005-06-15,10,New Dwelling - permit
1262630010003,1321856,C,2012-08-01,10,New Dwelling - permit
1262630010004,1007896,C,2005-11-17,10,New Dwelling - permit
1262630010005,1157221,C,2008-07-07,10,New Dwelling - permit
1262630010006,997279,C,2005-07-05,10,New Dwelling - permit
1262630010007,1,C,2014-09-18,11,Additions or Remodeling
1262630010007,995017,C,2005-06-07,10,New Dwelling - permit
1262630010008,995594,C,2005-06-15,10,New Dwelling - permit
1262630010009,994970,C,2005-06-07,10,New Dwelling - permit
1262630010010,995016,C,2005-06-07,10,New Dwelling - permit
1262630010011,1036598,C,2006-03-09,10,New Dwelling - permit
1262630010012,994969,C,2005-06-07,10,New Dwelling - permit
1262630010013,1004387,C,2005-10-12,10,New Dwelling - permit
1262630010014,1036599,C,2006-03-09,10,New Dwelling - permit
1262630010015,1004528,C,2005-10-17,10,New Dwelling - permit
1262630010016,1393971,C,2014-03-12,10,New Dwelling - permit
1262630010017,1394268,C,2014-03-18,10,New Dwelling - permit
1262630020001,1004633,C,2005-10-18,10,New Dwelling - permit
1262630020002,996921,C,2005-06-29,10,New Dwelling - permit
1262630020003,997616,C,2005-07-08,10,New Dwelling - permit
1262630020003,1315312,C,2012-06-19,11,Additions or Remodeling
1262630020004,1001992,C,2005-09-16,10,New Dwelling - permit
1262640010001,1861920,C,2022-01-10,10,New Dwelling - permit
1262640010002,991674,C,2005-05-04,10,New Dwelling - permit
1262640010003,1500647,C,2016-07-18,10,New Dwelling - permit
1262640010004,1034122,C,2006-02-07,10,New Dwelling - permit
1262640010005,1044491,C,2006-06-20,10,New Dwelling - permit
1262640010006,991671,C,2005-05-04,10,New Dwelling - permit
1262640010006,1956900,C,2023-11-10,07,Extra Features (OB&Y)
1262640010007,1012411,C,2005-12-27,10,New Dwelling - permit
1262640010008,1044492,C,2006-06-20,10,New Dwelling - permit
1262640010008,1821555,C,2021-04-21,11,Additions or Remodeling
1262640010009,1039415,C,2006-04-12,10,New Dwelling - permit
1262640010009,1060548,C,2006-10-18,07,Extra Features (OB&Y)
1262640010010,992500,C,2005-05-13,10,New Dwelling - permit
1262640010010,1035673,C,2006-02-27,07,Extra Features (OB&Y)
1262640010011,1849389,C,2021-10-15,10,New Dwelling - permit
1262640010012,1097494,C,2007-06-20,10,New Dwelling - permit
1262640010013,993511,C,2005-05-31,31,"Addtns, Remodels, Lease Space"
1262640010013,1047050,C,2006-07-28,10,New Dwelling - permit
1262640010014,992520,C,2005-05-13,10,New Dwelling - permit
1262640010015,1041733,C,2006-05-11,10,New Dwelling - permit
1262640010016,1503395,C,2016-08-01,10,New Dwelling - permit
1262640010017,992519,C,2005-05-13,10,New Dwelling - permit
1262640010017,1650949,C,2018-03-19,11,Additions or Remodeling
1262640010018,992501,C,2005-05-13,10,New Dwelling - permit
1262640010019,992518,C,2005-05-13,10,New Dwelling - permit
1262640010020,1060854,C,2006-10-27,10,New Dwelling - permit
1262640020001,1503396,C,2016-08-01,10,New Dwelling - permit
1262640020002,1047051,C,2006-07-28,10,New Dwelling - permit
1262640020003,1538394,C,2017-05-19,10,New Dwelling - permit
1262650010001,1045371,C,2006-06-30,10,New Dwelling - permit
1262650010002,1036600,C,2006-03-09,10,New Dwelling - permit
1262650010003,1045372,C,2006-06-30,10,New Dwelling - permit
1262650010004,1002342,C,2005-09-28,10,New Dwelling - permit
1262650010005,1044943,C,2006-06-26,10,New Dwelling - permit
1262650010006,1012593,C,2005-12-29,10,New Dwelling - permit
1262650010006,1012594,C,2008-09-13,50,Disaster Review
1262650010007,1012151,C,2005-12-16,10,New Dwelling - permit
1262650010008,1012152,C,2005-12-16,10,New Dwelling - permit
1262650010009,1040313,C,2006-04-25,10,New Dwelling - permit
1262650010010,1,C,2012-06-18,07,Extra Features (OB&Y)
1262650010010,1041035,C,2006-05-04,10,New Dwelling - permit
1262650010011,1012592,C,2005-12-29,10,New Dwelling - permit
1262650010012,1048434,C,2006-08-21,10,New Dwelling - permit
1262650010012,1929829,C,2023-05-31,11,Additions or Remodeling
1262650010013,1012594,C,2005-12-29,10,New Dwelling - permit
1262650010014,1041038,C,2006-05-04,10,New Dwelling - permit
1262650010015,1043643,C,2006-06-06,10,New Dwelling - permit
1262650010016,1042438,C,2006-05-19,10,New Dwelling - permit
1262650010016,1042639,C,2006-05-22,10,New Dwelling - permit
1262650010017,1054370,C,2006-09-12,10,New Dwelling - permit
1262650010018,1129492,C,2007-08-09,10,New Dwelling - permit
1262650010019,1036601,C,2006-03-09,10,New Dwelling - permit
1262650010020,1159028,C,2008-08-12,10,New Dwelling - permit
1262650010021,1067326,C,2006-12-22,10,New Dwelling - permit
1262650010022,1012153,C,2005-12-16,10,New Dwelling - permit
1262650010023,1040314,C,2006-04-25,10,New Dwelling - permit
1262650010024,1443264,C,2015-05-13,10,New Dwelling - permit
1262650010025,1067341,C,2006-12-22,10,New Dwelling - permit
1262650010025,1315253,C,2012-06-18,07,Extra Features (OB&Y)
1262650010026,1045857,C,2006-07-07,10,New Dwelling - permit
1262650010027,1040311,C,2006-04-25,10,New Dwelling - permit
1262650010028,1041039,C,2006-05-04,10,New Dwelling - permit
1262650010029,1157933,C,2008-07-22,10,New Dwelling - permit
1262650010029,1650950,C,2018-03-23,07,Extra Features (OB&Y)
1262650010030,1054994,C,2006-09-22,10,New Dwelling - permit
1262650010031,1054995,C,2006-09-22,10,New Dwelling - permit
1262650010031,1655435,C,2018-04-23,07,Extra Features (OB&Y)
1262650010032,1055804,C,2006-05-04,10,New Dwelling - permit
1262650010033,1012563,C,2005-12-29,10,New Dwelling - permit
1262650010034,1041041,C,2006-05-04,10,New Dwelling - permit
1262650010035,1054662,C,2006-09-15,10,New Dwelling - permit
1262650010035,1460952,C,2015-09-29,07,Extra Features (OB&Y)
1262650010036,1041040,C,2006-05-04,10,New Dwelling - permit
1262650010037,1036602,C,2006-03-09,10,New Dwelling - permit
1262650010038,1043644,C,2006-06-06,10,New Dwelling - permit
1262650010039,1041036,C,2006-05-04,10,New Dwelling - permit
1262650010040,1054372,C,2006-09-12,10,New Dwelling - permit
1262650010041,1054371,C,2006-09-12,10,New Dwelling - permit
1262650010042,1045858,C,2006-07-07,10,New Dwelling - permit
1262650010043,1119273,C,2007-12-03,10,New Dwelling - permit
1262650010044,1066712,C,2006-12-04,10,New Dwelling - permit
1262650010045,1041037,C,2006-05-04,10,New Dwelling - permit
1262650010046,1054373,C,2006-09-12,10,New Dwelling - permit
1262650010047,1036603,C,2006-03-09,10,New Dwelling - permit
1262650020001,1004065,C,2005-10-07,10,New Dwelling - permit
1262650020002,1002343,C,2005-09-28,10,New Dwelling - permit
1262650020003,1012150,C,2005-12-16,10,New Dwelling - permit
1262650020004,1,C,2009-01-01,07,Extra Features (OB&Y)
1262650020004,1040312,C,2006-04-25,10,New Dwelling - permit
1262650020005,1004529,C,2005-10-17,10,New Dwelling - permit
1262650020006,1054374,C,2006-09-12,10,New Dwelling - permit
1262650020007,1327925,C,2012-10-31,10,New Dwelling - permit
1262650020008,1119347,C,2007-12-04,10,New Dwelling - permit
1262650020009,1012595,C,2005-12-29,10,New Dwelling - permit
1262650020010,1091954,C,2007-03-29,10,New Dwelling - permit
1262660010001,1100899,C,2007-08-20,10,New Dwelling - permit
1262660010002,1284592,C,2011-09-07,10,New Dwelling - permit
1262660010003,1404758,C,2014-06-18,10,New Dwelling - permit
1262660010004,1100807,C,2007-08-16,10,New Dwelling - permit
1262660010004,1478319,C,2016-01-04,07,Extra Features (OB&Y)
1262660010005,1100808,C,2007-08-16,10,New Dwelling - permit
1262660010006,1100810,C,2007-08-16,10,New Dwelling - permit
1262660010007,1100812,C,2007-08-16,10,New Dwelling - permit
1262660010007,2051844,C,2025-10-13,12,Repairs (Foundation / GM)
1262660010008,1044494,C,2006-06-20,10,New Dwelling - permit
1262660010009,1500648,C,2016-07-18,10,New Dwelling - permit
1262660010010,1060194,C,2006-10-06,10,New Dwelling - permit
1262660010011,1043302,C,2006-05-31,10,New Dwelling - permit
1262660010012,1031958,C,2006-01-06,10,New Dwelling - permit
1262660010013,1044495,C,2006-06-20,10,New Dwelling - permit
1262660010014,1491089,C,2016-04-07,10,New Dwelling - permit
1262660010015,1484890,C,2016-04-07,10,New Dwelling - permit
1262660010016,1035126,C,2006-02-16,10,New Dwelling - permit
1262660010017,1034121,C,2006-02-07,10,New Dwelling - permit
1262660010018,1501233,C,2016-07-28,10,New Dwelling - permit
1262660010019,1849392,C,2021-10-15,10,New Dwelling - permit
1262660010020,1048808,C,2006-08-28,10,New Dwelling - permit
1262660010021,1334682,C,2012-12-26,10,New Dwelling - permit
1262660010022,1849393,C,2021-10-15,10,New Dwelling - permit
1262660010023,1484891,C,2016-04-07,10,New Dwelling - permit
1262660010024,1043954,C,2006-06-12,10,New Dwelling - permit
1262660010025,1044496,C,2006-06-20,10,New Dwelling - permit
1262660010026,1484892,C,2016-04-07,10,New Dwelling - permit
1262660010027,1035127,C,2006-02-16,10,New Dwelling - permit
1262660010028,1034120,C,2006-02-07,10,New Dwelling - permit
1262660010029,1100809,C,2007-08-16,10,New Dwelling - permit
1262660010030,1100806,C,2007-08-16,10,New Dwelling - permit
1262660010031,1100811,C,2007-08-16,10,New Dwelling - permit
1262660010032,1334696,C,2012-12-26,10,New Dwelling - permit
1262660010033,1034119,C,2006-02-07,10,New Dwelling - permit
1262660010033,1812578,C,2021-02-11,07,Extra Features (OB&Y)
1262660010034,1492804,C,2016-05-31,32,"Paving, Parking Lot, Slab"
1262670010001,1086989,C,2007-01-19,10,New Dwelling - permit
1262670010002,1086990,C,2007-01-19,10,New Dwelling - permit
1262670010003,1060525,C,2006-10-18,10,New Dwelling - permit
1262670010004,1039161,C,2006-04-07,10,New Dwelling - permit
1262670010005,1039162,C,2006-04-07,10,New Dwelling - permit
1262670010005,1272454,C,2011-06-07,07,Extra Features (OB&Y)
1262670010006,1039163,C,2006-04-07,10,New Dwelling - permit
1262670010007,1039164,C,2006-04-07,10,New Dwelling - permit
1262670010008,1046848,C,2006-07-26,10,New Dwelling - permit
1262670010008,1655436,C,2018-04-13,11,Additions or Remodeling
1262670010009,1048260,C,2006-08-16,10,New Dwelling - permit
1262670010010,1038617,C,2006-03-30,10,New Dwelling - permit
1262670010011,1048962,C,2006-08-29,10,New Dwelling - permit
1262670010012,1064068,C,2006-11-14,10,New Dwelling - permit
1262670010013,1039165,C,2006-04-07,10,New Dwelling - permit
1262670010014,1046519,C,2006-07-19,10,New Dwelling - permit
1262670020001,1039166,C,2006-04-07,10,New Dwelling - permit
1262670020002,1032382,C,2006-01-12,10,New Dwelling - permit
1262670020003,1067273,C,2006-12-21,10,New Dwelling - permit
1262670020003,1478298,C,2016-01-04,11,Additions or Remodeling
1262670020004,1046850,C,2006-07-26,10,New Dwelling - permit
1262670020005,1044184,C,2006-06-14,10,New Dwelling - permit
1262670020006,1044179,C,2006-06-14,10,New Dwelling - permit
1262670020007,1064069,C,2006-11-14,10,New Dwelling - permit
1262670020007,1650951,C,2018-03-13,11,Additions or Remodeling
1262670020008,1044929,C,2006-06-23,10,New Dwelling - permit
1262670020008,1672550,C,2018-07-09,11,Additions or Remodeling
1262670020009,1046520,C,2006-07-19,10,New Dwelling - permit
1262670020010,1038619,C,2006-03-30,10,New Dwelling - permit
1262670020011,1046851,C,2006-07-26,10,New Dwelling - permit
1262670020012,1046849,C,2006-07-26,10,New Dwelling - permit
1262670020013,1063670,C,2006-11-02,10,New Dwelling - permit
1262670020014,1044931,C,2006-06-23,10,New Dwelling - permit
1262670020014,1044932,C,2008-09-13,50,Disaster Review
1262670020015,1044930,C,2006-06-23,10,New Dwelling - permit
1262670020015,1044931,C,2008-09-13,50,Disaster Review
1262670020015,1469029,C,2015-11-24,11,Additions or Remodeling
1262670020016,1047466,C,2006-08-01,10,New Dwelling - permit
1262670020016,1047467,C,2008-09-13,50,Disaster Review
1262670020017,1048259,C,2006-08-16,10,New Dwelling - permit
1262670020018,1048963,C,2006-08-29,10,New Dwelling - permit
1262670020019,1038618,C,2006-03-30,10,New Dwelling - permit
1262670020020,1063671,C,2006-11-02,10,New Dwelling - permit
1262670020021,1063672,C,2006-11-02,10,New Dwelling - permit
1262670020022,1042545,C,2006-05-19,10,New Dwelling - permit
1262670020023,1054482,C,2006-09-13,10,New Dwelling - permit
1262670020024,1048261,C,2006-08-16,10,New Dwelling - permit
1262670020025,1038616,C,2006-03-30,10,New Dwelling - permit
1262670020026,1032338,C,2006-01-12,10,New Dwelling - permit
1262670020026,1032339,C,2008-09-13,50,Disaster Review
1262670020027,1032339,C,2006-01-12,10,New Dwelling - permit
1262670020028,1042544,C,2006-05-19,10,New Dwelling - permit
1262670020029,1066895,C,2006-12-11,10,New Dwelling - permit
1262670020030,1060526,C,2006-10-18,10,New Dwelling - permit
1262670020031,1032384,C,2006-01-12,10,New Dwelling - permit
1262670020032,1032381,C,2006-01-12,10,New Dwelling - permit
1262670020033,1032340,C,2006-01-12,10,New Dwelling - permit
1262670020034,1047465,C,2006-08-01,10,New Dwelling - permit
1262670020035,1063674,C,2006-11-02,10,New Dwelling - permit
1262670020036,1042854,C,2006-05-24,10,New Dwelling - permit
1262670020037,1042855,C,2006-05-24,10,New Dwelling - permit
1262670020038,1054062,C,2006-09-06,10,New Dwelling - permit
1262670020038,1086997,C,2007-01-19,10,New Dwelling - permit
1262670020039,1063673,C,2006-11-02,10,New Dwelling - permit
1262670020040,1038615,C,2006-03-30,10,New Dwelling - permit
1262670020041,1054483,C,2006-09-13,10,New Dwelling - permit
1262680010001,1315791,C,2012-06-29,10,New Dwelling - permit
1262680010002,1316319,C,2012-07-13,10,New Dwelling - permit
1262680010003,1316314,C,2012-07-13,10,New Dwelling - permit
1262680010004,1275916,C,2011-07-06,10,New Dwelling - permit
1262680010005,1297320,C,2012-02-02,10,New Dwelling - permit
1262680010006,1279318,C,2011-08-10,10,New Dwelling - permit
1262680010007,1094674,C,2007-05-02,10,New Dwelling - permit
1262680010008,1101090,C,2007-08-22,10,New Dwelling - permit
1262680010009,1104383,C,2007-09-11,10,New Dwelling - permit
1262680010010,1233207,C,2010-06-09,10,New Dwelling - permit
1262680010011,1233208,C,2010-06-09,10,New Dwelling - permit
1262680010012,1233467,C,2010-06-16,10,New Dwelling - permit
1262680010013,1285060,C,2011-09-21,10,New Dwelling - permit
1262680010014,1315792,C,2012-06-29,10,New Dwelling - permit
1262680010015,1316317,C,2012-07-13,10,New Dwelling - permit
1262680010016,1301900,C,2012-03-29,10,New Dwelling - permit
1262680010017,1311955,C,2012-05-29,10,New Dwelling - permit
1262680010018,1289714,C,2011-11-30,10,New Dwelling - permit
1262680020001,1187808,C,2009-08-26,10,New Dwelling - permit
1262680020002,1089198,C,2007-02-22,10,New Dwelling - permit
1262680020003,1090764,C,2007-03-14,10,New Dwelling - permit
1262680020004,1233979,C,2010-06-30,10,New Dwelling - permit
1262680020005,1275912,C,2011-07-06,10,New Dwelling - permit
1262680020006,1067271,C,2006-12-21,10,New Dwelling - permit
1262680020007,1150820,C,2008-03-19,10,New Dwelling - permit
1262680020008,1182642,C,2009-06-11,10,New Dwelling - permit
1262680020009,1159350,C,2008-08-20,10,New Dwelling - permit
1262680020010,1096667,C,2007-06-06,10,New Dwelling - permit
1262680020011,1150821,C,2008-03-19,10,New Dwelling - permit
1262680020012,1153500,C,2008-05-07,10,New Dwelling - permit
1262680020013,1182641,C,2009-06-11,10,New Dwelling - permit
1262680020014,1090704,C,2007-03-14,10,New Dwelling - permit
1262680020015,1091892,C,2007-03-28,10,New Dwelling - permit
1262680020016,1224305,C,2010-03-10,10,New Dwelling - permit
1262680020017,1067272,C,2006-12-21,10,New Dwelling - permit
1262680020018,1091076,C,2007-03-20,10,New Dwelling - permit
1262680020019,1210271,C,2009-11-18,10,New Dwelling - permit
1262680020020,1087601,C,2007-01-31,10,New Dwelling - permit
1262680020021,1086991,C,2007-01-19,10,New Dwelling - permit
1262680020021,1178730,C,2009-03-06,07,Extra Features (OB&Y)
1262680020021,2011030,C,2024-12-10,07,Extra Features (OB&Y)
1262680020022,1,C,2007-05-02,10,New Dwelling - permit
1262680020023,1094673,C,2007-05-02,10,New Dwelling - permit
1262680020024,1100718,C,2007-08-15,10,New Dwelling - permit
1262680020025,1067270,C,2006-12-21,10,New Dwelling - permit
1262680020026,1092888,C,2007-04-12,10,New Dwelling - permit
1262680020027,1095408,C,2007-05-15,10,New Dwelling - permit
1262680020028,1202203,C,2009-10-07,10,New Dwelling - permit
1262680020029,1108095,C,2007-10-30,10,New Dwelling - permit
1262680020030,1157320,C,2008-07-09,10,New Dwelling - permit
1262680020031,1159074,C,2008-08-13,10,New Dwelling - permit
1262680020032,1163327,C,2008-10-15,10,New Dwelling - permit
1262680020033,1180424,C,2009-04-22,10,New Dwelling - permit
1262680020034,1096024,C,2007-05-25,10,New Dwelling - permit
1262680020035,1104382,C,2007-09-11,10,New Dwelling - permit
1262680020036,1090701,C,2007-03-14,10,New Dwelling - permit
1262680020037,1086992,C,2007-01-19,10,New Dwelling - permit
1262680020037,1541358,C,2017-06-06,11,Additions or Remodeling
1262680020038,1090702,C,2007-03-14,10,New Dwelling - permit
1262680020039,1090763,C,2007-03-14,10,New Dwelling - permit
1262680020040,1086993,C,2007-01-19,10,New Dwelling - permit
1262680030001,1095124,C,2007-05-10,10,New Dwelling - permit
1262680030002,1316318,C,2012-07-13,10,New Dwelling - permit
1262680030003,1334689,C,2012-12-26,10,New Dwelling - permit
1262680030004,1310930,C,2012-05-08,10,New Dwelling - permit
1262680030005,1096025,C,2007-05-25,10,New Dwelling - permit
1262680030006,1365466,C,2013-08-28,10,New Dwelling - permit
1262680030007,1364400,C,2013-08-02,10,New Dwelling - permit
1262680030008,1275913,C,2011-07-06,10,New Dwelling - permit
1262680030009,1179596,C,2009-04-01,10,New Dwelling - permit
1262680030010,1099123,C,2007-07-18,10,New Dwelling - permit
1262680030011,1104384,C,2007-09-11,10,New Dwelling - permit
1262680030012,1099122,C,2007-07-18,10,New Dwelling - permit
1262680030013,1096668,C,2007-06-06,10,New Dwelling - permit
1262680030014,1090703,C,2007-03-14,10,New Dwelling - permit
1262680030015,1222148,C,2010-01-20,10,New Dwelling - permit
1262680030016,1223293,C,2010-02-17,10,New Dwelling - permit
1262680030017,1223146,C,2010-02-12,10,New Dwelling - permit
1262680030018,1099706,C,2007-07-31,10,New Dwelling - permit
1262680030019,1275914,C,2011-07-06,10,New Dwelling - permit
1262680030020,1104385,C,2007-09-11,10,New Dwelling - permit
1262680030021,1107098,C,2007-10-03,10,New Dwelling - permit
1262680030022,1090705,C,2007-03-14,10,New Dwelling - permit
1262680030023,1107793,C,2007-10-22,10,New Dwelling - permit
1262680030024,1104229,C,2007-09-05,10,New Dwelling - permit
1262680030025,1100719,C,2007-08-15,10,New Dwelling - permit
1262680030026,1104228,C,2007-09-05,10,New Dwelling - permit
1262680030027,1147491,C,2008-01-09,10,New Dwelling - permit
1262680030028,1232477,C,2010-05-26,10,New Dwelling - permit
1262680030029,1232476,C,2010-05-26,10,New Dwelling - permit
1262680030030,1232475,C,2010-05-26,10,New Dwelling - permit
1262680030031,1153501,C,2008-05-07,10,New Dwelling - permit
1262680030032,1325716,C,2012-09-13,10,New Dwelling - permit
1262680030033,1411119,C,2014-07-14,10,New Dwelling - permit
1262680030034,1285742,C,2011-10-10,10,New Dwelling - permit
1262680030035,1334147,C,2012-12-10,10,New Dwelling - permit
1262680030036,1344269,C,2013-03-06,10,New Dwelling - permit
1262680030037,1325721,C,2012-09-13,10,New Dwelling - permit
1262680030038,1231487,C,2010-05-05,10,New Dwelling - permit
1262680030039,1232164,C,2010-05-19,10,New Dwelling - permit
1262680030040,1152744,C,2008-04-23,10,New Dwelling - permit
1262680030041,1107571,C,2007-10-16,31,"Addtns, Remodels, Lease Space"
1262680030041,1232162,C,2010-05-19,10,New Dwelling - permit
1262680030044,1159428,C,2008-08-21,32,"Paving, Parking Lot, Slab"
1262680030044,1159429,C,2008-08-21,31,"Addtns, Remodels, Lease Space"
1262680030044,1159430,C,2008-08-21,31,"Addtns, Remodels, Lease Space"
1262680040001,1231488,C,2010-05-05,10,New Dwelling - permit
1262680040002,1231489,C,2010-05-05,10,New Dwelling - permit
1262680040002,1293408,C,2011-12-06,11,Additions or Remodeling
1262680040003,1226162,C,2010-04-21,10,New Dwelling - permit
1262680040004,1226163,C,2010-04-21,10,New Dwelling - permit
1262680040005,1326843,C,2012-10-02,10,New Dwelling - permit
1262680040006,1340415,C,2013-01-31,10,New Dwelling - permit
1262680040007,1351191,C,2013-04-12,10,New Dwelling - permit
1262680040008,1356070,C,2013-05-28,10,New Dwelling - permit
1262680040009,1365340,C,2013-08-23,10,New Dwelling - permit
1262680040010,1341412,C,2013-02-22,10,New Dwelling - permit
1262690010001,1148129,C,2008-01-25,31,"Addtns, Remodels, Lease Space"
1262690010001,1222742,C,2010-02-04,31,"Addtns, Remodels, Lease Space"
1262690010001,1431102,C,2015-02-26,31,"Addtns, Remodels, Lease Space"
1262690010001,1461181,C,2015-09-01,31,"Addtns, Remodels, Lease Space"
1262690010001,1461426,C,2015-09-15,32,"Paving, Parking Lot, Slab"
1262690010001,1464700,C,2015-10-09,30,New Building
1262690010001,1472099,C,2015-12-04,31,"Addtns, Remodels, Lease Space"
1262690010001,1689089,C,2018-10-04,31,"Addtns, Remodels, Lease Space"
1262690010001,1696650,C,2018-12-20,31,"Addtns, Remodels, Lease Space"
1262690010001,1759358,C,2020-01-17,31,"Addtns, Remodels, Lease Space"
1262690010001,1801025,C,2020-11-22,31,"Addtns, Remodels, Lease Space"
1262690010001,1929830,C,2023-05-05,31,"Addtns, Remodels, Lease Space"
1262690010001,1972645,C,2024-03-12,31,"Addtns, Remodels, Lease Space"
1262690010001,2011031,C,2024-12-23,31,"Addtns, Remodels, Lease Space"
1262690010001,2018760,C,2025-02-05,31,"Addtns, Remodels, Lease Space"
1262690020001,3,C,2006-01-05,39,New Construction w/o Permit
1262690020001,1016448,C,2005-10-12,32,"Paving, Parking Lot, Slab"
1262690020001,1016449,C,2005-09-01,32,"Paving, Parking Lot, Slab"
1262690020001,1016450,C,2005-09-01,31,"Addtns, Remodels, Lease Space"
1262690020001,1016452,C,2005-05-20,31,"Addtns, Remodels, Lease Space"
1262690020001,1070581,C,2006-12-14,31,"Addtns, Remodels, Lease Space"
1262690020001,1070583,C,2006-12-14,32,"Paving, Parking Lot, Slab"
1262690020001,1070593,C,2006-09-13,31,"Addtns, Remodels, Lease Space"
1262690020001,1071109,C,2006-09-11,30,New Building
1262690020001,1071110,C,2006-02-02,30,New Building
1262690020001,1108614,C,2007-04-11,31,"Addtns, Remodels, Lease Space"
1262690020001,1108615,C,2007-07-23,31,"Addtns, Remodels, Lease Space"
1262690020001,1108616,C,2007-03-27,31,"Addtns, Remodels, Lease Space"
1262690020001,1108617,C,2007-03-21,31,"Addtns, Remodels, Lease Space"
1262690020001,1108618,C,2007-09-14,31,"Addtns, Remodels, Lease Space"
1262690020001,1108619,C,2007-03-16,31,"Addtns, Remodels, Lease Space"
1262690020001,1108620,C,2007-03-23,31,"Addtns, Remodels, Lease Space"
1262690020001,1108621,C,2007-03-13,31,"Addtns, Remodels, Lease Space"
1262690020001,1151433,C,2008-03-10,31,"Addtns, Remodels, Lease Space"
1262690020001,1163962,C,2008-10-30,31,"Addtns, Remodels, Lease Space"
1262690020001,1360865,C,2013-07-17,31,"Addtns, Remodels, Lease Space"
1262690020001,1364597,C,2013-08-08,31,"Addtns, Remodels, Lease Space"
1262690020001,1672551,C,2018-07-31,31,"Addtns, Remodels, Lease Space"
1262690020001,1836337,C,2021-07-01,31,"Addtns, Remodels, Lease Space"
1262690020001,2022462,C,2025-03-10,31,"Addtns, Remodels, Lease Space"
1262690020002,1,C,2005-08-03,30,New Building
1262690020002,2,C,2004-12-02,32,"Paving, Parking Lot, Slab"
1262690020002,1541359,C,2017-06-26,32,"Paving, Parking Lot, Slab"
1262690020002,1541360,C,2017-06-26,31,"Addtns, Remodels, Lease Space"
1262690020002,1650952,C,2018-03-12,31,"Addtns, Remodels, Lease Space"
1262690020002,1655437,C,2018-04-11,31,"Addtns, Remodels, Lease Space"
1262690020002,1655438,C,2018-04-27,31,"Addtns, Remodels, Lease Space"
1262690020002,1655439,C,2018-04-05,31,"Addtns, Remodels, Lease Space"
1262690020002,1664769,C,2018-05-25,31,"Addtns, Remodels, Lease Space"
1262690020002,1720040,C,2019-05-23,31,"Addtns, Remodels, Lease Space"
1262690020002,1754625,C,2019-12-26,32,"Paving, Parking Lot, Slab"
1262690020002,1754626,C,2019-12-26,30,New Building
1262690020002,1840816,C,2021-08-04,31,"Addtns, Remodels, Lease Space"
1262690020002,1844784,C,2021-09-09,31,"Addtns, Remodels, Lease Space"
1262690020004,1,C,2006-10-18,31,"Addtns, Remodels, Lease Space"
1262690020004,2,C,2006-11-06,30,New Building
1262690020004,3,C,2006-09-11,32,"Paving, Parking Lot, Slab"
1262690020004,4,C,2006-02-02,32,"Paving, Parking Lot, Slab"
1262690020004,5,C,2007-08-28,32,"Paving, Parking Lot, Slab"
1262690020004,12,C,2006-09-13,30,New Building
1262690020004,13,C,2006-09-13,32,"Paving, Parking Lot, Slab"
1262690020004,14,C,2007-12-07,32,"Paving, Parking Lot, Slab"
1262690020004,1109059,C,2007-10-26,31,"Addtns, Remodels, Lease Space"
1262690020004,1173648,C,2008-12-09,30,New Building
1262690020004,1173649,C,2008-12-09,32,"Paving, Parking Lot, Slab"
1262690020004,1177161,C,2009-01-15,30,New Building
1262690020004,1240124,C,2010-08-31,31,"Addtns, Remodels, Lease Space"
1262690020004,1271703,C,2011-05-18,31,"Addtns, Remodels, Lease Space"
1262690020004,1326210,C,2012-09-24,31,"Addtns, Remodels, Lease Space"
1262690020004,1394145,C,2014-03-14,31,"Addtns, Remodels, Lease Space"
1262690020004,1443186,C,2015-05-11,30,New Building
1262690020004,1443187,C,2015-05-11,32,"Paving, Parking Lot, Slab"
1262690020004,1773475,C,2020-05-04,31,"Addtns, Remodels, Lease Space"
1262690020004,1920765,C,2023-03-03,31,"Addtns, Remodels, Lease Space"
1262690020004,1920766,C,2023-03-03,31,"Addtns, Remodels, Lease Space"
1262690020004,1989610,C,2024-07-25,31,"Addtns, Remodels, Lease Space"
1262690020004,2031701,C,2025-05-07,31,"Addtns, Remodels, Lease Space"
1262690020004,2044057,C,2025-08-14,31,"Addtns, Remodels, Lease Space"
1262690020004,2048311,C,2025-09-18,30,New Building
1262690020005,2,C,2006-08-08,32,"Paving, Parking Lot, Slab"
1262690020005,3,C,2006-02-02,30,New Building
1262690020005,4,C,2006-02-02,30,New Building
1262690020005,6,C,2006-02-05,30,New Building
1262690020007,1,C,2006-10-18,31,"Addtns, Remodels, Lease Space"
1262690020007,2,C,2006-11-06,30,New Building
1262690020007,3,C,2006-09-11,32,"Paving, Parking Lot, Slab"
1262690020007,4,C,2006-02-02,32,"Paving, Parking Lot, Slab"
1262690020007,5,C,2007-08-28,32,"Paving, Parking Lot, Slab"
1262690020007,7,C,2006-09-13,30,New Building
1262690020007,8,C,2006-09-13,32,"Paving, Parking Lot, Slab"
1262690020007,9,C,2007-12-07,32,"Paving, Parking Lot, Slab"
1262690020007,10,C,2007-10-26,31,"Addtns, Remodels, Lease Space"
1262690020007,11,C,2008-12-09,30,New Building
1262690020007,12,C,2008-12-09,32,"Paving, Parking Lot, Slab"
1262690020007,13,C,2009-01-15,30,New Building
1262690020007,14,C,2010-08-31,31,"Addtns, Remodels, Lease Space"
1262690020007,15,C,2011-05-18,31,"Addtns, Remodels, Lease Space"
1262690020007,16,C,2012-09-24,31,"Addtns, Remodels, Lease Space"
1262690020007,17,C,2014-03-14,31,"Addtns, Remodels, Lease Space"
1262690020007,18,C,2015-05-11,30,New Building
1262690020007,19,C,2015-05-11,32,"Paving, Parking Lot, Slab"
1262690030001,1,C,2007-01-02,30,New Building
1262690030001,2,C,2005-08-03,39,New Construction w/o Permit
1262690030001,1090665,C,2007-03-14,31,"Addtns, Remodels, Lease Space"
1262690030001,1094131,C,2007-04-23,31,"Addtns, Remodels, Lease Space"
1262690030001,1149761,C,2008-02-19,31,"Addtns, Remodels, Lease Space"
1262690030001,1150277,C,2008-03-11,32,"Paving, Parking Lot, Slab"
1262690030001,1150278,C,2008-03-11,31,"Addtns, Remodels, Lease Space"
1262690030001,1150965,C,2008-03-24,31,"Addtns, Remodels, Lease Space"
1262690030001,1157930,C,2008-07-21,31,"Addtns, Remodels, Lease Space"
1262690030001,1163392,C,2008-10-16,30,New Building
1262690030001,1163393,C,2008-10-16,32,"Paving, Parking Lot, Slab"
1262690030001,1168750,C,2008-11-21,32,"Paving, Parking Lot, Slab"
1262690030001,1168751,C,2008-11-21,31,"Addtns, Remodels, Lease Space"
1262690030001,1177235,C,2009-01-20,31,"Addtns, Remodels, Lease Space"
1262690030001,1177934,C,2009-02-09,31,"Addtns, Remodels, Lease Space"
1262690030001,1181166,C,2009-05-12,31,"Addtns, Remodels, Lease Space"
1262690030001,1183244,C,2009-06-25,31,"Addtns, Remodels, Lease Space"
1262690030001,1310794,C,2012-05-04,30,New Building
1262690030001,1310795,C,2012-05-04,32,"Paving, Parking Lot, Slab"
1262690030001,1315710,C,2012-06-27,31,"Addtns, Remodels, Lease Space"
1262690030001,1321996,C,2012-08-06,31,"Addtns, Remodels, Lease Space"
1262690030001,1326151,C,2012-09-21,31,"Addtns, Remodels, Lease Space"
1262690030001,1429540,C,2015-01-14,31,"Addtns, Remodels, Lease Space"
1262690030001,1439066,C,2015-04-15,31,"Addtns, Remodels, Lease Space"
1262690030001,1485100,C,2016-04-13,31,"Addtns, Remodels, Lease Space"
1262690030003,1423107,C,2014-11-24,32,"Paving, Parking Lot, Slab"
1262690030004,1,C,2007-01-02,30,New Building
1262690030004,1655440,C,2018-04-23,31,"Addtns, Remodels, Lease Space"
1262690030005,1,C,2008-04-16,39,New Construction w/o Permit
1262690030006,1,C,2007-10-24,32,"Paving, Parking Lot, Slab"
1262690030006,2,C,2007-10-24,30,New Building
1262690030006,1511830,C,2016-10-21,31,"Addtns, Remodels, Lease Space"
1262690030006,1511831,C,2016-10-21,32,"Paving, Parking Lot, Slab"
1262690030006,1561188,C,2017-10-02,32,"Paving, Parking Lot, Slab"
1262690030006,1783048,C,2020-07-13,32,"Paving, Parking Lot, Slab"
1262690030006,1980929,C,2024-05-22,31,"Addtns, Remodels, Lease Space"
1262690030006,1980930,C,2024-05-22,32,"Paving, Parking Lot, Slab"
1262690030008,1,C,2007-01-02,30,New Building
1262690030008,2,C,2005-08-03,39,New Construction w/o Permit
1262690030008,3,C,2007-03-14,31,"Addtns, Remodels, Lease Space"
1262690030008,4,C,2007-04-23,31,"Addtns, Remodels, Lease Space"
1262690030008,5,C,2008-02-19,31,"Addtns, Remodels, Lease Space"
1262690030008,6,C,2008-03-11,32,"Paving, Parking Lot, Slab"
1262690030008,7,C,2008-03-11,31,"Addtns, Remodels, Lease Space"
1262690030008,8,C,2008-03-24,31,"Addtns, Remodels, Lease Space"
1262690030008,9,C,2008-07-21,31,"Addtns, Remodels, Lease Space"
1262690030008,10,C,2010-08-27,39,New Construction w/o Permit
1262690030008,12,C,2008-11-21,32,"Paving, Parking Lot, Slab"
1262690030008,13,C,2008-11-21,31,"Addtns, Remodels, Lease Space"
1262690030008,1496365,C,2016-06-09,32,"Paving, Parking Lot, Slab"
1262690030008,1496756,C,2016-06-16,31,"Addtns, Remodels, Lease Space"
1262690030009,1,C,2007-01-02,30,New Building
1262690030009,2,C,2005-08-03,39,New Construction w/o Permit
1262690030009,3,C,2007-03-14,31,"Addtns, Remodels, Lease Space"
1262690030009,4,C,2007-04-23,31,"Addtns, Remodels, Lease Space"
1262690030009,5,C,2008-02-19,31,"Addtns, Remodels, Lease Space"
1262690030009,6,C,2008-03-11,32,"Paving, Parking Lot, Slab"
1262690030009,7,C,2008-03-11,31,"Addtns, Remodels, Lease Space"
1262690030009,8,C,2008-03-24,31,"Addtns, Remodels, Lease Space"
1262690030009,9,C,2008-07-21,31,"Addtns, Remodels, Lease Space"
1262690030009,10,C,2008-10-16,30,New Building
1262690030009,11,C,2008-10-16,32,"Paving, Parking Lot, Slab"
1262690030009,12,C,2008-11-21,32,"Paving, Parking Lot, Slab"
1262690030009,13,C,2008-11-21,31,"Addtns, Remodels, Lease Space"
1262690030009,14,C,2009-01-20,31,"Addtns, Remodels, Lease Space"
1262690030009,15,C,2009-02-09,31,"Addtns, Remodels, Lease Space"
1262690030009,16,C,2009-05-12,31,"Addtns, Remodels, Lease Space"
1262690030009,17,C,2009-06-25,31,"Addtns, Remodels, Lease Space"
1262690030009,1372329,C,2013-10-17,31,"Addtns, Remodels, Lease Space"
1262690030009,1491424,C,2016-05-03,31,"Addtns, Remodels, Lease Space"
1262690030009,1668014,C,2018-06-20,31,"Addtns, Remodels, Lease Space"
1262690030010,1,C,2007-03-14,31,"Addtns, Remodels, Lease Space"
1262690030010,2,C,2007-04-23,31,"Addtns, Remodels, Lease Space"
1262690030010,1356252,C,2013-05-30,31,"Addtns, Remodels, Lease Space"
1262690030010,1425742,C,2014-12-12,31,"Addtns, Remodels, Lease Space"
1262690030010,1457156,C,2015-08-10,31,"Addtns, Remodels, Lease Space"
1262690030010,1464775,C,2015-10-13,31,"Addtns, Remodels, Lease Space"
1262690030010,1507551,C,2016-09-01,31,"Addtns, Remodels, Lease Space"
1262690030010,1883470,C,2022-06-20,31,"Addtns, Remodels, Lease Space"
1262690030010,1925230,C,2023-04-10,31,"Addtns, Remodels, Lease Space"
1262690030012,1,C,2007-01-02,30,New Building
1262690030012,2,C,2005-08-03,39,New Construction w/o Permit
1262690030012,3,C,2007-03-14,31,"Addtns, Remodels, Lease Space"
1262690030012,4,C,2007-04-23,31,"Addtns, Remodels, Lease Space"
1262690030012,5,C,2008-02-19,31,"Addtns, Remodels, Lease Space"
1262690030012,6,C,2008-03-11,32,"Paving, Parking Lot, Slab"
1262690030012,7,C,2008-03-11,31,"Addtns, Remodels, Lease Space"
1262690030012,8,C,2008-03-24,31,"Addtns, Remodels, Lease Space"
1262690030012,9,C,2008-07-21,31,"Addtns, Remodels, Lease Space"
1262690030012,10,C,2008-10-16,30,New Building
1262690030012,11,C,2008-10-16,32,"Paving, Parking Lot, Slab"
1262690030012,12,C,2008-11-21,32,"Paving, Parking Lot, Slab"
1262690030012,13,C,2008-11-21,31,"Addtns, Remodels, Lease Space"
1262690030012,14,C,2009-01-20,31,"Addtns, Remodels, Lease Space"
1262690030012,15,C,2009-02-09,31,"Addtns, Remodels, Lease Space"
1262690030012,16,C,2009-05-12,31,"Addtns, Remodels, Lease Space"
1262690030012,17,C,2009-06-25,31,"Addtns, Remodels, Lease Space"
1262690030013,1,C,2007-01-02,30,New Building
1262690030013,2,C,2005-08-03,39,New Construction w/o Permit
1262690030013,3,C,2007-03-14,31,"Addtns, Remodels, Lease Space"
1262690030013,4,C,2007-04-23,31,"Addtns, Remodels, Lease Space"
1262690030013,5,C,2008-02-19,31,"Addtns, Remodels, Lease Space"
1262690030013,6,C,2008-03-11,32,"Paving, Parking Lot, Slab"
1262690030013,7,C,2008-03-11,31,"Addtns, Remodels, Lease Space"
1262690030013,8,C,2008-03-24,31,"Addtns, Remodels, Lease Space"
1262690030013,9,C,2008-07-21,31,"Addtns, Remodels, Lease Space"
1262690030013,10,C,2008-10-16,30,New Building
1262690030013,11,C,2008-10-16,32,"Paving, Parking Lot, Slab"
1262690030013,12,C,2008-11-21,32,"Paving, Parking Lot, Slab"
1262690030013,13,C,2008-11-21,31,"Addtns, Remodels, Lease Space"
1262690030013,14,C,2009-01-20,31,"Addtns, Remodels, Lease Space"
1262690030013,15,C,2009-02-09,31,"Addtns, Remodels, Lease Space"
1262690030013,16,C,2009-05-12,31,"Addtns, Remodels, Lease Space"
1262690030013,17,C,2009-06-25,31,"Addtns, Remodels, Lease Space"
1262690030014,1,C,2007-01-02,30,New Building
1262690030014,2,C,2005-08-03,39,New Construction w/o Permit
1262690030014,3,C,2007-03-14,31,"Addtns, Remodels, Lease Space"
1262690030014,4,C,2007-04-23,31,"Addtns, Remodels, Lease Space"
1262690030014,5,C,2008-02-19,31,"Addtns, Remodels, Lease Space"
1262690030014,6,C,2008-03-11,32,"Paving, Parking Lot, Slab"
1262690030014,7,C,2008-03-11,31,"Addtns, Remodels, Lease Space"
1262690030014,8,C,2008-03-24,31,"Addtns, Remodels, Lease Space"
1262690030014,9,C,2008-07-21,31,"Addtns, Remodels, Lease Space"
1262690030014,10,C,2008-10-16,30,New Building
1262690030014,11,C,2008-10-16,32,"Paving, Parking Lot, Slab"
1262690030014,12,C,2008-11-21,32,"Paving, Parking Lot, Slab"
1262690030014,13,C,2008-11-21,31,"Addtns, Remodels, Lease Space"
1262690030014,14,C,2009-01-20,31,"Addtns, Remodels, Lease Space"
1262690030014,15,C,2009-02-09,31,"Addtns, Remodels, Lease Space"
1262690030014,16,C,2009-05-12,31,"Addtns, Remodels, Lease Space"
1262690030014,17,C,2009-06-25,31,"Addtns, Remodels, Lease Space"
1262690030014,19,C,2011-12-28,32,"Paving, Parking Lot, Slab"
1262690030014,1555293,C,2017-09-26,31,"Addtns, Remodels, Lease Space"
1262690030015,1,C,2007-01-02,30,New Building
1262690030015,2,C,2005-08-03,39,New Construction w/o Permit
1262690030015,3,C,2007-03-14,31,"Addtns, Remodels, Lease Space"
1262690030015,4,C,2007-04-23,31,"Addtns, Remodels, Lease Space"
1262690030015,5,C,2008-02-19,31,"Addtns, Remodels, Lease Space"
1262690030015,6,C,2008-03-11,32,"Paving, Parking Lot, Slab"
1262690030015,7,C,2008-03-11,31,"Addtns, Remodels, Lease Space"
1262690030015,8,C,2008-03-24,31,"Addtns, Remodels, Lease Space"
1262690030015,9,C,2008-07-21,31,"Addtns, Remodels, Lease Space"
1262690030015,10,C,2008-10-16,30,New Building
1262690030015,11,C,2008-10-16,32,"Paving, Parking Lot, Slab"
1262690030015,12,C,2008-11-21,32,"Paving, Parking Lot, Slab"
1262690030015,13,C,2008-11-21,31,"Addtns, Remodels, Lease Space"
1262690030015,14,C,2009-01-20,31,"Addtns, Remodels, Lease Space"
1262690030015,15,C,2009-02-09,31,"Addtns, Remodels, Lease Space"
1262690030015,16,C,2009-05-12,31,"Addtns, Remodels, Lease Space"
1262690030015,17,C,2009-06-25,31,"Addtns, Remodels, Lease Space"
1262690030015,18,C,2011-05-05,30,New Building
1262690030015,19,C,2011-05-05,30,New Building
1262690030015,20,C,2011-05-05,30,New Building
1262690030015,21,C,2011-05-05,32,"Paving, Parking Lot, Slab"
1262690030016,1,C,2007-01-02,30,New Building
1262690030016,2,C,2005-08-03,39,New Construction w/o Permit
1262690030016,3,C,2007-03-14,31,"Addtns, Remodels, Lease Space"
1262690030016,4,C,2007-04-23,31,"Addtns, Remodels, Lease Space"
1262690030016,5,C,2008-02-19,31,"Addtns, Remodels, Lease Space"
1262690030016,6,C,2008-03-11,32,"Paving, Parking Lot, Slab"
1262690030016,7,C,2008-03-11,31,"Addtns, Remodels, Lease Space"
1262690030016,8,C,2008-03-24,31,"Addtns, Remodels, Lease Space"
1262690030016,9,C,2008-07-21,31,"Addtns, Remodels, Lease Space"
1262690030016,10,C,2008-10-16,30,New Building
1262690030016,11,C,2008-10-16,32,"Paving, Parking Lot, Slab"
1262690030016,12,C,2008-11-21,32,"Paving, Parking Lot, Slab"
1262690030016,13,C,2008-11-21,31,"Addtns, Remodels, Lease Space"
1262690030016,14,C,2009-01-20,31,"Addtns, Remodels, Lease Space"
1262690030016,15,C,2009-02-09,31,"Addtns, Remodels, Lease Space"
1262690030016,16,C,2009-05-12,31,"Addtns, Remodels, Lease Space"
1262690030016,17,C,2009-06-25,31,"Addtns, Remodels, Lease Space"
1262690030016,18,C,1899-12-30,39,New Construction w/o Permit
1262690030017,1,C,2007-01-02,30,New Building
1262690030017,2,C,2005-08-03,39,New Construction w/o Permit
1262690030017,4,C,2007-03-14,31,"Addtns, Remodels, Lease Space"
1262690030017,5,C,2007-04-23,31,"Addtns, Remodels, Lease Space"
1262690030017,6,C,2008-02-19,31,"Addtns, Remodels, Lease Space"
1262690030017,7,C,2008-03-11,32,"Paving, Parking Lot, Slab"
1262690030017,8,C,2008-03-11,31,"Addtns, Remodels, Lease Space"
1262690030017,9,C,2008-03-24,31,"Addtns, Remodels, Lease Space"
1262690030017,10,C,2008-07-21,31,"Addtns, Remodels, Lease Space"
1262690030017,11,C,2008-10-16,30,New Building
1262690030017,12,C,2008-10-16,32,"Paving, Parking Lot, Slab"
1262690030017,13,C,2008-11-21,32,"Paving, Parking Lot, Slab"
1262690030017,14,C,2008-11-21,31,"Addtns, Remodels, Lease Space"
1262690030017,15,C,2009-01-20,31,"Addtns, Remodels, Lease Space"
1262690030017,16,C,2009-02-09,31,"Addtns, Remodels, Lease Space"
1262690030017,17,C,2009-05-12,31,"Addtns, Remodels, Lease Space"
1262690030017,18,C,2009-06-25,31,"Addtns, Remodels, Lease Space"
1262690030017,19,C,2011-12-28,32,"Paving, Parking Lot, Slab"
1262690030017,20,C,2012-05-04,30,New Building
1262690030017,21,C,2012-05-04,32,"Paving, Parking Lot, Slab"
1262690030017,22,C,2012-06-27,31,"Addtns, Remodels, Lease Space"
1262690030017,23,C,2012-08-06,31,"Addtns, Remodels, Lease Space"
1262690030017,24,C,2012-09-21,31,"Addtns, Remodels, Lease Space"
1262690030018,1,C,2007-01-02,30,New Building
1262690030018,2,C,2005-08-03,39,New Construction w/o Permit
1262690030018,4,C,2007-03-14,31,"Addtns, Remodels, Lease Space"
1262690030018,5,C,2007-04-23,31,"Addtns, Remodels, Lease Space"
1262690030018,6,C,2008-02-19,31,"Addtns, Remodels, Lease Space"
1262690030018,7,C,2008-03-11,32,"Paving, Parking Lot, Slab"
1262690030018,8,C,2008-03-11,31,"Addtns, Remodels, Lease Space"
1262690030018,9,C,2008-03-24,31,"Addtns, Remodels, Lease Space"
1262690030018,10,C,2008-07-21,31,"Addtns, Remodels, Lease Space"
1262690030018,11,C,2008-10-16,30,New Building
1262690030018,12,C,2008-10-16,32,"Paving, Parking Lot, Slab"
1262690030018,13,C,2008-11-21,32,"Paving, Parking Lot, Slab"
1262690030018,14,C,2008-11-21,31,"Addtns, Remodels, Lease Space"
1262690030018,15,C,2009-01-20,31,"Addtns, Remodels, Lease Space"
1262690030018,16,C,2009-02-09,31,"Addtns, Remodels, Lease Space"
1262690030018,17,C,2009-05-12,31,"Addtns, Remodels, Lease Space"
1262690030018,18,C,2009-06-25,31,"Addtns, Remodels, Lease Space"
1262690030018,19,C,2011-12-28,32,"Paving, Parking Lot, Slab"
1262690030018,20,C,2012-05-04,30,New Building
1262690030018,21,C,2012-05-04,32,"Paving, Parking Lot, Slab"
1262690030018,22,C,2012-06-27,31,"Addtns, Remodels, Lease Space"
1262690030018,23,C,2012-08-06,31,"Addtns, Remodels, Lease Space"
1262690030018,24,C,2012-09-21,31,"Addtns, Remodels, Lease Space"
1262690030018,2059619,C,2025-12-03,31,"Addtns, Remodels, Lease Space"
1262690030019,1878785,C,2022-05-25,31,"Addtns, Remodels, Lease Space"
1262690030019,1904978,C,2022-11-17,31,"Addtns, Remodels, Lease Space"
1262690030019,1953152,C,2023-10-06,31,"Addtns, Remodels, Lease Space"
1262690030019,1956901,C,2023-11-14,31,"Addtns, Remodels, Lease Space"
1262690030019,1985379,C,2024-06-03,31,"Addtns, Remodels, Lease Space"
1262800010001,1101571,C,2007-08-31,10,New Dwelling - permit
1262800010002,1101570,C,2007-08-31,10,New Dwelling - permit
1262800010003,972931,C,2004-10-27,10,New Dwelling - permit
1262800010004,972932,C,2004-10-27,10,New Dwelling - permit
1262800010005,1000548,C,2005-08-22,10,New Dwelling - permit
1262800010006,1,C,2005-09-20,09,New Dwelling - no permit
1262800010006,2,C,1899-12-30,07,Extra Features (OB&Y)
1262800010006,994939,C,2005-06-07,10,New Dwelling - permit
1262800010007,984446,C,2005-01-21,10,New Dwelling - permit
1262800010008,987544,C,2005-03-08,10,New Dwelling - permit
1262800010009,990627,C,2005-04-19,10,New Dwelling - permit
1262800010010,997377,C,2005-07-06,10,New Dwelling - permit
1262800010011,1035251,C,2006-02-20,10,New Dwelling - permit
1262800010012,1046717,C,2006-07-24,10,New Dwelling - permit
1262800010013,1,C,1899-12-30,07,Extra Features (OB&Y)
1262800010013,997411,C,2005-07-05,10,New Dwelling - permit
1262800010014,995396,C,2005-06-13,10,New Dwelling - permit
1262800010015,1,C,2008-02-15,07,Extra Features (OB&Y)
1262800010015,1004259,C,2005-10-10,10,New Dwelling - permit
1262800010016,1042003,C,2006-05-15,10,New Dwelling - permit
1262800010016,1481771,C,2016-02-10,07,Extra Features (OB&Y)
1262800010017,1007974,C,2005-11-18,10,New Dwelling - permit
1262800010018,1004944,C,2005-10-25,10,New Dwelling - permit
1262800010020,1865689,C,2022-02-09,32,"Paving, Parking Lot, Slab"
1262800020001,1341302,C,2013-02-20,10,New Dwelling - permit
1262800020002,1,C,2011-10-27,12,Repairs (Foundation / GM)
1262800020002,2,C,2005-09-20,09,New Dwelling - no permit
1262800020003,1,C,2005-09-20,09,New Dwelling - no permit
1262800020004,972928,C,2004-10-25,10,New Dwelling - permit
1262800020005,972927,C,2004-10-25,10,New Dwelling - permit
1262800020006,972926,C,2004-10-25,10,New Dwelling - permit
1262800020007,994940,C,2005-06-07,10,New Dwelling - permit
1262800020008,994941,C,2005-06-07,10,New Dwelling - permit
1262800020009,1036617,C,2006-03-09,10,New Dwelling - permit
1262800020010,972930,C,2004-10-27,10,New Dwelling - permit
1262800020011,972929,C,2004-10-27,10,New Dwelling - permit
1262800020012,972933,C,2004-10-27,10,New Dwelling - permit
1262800020013,1,C,2006-04-24,10,New Dwelling - permit
1262800020013,2,C,2008-02-26,15,Relocation / Bldg Move
1262800020014,1000964,C,2005-08-29,10,New Dwelling - permit
1262800020015,1000078,C,2005-08-15,10,New Dwelling - permit
1262800020016,1,C,1899-12-30,07,Extra Features (OB&Y)
1262800020016,2,C,1899-12-30,07,Extra Features (OB&Y)
1262800020016,990620,C,2005-04-19,10,New Dwelling - permit
1262800020017,1,C,1899-12-30,07,Extra Features (OB&Y)
1262800020017,983788,C,2005-01-10,10,New Dwelling - permit
1262800020018,1000549,C,2005-08-22,10,New Dwelling - permit
1262800020019,995382,C,2005-06-13,10,New Dwelling - permit
1262800020020,1008226,C,2005-11-29,10,New Dwelling - permit
1262800020021,1046718,C,2006-07-24,10,New Dwelling - permit
1262800020022,972934,C,2004-10-27,10,New Dwelling - permit
1262800020023,972936,C,2004-10-27,10,New Dwelling - permit
1262800020024,972935,C,2004-10-27,10,New Dwelling - permit
1262800020024,1245869,C,2010-10-27,07,Extra Features (OB&Y)
1262800020025,1012442,C,2005-12-28,10,New Dwelling - permit
1262800020026,1060739,C,2006-10-24,10,New Dwelling - permit
1262800020027,1032520,C,2006-01-13,10,New Dwelling - permit
1262800020028,992487,C,2005-05-13,10,New Dwelling - permit
1262800020029,997412,C,2005-07-05,10,New Dwelling - permit
1262800020030,1004256,C,2005-10-10,10,New Dwelling - permit
1262800020030,1887740,C,2022-07-21,07,Extra Features (OB&Y)
1262800020031,990270,C,2005-04-15,10,New Dwelling - permit
1262800020032,1,C,2009-01-01,07,Extra Features (OB&Y)
1262800020032,990271,C,2005-04-15,10,New Dwelling - permit
1262800020033,990272,C,2005-04-15,10,New Dwelling - permit
1262800020034,1004257,C,2005-10-10,10,New Dwelling - permit
1262800020035,1008282,C,2005-11-29,10,New Dwelling - permit
1262800020036,1001318,C,2005-09-07,10,New Dwelling - permit
1262800020037,1033385,C,2006-01-26,10,New Dwelling - permit
1262800020038,997378,C,2005-07-06,10,New Dwelling - permit
1262800020039,984445,C,2005-01-21,10,New Dwelling - permit
1262800020040,988558,C,2005-03-22,10,New Dwelling - permit
1262800020041,972971,C,2004-12-15,10,New Dwelling - permit
1262800020042,986501,C,2005-02-23,10,New Dwelling - permit
1262800020043,1001319,C,2005-09-07,10,New Dwelling - permit
1262800020044,1033386,C,2006-01-26,10,New Dwelling - permit
1262800020045,986270,C,2005-02-21,10,New Dwelling - permit
1262800020046,1,C,2007-02-21,07,Extra Features (OB&Y)
1262800020046,1033387,C,2006-01-26,10,New Dwelling - permit
1262800020047,994942,C,2005-06-07,10,New Dwelling - permit
1262800020048,992488,C,2005-05-13,10,New Dwelling - permit
1262800020049,997410,C,2005-07-05,10,New Dwelling - permit
1262800030001,1046631,C,2006-07-20,10,New Dwelling - permit
1262800030002,1038581,C,2006-03-30,10,New Dwelling - permit
1262800030003,1007975,C,2005-11-18,10,New Dwelling - permit
1262800030004,1004258,C,2005-10-10,10,New Dwelling - permit
1262800030005,1004260,C,2005-10-10,10,New Dwelling - permit
0401580900033,988584,C,2005-03-23,31,"Addtns, Remodels, Lease Space"
0401580900033,988585,C,2005-03-23,31,"Addtns, Remodels, Lease Space"
0401580900033,1160390,C,2008-04-03,32,"Paving, Parking Lot, Slab"
0401580900033,1160391,C,2008-04-03,31,"Addtns, Remodels, Lease Space"
0401580900033,1402527,C,2014-05-07,31,"Addtns, Remodels, Lease Space"
0401580900033,1402528,C,2014-05-07,31,"Addtns, Remodels, Lease Space"
0401580900033,1402529,C,2014-05-07,31,"Addtns, Remodels, Lease Space"
0401580900033,1402530,C,2014-05-07,30,New Building
0401580900033,1402531,C,2014-05-07,30,New Building
0401580900033,1402532,C,2014-05-07,30,New Building
0401580900033,1402533,C,2014-05-07,30,New Building
0401580900288,1088514,C,2007-02-09,84,Exempt Property
0401580900288,1088515,C,2007-02-09,84,Exempt Property
0401580900288,1441355,C,2015-04-27,31,"Addtns, Remodels, Lease Space"
0401580900288,1441357,C,2015-04-27,31,"Addtns, Remodels, Lease Space"
0401580900288,1451486,C,2015-07-01,31,"Addtns, Remodels, Lease Space"
0401580900288,1451491,C,2015-07-01,31,"Addtns, Remodels, Lease Space"
0401580900288,1451499,C,2015-07-01,31,"Addtns, Remodels, Lease Space"
0401580900288,1451503,C,2015-07-01,31,"Addtns, Remodels, Lease Space"
0401580900288,1451508,C,2015-07-01,31,"Addtns, Remodels, Lease Space"
0401580900288,1451511,C,2015-07-01,30,New Building
0401580900288,1466202,C,2015-10-06,31,"Addtns, Remodels, Lease Space"
0401580900288,1544459,C,2017-04-10,84,Exempt Property
0401580900288,1544745,C,2017-04-10,84,Exempt Property
0401580900288,1560730,C,2017-10-18,31,"Addtns, Remodels, Lease Space"
0401580900288,1560731,C,2017-10-18,31,"Addtns, Remodels, Lease Space"
0401580900288,1560732,C,2017-10-18,31,"Addtns, Remodels, Lease Space"
0401580900288,1560733,C,2017-10-18,32,"Paving, Parking Lot, Slab"
0401580900288,1560734,C,2017-10-18,31,"Addtns, Remodels, Lease Space"
0401580900288,1634623,C,2017-12-21,32,"Paving, Parking Lot, Slab"
0401580900288,1662633,C,2018-05-07,30,New Building
0401580900288,1666287,C,2018-04-11,84,Exempt Property
0401580900288,1676664,C,2018-07-24,84,Exempt Property
0401580900288,1676665,C,2018-07-24,84,Exempt Property
0401580900288,1676666,C,2018-07-24,84,Exempt Property
0401580900288,1676801,C,2018-07-24,31,"Addtns, Remodels, Lease Space"
0401580900288,1676802,C,2018-07-24,31,"Addtns, Remodels, Lease Space"
0401580900288,1676803,C,2018-07-24,31,"Addtns, Remodels, Lease Space"
0401580900288,1685669,C,2018-09-13,31,"Addtns, Remodels, Lease Space"
0401580900288,1769747,C,2020-04-06,32,"Paving, Parking Lot, Slab"
0401580900288,1786873,C,2020-08-28,30,New Building
0401580900288,1796107,C,2020-10-01,31,"Addtns, Remodels, Lease Space"
0401580900288,1815921,C,2021-03-11,30,New Building
0401580900288,1815922,C,2021-03-11,30,New Building
0401580900288,1815923,C,2021-03-11,30,New Building
0401580900288,1815924,C,2021-03-11,30,New Building
0401580900288,1815925,C,2021-03-11,30,New Building
0401580900288,1815926,C,2021-03-11,30,New Building
0401580900288,1815927,C,2021-03-11,30,New Building
0401580900288,1815928,C,2021-03-11,30,New Building
0401580900288,1815929,C,2021-03-11,30,New Building
0401580900288,1815930,C,2021-03-11,30,New Building
0401580900288,1815931,C,2021-03-11,30,New Building
0401580900288,1815932,C,2021-03-11,30,New Building
0401580900288,1815933,C,2021-03-11,30,New Building
0401580900288,1820577,C,2021-04-26,30,New Building
0401580900288,1820578,C,2021-04-26,30,New Building
0401580900288,1820579,C,2021-04-26,30,New Building
0401580900288,1820580,C,2021-04-26,30,New Building
0401580900288,1820581,C,2021-04-26,30,New Building
0401580900288,1820582,C,2021-04-26,30,New Building
0401580900288,1820583,C,2021-04-26,31,"Addtns, Remodels, Lease Space"
0401580900288,1835304,C,2021-07-19,31,"Addtns, Remodels, Lease Space"
0401580900288,1835305,C,2021-07-19,31,"Addtns, Remodels, Lease Space"
0401580900288,1835306,C,2021-07-19,31,"Addtns, Remodels, Lease Space"
0401580900288,1835307,C,2021-07-19,31,"Addtns, Remodels, Lease Space"
0401580900288,1835308,C,2021-07-19,30,New Building
0401580900288,1835309,C,2021-07-19,30,New Building
0401580900288,1835310,C,2021-07-19,30,New Building
0401580900288,1835311,C,2021-07-19,31,"Addtns, Remodels, Lease Space"
0401580900288,1835312,C,2021-07-19,30,New Building
0401580900288,1835313,C,2021-07-19,30,New Building
0401580900288,1835314,C,2021-07-19,30,New Building
0401580900288,1835315,C,2021-07-19,30,New Building
0401580900288,1835316,C,2021-07-19,30,New Building
0401580900288,1835317,C,2021-07-19,30,New Building
0401580900288,1835318,C,2021-07-19,30,New Building
0401580900288,1835319,C,2021-07-19,31,"Addtns, Remodels, Lease Space"
0401580900288,1835320,C,2021-07-19,30,New Building
0401580900288,1835321,C,2021-07-19,30,New Building
0401580900288,1835322,C,2021-07-19,30,New Building
0401580900288,1848452,C,2021-10-28,32,"Paving, Parking Lot, Slab"
0401580900288,1848453,C,2021-10-27,32,"Paving, Parking Lot, Slab"
0401580900288,1878110,C,2022-05-04,30,New Building
0401580900288,1904435,C,2022-11-28,32,"Paving, Parking Lot, Slab"
0401580900288,2039167,C,2025-07-22,32,"Paving, Parking Lot, Slab"
0401580900447,1796109,C,2020-10-09,32,"Paving, Parking Lot, Slab"
0401580900457,1769748,C,2020-04-17,32,"Paving, Parking Lot, Slab"
0221090010050,2,C,2009-06-12,07,Extra Features (OB&Y)
0221090040003,1,C,2003-10-06,31,"Addtns, Remodels, Lease Space"
0221090040003,3,C,2016-08-30,31,"Addtns, Remodels, Lease Space"
0221090040005,1,C,2008-10-24,32,"Paving, Parking Lot, Slab"
0221090040005,2,C,2005-03-31,31,"Addtns, Remodels, Lease Space"
0221090040005,3,C,2016-09-13,31,"Addtns, Remodels, Lease Space"
0221090040011,1,C,2003-10-06,31,"Addtns, Remodels, Lease Space"
0221090040011,3,C,2004-01-23,32,"Paving, Parking Lot, Slab"
0320030000001,1,C,2005-05-24,11,Additions or Remodeling
0410510040001,1,C,2002-06-25,17,Disaster Repair
0410510040001,2,C,2012-03-08,11,Additions or Remodeling
0410510040106,1,C,2010-08-13,11,Additions or Remodeling
0410510040110,2,C,2007-03-16,84,Exempt Property
0410510040135,1,C,2003-03-19,07,Extra Features (OB&Y)
0410510080003,2,C,2005-08-03,07,Extra Features (OB&Y)
0410510080011,1,C,2015-10-21,07,Extra Features (OB&Y)
0410510080202,1,C,2011-07-13,07,Extra Features (OB&Y)
0410510080202,2,C,2015-06-24,11,Additions or Remodeling
0410510080411,1,C,2012-11-19,07,Extra Features (OB&Y)
0410510080411,3,C,2014-11-24,10,New Dwelling - permit
0410510110028,1,C,2018-07-23,31,"Addtns, Remodels, Lease Space"
0410710000103,1,C,2005-08-25,39,New Construction w/o Permit
0410710000104,4,C,2008-01-15,39,New Construction w/o Permit
0410710000122,1457080,C,2015-08-07,32,"Paving, Parking Lot, Slab"
0410710000122,1457081,C,2015-08-07,30,New Building
0410710000122,1457082,C,2015-08-07,31,"Addtns, Remodels, Lease Space"
0410970000270,1525047,C,2017-01-24,30,New Building
0410970000402,1111485,C,2007-06-12,30,New Building
0410970000402,1384529,C,2014-01-15,31,"Addtns, Remodels, Lease Space"
0410970000415,981785,C,2005-07-27,31,"Addtns, Remodels, Lease Space"
0410970000415,1499076,C,2016-06-20,31,"Addtns, Remodels, Lease Space"
0410970000415,1996102,C,2024-09-24,30,New Building
0410970000426,1,C,2023-04-04,84,Exempt Property
1296930010001,2,C,2007-07-13,84,Exempt Property
1297230010001,1133010,C,2007-10-04,10,New Dwelling - permit
1297230010002,1163874,C,2008-10-28,10,New Dwelling - permit
1297230010003,1160031,C,2008-09-04,10,New Dwelling - permit
1297230010004,1177425,C,2009-01-23,10,New Dwelling - permit
1297230010005,1159962,C,2008-09-04,10,New Dwelling - permit
1297230010006,1176876,C,2009-01-06,10,New Dwelling - permit
1297230010007,1157516,C,2008-07-11,10,New Dwelling - permit
1297230010008,1163928,C,2008-10-30,10,New Dwelling - permit
1297230010009,1163929,C,2008-10-30,10,New Dwelling - permit
1297230010010,1177424,C,2009-01-23,10,New Dwelling - permit
1297230010011,1180715,C,2009-04-30,10,New Dwelling - permit
1297230010012,1180113,C,2009-04-15,10,New Dwelling - permit
1297230010013,1163873,C,2008-10-28,10,New Dwelling - permit
1297230010014,1178644,C,2009-03-04,10,New Dwelling - permit
1297230010015,1163857,C,2008-10-28,10,New Dwelling - permit
1297230010015,1887800,C,2022-07-21,12,Repairs (Foundation / GM)
1297230010016,1163872,C,2008-10-28,10,New Dwelling - permit
1297230010017,1152322,C,2008-04-16,10,New Dwelling - permit
1297230010018,1,C,2015-11-02,11,Additions or Remodeling
1297230010018,1153243,C,2008-05-01,10,New Dwelling - permit
1297230010019,1152799,C,2008-04-23,10,New Dwelling - permit
1297230010020,1133018,C,2007-11-07,10,New Dwelling - permit
1297230010021,1151140,C,2008-03-26,10,New Dwelling - permit
1297230010022,1151139,C,2008-03-26,10,New Dwelling - permit
1297230010023,1152321,C,2008-04-16,10,New Dwelling - permit
1297230010024,1133011,C,2007-10-10,10,New Dwelling - permit
1297230020001,1132969,C,2007-07-17,10,New Dwelling - permit
1297230020002,1132976,C,2007-07-17,10,New Dwelling - permit
1297230020003,1132987,C,2007-08-14,10,New Dwelling - permit
1297230020004,1132988,C,2007-08-14,10,New Dwelling - permit
1297230020005,1132977,C,2007-07-17,10,New Dwelling - permit
1297230020006,1132989,C,2007-08-14,10,New Dwelling - permit
1297230020007,1132978,C,2007-07-17,10,New Dwelling - permit
1297230020008,1132979,C,2007-07-17,10,New Dwelling - permit
1297230020009,1132975,C,2007-07-17,10,New Dwelling - permit
1297230020010,1,C,2023-02-09,07,Extra Features (OB&Y)
1297230020010,2,C,2023-02-09,11,Additions or Remodeling
1297230020010,1132967,C,2007-07-17,10,New Dwelling - permit
1297230020010,1874536,C,2022-04-12,07,Extra Features (OB&Y)
1297230020011,1132968,C,2007-07-17,10,New Dwelling - permit
1297230020012,1132966,C,2007-07-17,10,New Dwelling - permit
1297230020013,1132958,C,2007-07-17,10,New Dwelling - permit
1297230020014,1133069,C,2007-09-06,10,New Dwelling - permit
1297230020015,1132959,C,2007-07-17,10,New Dwelling - permit
1297230020016,1155349,C,2008-06-09,10,New Dwelling - permit
1297230020017,1132997,C,2007-09-06,10,New Dwelling - permit
1297230020018,1155348,C,2008-06-09,10,New Dwelling - permit
1297230020019,1133025,C,2007-11-30,10,New Dwelling - permit
1297230020020,1133065,C,2007-08-09,10,New Dwelling - permit
1297230020021,1225253,C,2010-03-31,10,New Dwelling - permit
1297230020022,1155347,C,2008-06-09,10,New Dwelling - permit
1297230020023,1155346,C,2008-06-09,10,New Dwelling - permit
1297230020024,1173755,C,2008-12-11,10,New Dwelling - permit
1297230020025,1132965,C,2007-07-17,10,New Dwelling - permit
1297230020026,1132963,C,2007-07-17,10,New Dwelling - permit
1297230020027,1132973,C,2007-07-17,10,New Dwelling - permit
1297230030001,1132964,C,2007-07-17,10,New Dwelling - permit
1297230030002,1132961,C,2007-07-17,10,New Dwelling - permit
1297230030003,1132960,C,2007-07-17,10,New Dwelling - permit
1297230030004,1132962,C,2007-07-17,10,New Dwelling - permit
1297230030005,1178722,C,2009-03-06,10,New Dwelling - permit
1297230030006,1132996,C,2007-08-29,10,New Dwelling - permit
1297230030007,1178721,C,2009-03-06,10,New Dwelling - permit
1297230030008,1180902,C,2009-05-05,10,New Dwelling - permit
1297230030009,1231713,C,2010-05-11,10,New Dwelling - permit
1297230030010,1160292,C,2008-09-30,10,New Dwelling - permit
1297230030011,1371783,C,2013-10-01,10,New Dwelling - permit
1297230030012,1371784,C,2013-10-01,10,New Dwelling - permit
1297230030013,1178720,C,2009-03-06,10,New Dwelling - permit
1297230030014,1371785,C,2013-10-01,10,New Dwelling - permit
1297230030015,1180112,C,2009-04-15,10,New Dwelling - permit
1297230030015,1840856,C,2021-08-11,07,Extra Features (OB&Y)
1297230030016,1155162,C,2008-06-05,10,New Dwelling - permit
1297230030017,1,C,1899-12-30,07,Extra Features (OB&Y)
1297230030017,1371786,C,2013-10-01,10,New Dwelling - permit
1297230030018,1339400,C,2013-01-09,10,New Dwelling - permit
1297230040001,1132992,C,2007-08-22,10,New Dwelling - permit
1297230040002,1155345,C,2008-06-09,10,New Dwelling - permit
1297230040003,1155344,C,2008-06-09,10,New Dwelling - permit
1297230040004,1132972,C,2007-07-17,10,New Dwelling - permit
1297230040005,1133017,C,2007-11-06,10,New Dwelling - permit
1297230040006,1133024,C,2007-11-30,10,New Dwelling - permit
1297230040007,1132971,C,2007-07-17,10,New Dwelling - permit
1297230040008,1173756,C,2008-12-11,10,New Dwelling - permit
1297230040009,1132970,C,2007-07-17,10,New Dwelling - permit
1297230040010,1148966,C,2008-02-13,10,New Dwelling - permit
1297230040011,1133008,C,2007-09-26,10,New Dwelling - permit
1297230040012,1132974,C,2007-07-17,10,New Dwelling - permit
1297230040013,1201453,C,2009-09-21,10,New Dwelling - permit
1297230040014,1223143,C,2010-02-12,10,New Dwelling - permit
1298150010001,1311728,C,2012-05-23,10,New Dwelling - permit
1298150010002,1311729,C,2012-05-23,10,New Dwelling - permit
1298150010003,1311730,C,2012-05-23,10,New Dwelling - permit
1298150010004,1315148,C,2012-06-14,10,New Dwelling - permit
1298150010005,1132199,C,2007-10-04,10,New Dwelling - permit
1298150010006,1132200,C,2007-10-04,10,New Dwelling - permit
1298150010007,1132198,C,2007-10-04,10,New Dwelling - permit
1298150010008,1132185,C,2007-09-14,10,New Dwelling - permit
1298150010009,1132195,C,2007-10-04,10,New Dwelling - permit
1298150010010,1132196,C,2007-10-04,10,New Dwelling - permit
1298150010011,1132197,C,2007-10-04,10,New Dwelling - permit
1298150010012,1132189,C,2007-09-14,10,New Dwelling - permit
1298150010013,1132188,C,2007-09-14,10,New Dwelling - permit
1298150010014,1132187,C,2007-09-14,10,New Dwelling - permit
1298150010015,1132186,C,2007-09-14,10,New Dwelling - permit
1298150010016,1327041,C,2012-10-05,10,New Dwelling - permit
1298150010017,1327040,C,2012-10-05,10,New Dwelling - permit
1298150010018,1327035,C,2012-10-05,10,New Dwelling - permit
1298150010019,1326892,C,2012-10-03,10,New Dwelling - permit
1298150010020,1326893,C,2012-10-03,10,New Dwelling - permit
1298150010021,1326894,C,2012-10-03,10,New Dwelling - permit
1298150010022,1326895,C,2012-10-03,10,New Dwelling - permit
1298150010023,1294875,C,2012-01-17,10,New Dwelling - permit
1298150010024,1294874,C,2012-01-17,10,New Dwelling - permit
1298150010025,1294873,C,2012-01-17,10,New Dwelling - permit
1298150010026,1271762,C,2011-05-19,10,New Dwelling - permit
1298150010027,1271761,C,2011-05-19,10,New Dwelling - permit
1298150010028,1271760,C,2011-05-19,10,New Dwelling - permit
1298150010029,1271759,C,2011-05-19,10,New Dwelling - permit
1298150010030,1248500,C,2010-11-19,10,New Dwelling - permit
1298150010031,1248498,C,2010-11-19,10,New Dwelling - permit
1298150010032,1248499,C,2010-11-19,10,New Dwelling - permit
1298150010033,1152876,C,2008-04-25,10,New Dwelling - permit
1298150010034,1152877,C,2008-04-25,10,New Dwelling - permit
1298150010035,1152878,C,2008-04-25,10,New Dwelling - permit
1298150010036,1265532,C,2011-04-08,10,New Dwelling - permit
1298150010037,1265531,C,2011-04-08,10,New Dwelling - permit
1298150010038,1265530,C,2011-04-08,10,New Dwelling - permit
1298150010039,1265529,C,2011-04-08,10,New Dwelling - permit
1298150010039,1284737,C,2011-09-12,07,Extra Features (OB&Y)
1298150010040,1259398,C,2011-02-21,10,New Dwelling - permit
1298150010041,1259399,C,2011-02-21,10,New Dwelling - permit
1298150010042,1259400,C,2011-02-21,10,New Dwelling - permit
1298150010043,1259401,C,2011-02-21,10,New Dwelling - permit
1298150010044,1279713,C,2011-08-22,10,New Dwelling - permit
1298150010045,1279712,C,2011-08-22,10,New Dwelling - permit
1298150010046,1279714,C,2011-08-22,10,New Dwelling - permit
1298150010047,1285925,C,2011-10-13,10,New Dwelling - permit
1298150010048,1285924,C,2011-10-13,10,New Dwelling - permit
1298150010049,1285923,C,2011-10-13,10,New Dwelling - permit
1298150010050,1285922,C,2011-10-13,10,New Dwelling - permit
1298150010051,1327877,C,2012-10-30,10,New Dwelling - permit
1298150010052,1327878,C,2012-10-30,10,New Dwelling - permit
1298150010053,1327879,C,2012-10-30,10,New Dwelling - permit
1298150010054,1327880,C,2012-10-30,10,New Dwelling - permit
1298150010055,1311121,C,2012-05-10,10,New Dwelling - permit
1298150010056,1311120,C,2012-05-10,10,New Dwelling - permit
1298150010057,1311119,C,2012-05-10,10,New Dwelling - permit
1298150020001,1132181,C,2007-09-12,10,New Dwelling - permit
1298150020002,1132182,C,2007-09-12,10,New Dwelling - permit
1298150020003,1132183,C,2007-09-12,10,New Dwelling - permit
1298150020004,1132184,C,2007-09-12,10,New Dwelling - permit
1298150020005,1327036,C,2012-10-05,10,New Dwelling - permit
1298150020006,1327037,C,2012-10-05,10,New Dwelling - permit
1298150020007,1327038,C,2012-10-05,10,New Dwelling - permit
1298150020008,1327039,C,2012-10-05,10,New Dwelling - permit
1298150020009,1297695,C,2012-02-13,10,New Dwelling - permit
1298150020010,1297696,C,2012-02-13,10,New Dwelling - permit
1298150020011,1297697,C,2012-02-13,10,New Dwelling - permit
1303000000001,1,C,2007-05-23,30,New Building
1303000000001,3,C,2007-05-23,30,New Building
1303000000001,4,C,2007-05-23,30,New Building
1303000000001,5,C,2008-05-23,30,New Building
1303000000001,6,C,2007-05-23,30,New Building
1303000000001,7,C,2007-05-23,30,New Building
1303000000001,8,C,2007-05-23,30,New Building
1303000000001,9,C,2007-05-23,30,New Building
1303000000001,10,C,2007-05-23,30,New Building
1303000000001,11,C,2008-05-23,30,New Building
1303000000001,1905015,C,2022-11-09,31,"Addtns, Remodels, Lease Space"
1303000000002,1,C,2008-01-18,39,New Construction w/o Permit
1303000000002,2,C,2009-01-26,39,New Construction w/o Permit
1303000000003,1,C,2008-01-18,39,New Construction w/o Permit
1303000000004,1,C,2008-01-18,39,New Construction w/o Permit
1303000000004,1305216,C,2012-04-19,31,"Addtns, Remodels, Lease Space"
1303000000005,1,C,2008-01-18,39,New Construction w/o Permit
1303000000006,1,C,2008-01-18,39,New Construction w/o Permit
1303000000007,1,C,2008-01-18,39,New Construction w/o Permit
1303000000008,1,C,2008-01-18,39,New Construction w/o Permit
1303000000008,1314658,C,2012-06-05,31,"Addtns, Remodels, Lease Space"
1303000000009,1,C,2008-01-18,39,New Construction w/o Permit
1303000000009,2,C,2009-01-26,39,New Construction w/o Permit
1303000000009,1305217,C,2012-04-19,31,"Addtns, Remodels, Lease Space"
1303000000010,1,C,2008-01-18,39,New Construction w/o Permit
1303000000011,1,C,2008-01-18,39,New Construction w/o Permit
1303000000012,1,C,2008-01-18,39,New Construction w/o Permit
1303000000013,1,C,2008-01-18,39,New Construction w/o Permit
1303000000013,2,C,2009-01-26,39,New Construction w/o Permit
1303000000013,1203154,C,2009-10-30,31,"Addtns, Remodels, Lease Space"
1303000000014,1,C,2008-01-18,39,New Construction w/o Permit
1303000000015,1,C,2008-01-18,39,New Construction w/o Permit
1303000000016,1,C,2008-01-18,39,New Construction w/o Permit
1303000000016,1276163,C,2011-07-12,31,"Addtns, Remodels, Lease Space"
1303000000016,1322344,C,2012-08-13,31,"Addtns, Remodels, Lease Space"
1303000000017,1,C,2008-01-18,39,New Construction w/o Permit
1303000000018,1,C,2008-01-18,39,New Construction w/o Permit
1303000000019,1,C,2008-01-18,39,New Construction w/o Permit
1303000000020,1,C,2008-01-18,39,New Construction w/o Permit
1303000000021,1,C,2008-01-18,39,New Construction w/o Permit
1303000000022,1,C,2008-01-18,39,New Construction w/o Permit
1303000000023,1,C,2008-01-18,39,New Construction w/o Permit
1303000000023,2,C,2017-01-12,31,"Addtns, Remodels, Lease Space"
1303000000024,1,C,2008-01-18,39,New Construction w/o Permit
1303000000024,1305219,C,2012-04-19,31,"Addtns, Remodels, Lease Space"
1303000000025,1,C,2008-01-18,39,New Construction w/o Permit
1303000000026,1,C,2008-01-18,39,New Construction w/o Permit
1303000000027,1,C,2008-01-18,39,New Construction w/o Permit
1303000000028,1,C,2008-01-18,39,New Construction w/o Permit
1303000000029,1,C,2008-01-18,39,New Construction w/o Permit
1303000000030,1,C,2008-01-18,39,New Construction w/o Permit
1303000000031,1,C,2008-01-18,39,New Construction w/o Permit
1303000000031,1273032,C,2011-06-20,31,"Addtns, Remodels, Lease Space"
1303000000032,1,C,2008-01-18,39,New Construction w/o Permit
1303000000032,1203155,C,2009-10-30,31,"Addtns, Remodels, Lease Space"
1303000000033,1,C,2008-01-18,39,New Construction w/o Permit
1303000000033,2,C,2009-01-27,39,New Construction w/o Permit
1303000000033,1184445,C,2009-07-21,31,"Addtns, Remodels, Lease Space"
1303000000033,1202590,C,2009-10-16,31,"Addtns, Remodels, Lease Space"
1303000000033,1209865,C,2009-11-06,31,"Addtns, Remodels, Lease Space"
1303000000033,1211188,C,2009-12-15,31,"Addtns, Remodels, Lease Space"
1303000000033,1223030,C,2010-02-10,31,"Addtns, Remodels, Lease Space"
1303000000033,1223162,C,2010-02-12,31,"Addtns, Remodels, Lease Space"
1303000000034,1,C,2008-01-18,39,New Construction w/o Permit
1303000000035,1,C,2008-01-18,39,New Construction w/o Permit
1303000000035,1224053,C,2010-03-05,31,"Addtns, Remodels, Lease Space"
1303000000036,1,C,2008-01-18,39,New Construction w/o Permit
1303000000037,1,C,2008-01-18,39,New Construction w/o Permit
1303000000038,1,C,2008-01-18,39,New Construction w/o Permit
1303000000039,1,C,2008-01-18,39,New Construction w/o Permit
1303000000039,1232258,C,2010-05-21,31,"Addtns, Remodels, Lease Space"
1303000000040,1,C,2008-01-18,39,New Construction w/o Permit
1303000000040,1252851,C,2010-12-10,31,"Addtns, Remodels, Lease Space"
1303000000041,1,C,2008-01-18,39,New Construction w/o Permit
1303000000042,1,C,2008-01-18,39,New Construction w/o Permit
1303000000043,2,C,2008-01-18,39,New Construction w/o Permit
1303000000045,1,C,2008-01-18,39,New Construction w/o Permit
1303000000046,1,C,2008-01-18,39,New Construction w/o Permit
1303000000047,1,C,2008-01-18,39,New Construction w/o Permit
1303000000047,1265101,C,2011-03-30,31,"Addtns, Remodels, Lease Space"
1303000000049,1,C,2008-01-18,39,New Construction w/o Permit
1303000000049,1276162,C,2011-07-12,31,"Addtns, Remodels, Lease Space"
1303000000049,1305221,C,2012-04-19,31,"Addtns, Remodels, Lease Space"
1303000000049,1402636,C,2014-05-08,31,"Addtns, Remodels, Lease Space"
1303000000050,1,C,2008-01-18,39,New Construction w/o Permit
1303000000051,1,C,2008-01-18,39,New Construction w/o Permit
1303000000052,1,C,2008-01-18,39,New Construction w/o Permit
1303000000053,1,C,2008-01-18,39,New Construction w/o Permit
1303000000054,1,C,2008-01-18,39,New Construction w/o Permit
1303000000055,1,C,2008-01-18,39,New Construction w/o Permit
1303000000056,1,C,2008-01-18,39,New Construction w/o Permit
1303000000056,1305218,C,2012-04-19,31,"Addtns, Remodels, Lease Space"
1303000000057,1,C,2008-01-18,39,New Construction w/o Permit
1303000000057,2,C,2017-06-02,31,"Addtns, Remodels, Lease Space"
1303000000057,1783134,C,2020-07-11,31,"Addtns, Remodels, Lease Space"
1303000000058,1,C,2008-01-18,39,New Construction w/o Permit
1303000000058,1239546,C,2010-08-11,31,"Addtns, Remodels, Lease Space"
1303000000059,1,C,2008-01-18,39,New Construction w/o Permit
1303000000060,1,C,2008-01-18,39,New Construction w/o Permit
1303000000061,1,C,2008-01-18,39,New Construction w/o Permit
1303000000062,1,C,2008-01-18,39,New Construction w/o Permit
1303000000063,1,C,2008-01-18,39,New Construction w/o Permit
1303000000063,1305213,C,2012-04-19,31,"Addtns, Remodels, Lease Space"
1303000000063,1305215,C,2012-04-19,31,"Addtns, Remodels, Lease Space"
1303000000064,1,C,2008-01-18,39,New Construction w/o Permit
1303000000065,1,C,2008-01-18,39,New Construction w/o Permit
1303000000066,1,C,2008-01-18,39,New Construction w/o Permit
1303000000066,1286496,C,2011-10-31,31,"Addtns, Remodels, Lease Space"
1303000000067,1,C,2008-01-18,39,New Construction w/o Permit
1303000000067,1364719,C,2013-08-12,31,"Addtns, Remodels, Lease Space"
1303000000068,1,C,2008-01-18,39,New Construction w/o Permit
1303000000069,1,C,2008-01-18,39,New Construction w/o Permit
1303000000069,2,C,2010-01-29,31,"Addtns, Remodels, Lease Space"
1303000000070,1,C,2008-01-18,39,New Construction w/o Permit
1303000000071,1,C,2008-01-18,39,New Construction w/o Permit
1303000000072,1,C,2008-01-18,39,New Construction w/o Permit
1303000000073,1,C,2008-01-18,39,New Construction w/o Permit
1303000000074,1,C,2008-01-18,39,New Construction w/o Permit
1303000000075,1,C,2008-01-18,39,New Construction w/o Permit
1303000000075,1364938,C,2013-08-15,31,"Addtns, Remodels, Lease Space"
1303000000076,1,C,2008-01-18,39,New Construction w/o Permit
1303000000077,1,C,2008-01-18,39,New Construction w/o Permit
1303000000078,1,C,2008-01-18,39,New Construction w/o Permit
1303000000078,1364937,C,2013-08-15,31,"Addtns, Remodels, Lease Space"
1303000000078,1364938,C,2013-11-14,31,"Addtns, Remodels, Lease Space"
1303000000079,1,C,2008-01-18,39,New Construction w/o Permit
1303000000080,1,C,2008-01-18,39,New Construction w/o Permit
1303000000080,1298333,C,2012-02-28,31,"Addtns, Remodels, Lease Space"
1303000000081,1,C,2008-01-18,39,New Construction w/o Permit
1303000000082,1,C,2008-01-18,39,New Construction w/o Permit
1303000000083,1,C,2008-01-18,39,New Construction w/o Permit
1303000000084,1,C,2008-01-18,39,New Construction w/o Permit
1303000000084,2,C,2017-02-09,31,"Addtns, Remodels, Lease Space"
1303000000085,1,C,2008-01-18,39,New Construction w/o Permit
1303000000086,1,C,2008-01-18,39,New Construction w/o Permit
1303000000087,1,C,2008-01-18,39,New Construction w/o Permit
1303000000088,1,C,2008-01-18,39,New Construction w/o Permit
1303000000090,1,C,2008-01-18,39,New Construction w/o Permit
1303000000090,1431121,C,2015-02-27,31,"Addtns, Remodels, Lease Space"
1303000000091,1,C,2008-01-18,39,New Construction w/o Permit
1303000000092,1,C,2008-01-18,39,New Construction w/o Permit
1303000000093,1,C,2008-01-18,39,New Construction w/o Permit
1303000000094,1,C,2008-01-18,39,New Construction w/o Permit
1303000000095,1,C,2008-01-18,39,New Construction w/o Permit
1303000000096,1,C,2008-01-18,39,New Construction w/o Permit
1303000000097,1,C,2008-01-18,39,New Construction w/o Permit
1303000000098,1,C,2008-01-18,39,New Construction w/o Permit
1303000000098,1305071,C,2012-04-17,31,"Addtns, Remodels, Lease Space"
1303000000099,1,C,2008-01-18,39,New Construction w/o Permit
1303000000100,1,C,2008-01-18,39,New Construction w/o Permit
1303000000101,1,C,2008-01-18,39,New Construction w/o Permit
1303000000101,1330944,C,2012-11-14,31,"Addtns, Remodels, Lease Space"
1303000000102,1,C,2008-01-18,39,New Construction w/o Permit
1303000000103,1,C,2008-01-18,39,New Construction w/o Permit
1303000000103,1310758,C,2012-05-03,31,"Addtns, Remodels, Lease Space"
1303000000104,1,C,2008-01-18,39,New Construction w/o Permit
1303000000104,1398533,C,2014-04-16,31,"Addtns, Remodels, Lease Space"
1303000000105,1,C,2008-01-18,39,New Construction w/o Permit
1303000000106,1,C,2008-01-18,39,New Construction w/o Permit
1303000000107,1,C,2008-01-18,39,New Construction w/o Permit
1303000000107,1711844,C,2019-03-27,31,"Addtns, Remodels, Lease Space"
1303000000108,1,C,2008-01-18,39,New Construction w/o Permit
1303000000109,1,C,2008-01-18,39,New Construction w/o Permit
1303000000110,1,C,2008-01-18,39,New Construction w/o Permit
1303000000111,1,C,2008-01-18,39,New Construction w/o Permit
1303000000112,1,C,2008-01-18,39,New Construction w/o Permit
1303000000112,1668100,C,2018-06-26,32,"Paving, Parking Lot, Slab"
1303000000113,1,C,2008-01-18,39,New Construction w/o Permit
1303000000113,1305220,C,2012-04-19,31,"Addtns, Remodels, Lease Space"
1303000000114,1,C,2008-01-18,39,New Construction w/o Permit
1303000000115,1,C,2008-01-18,39,New Construction w/o Permit
1303000000116,1,C,2008-01-18,39,New Construction w/o Permit
1303000000117,1,C,2008-01-18,39,New Construction w/o Permit
1303000000118,1,C,2008-01-18,39,New Construction w/o Permit
1303000000119,1,C,2008-01-18,39,New Construction w/o Permit
1303000000120,1,C,2008-01-18,39,New Construction w/o Permit
1303000000121,1,C,2008-01-18,39,New Construction w/o Permit
1303000000121,1479398,C,2016-02-03,31,"Addtns, Remodels, Lease Space"
1303000000121,1491059,C,2016-04-05,31,"Addtns, Remodels, Lease Space"
1303000000122,1,C,2008-01-18,39,New Construction w/o Permit
1303000000122,1322020,C,2012-08-06,31,"Addtns, Remodels, Lease Space"
1303000000123,1,C,2008-01-18,39,New Construction w/o Permit
1303000000123,1325699,C,2012-09-12,31,"Addtns, Remodels, Lease Space"
1303000000123,1325700,C,2012-09-12,31,"Addtns, Remodels, Lease Space"
1303000000124,1,C,2008-01-18,39,New Construction w/o Permit
1303000000125,1,C,2008-01-18,39,New Construction w/o Permit
1303000000126,1,C,2008-01-18,39,New Construction w/o Permit
1303000000127,2,C,2008-01-18,39,New Construction w/o Permit
1303000000128,1,C,2008-01-18,39,New Construction w/o Permit
1303460010001,1370901,C,2013-09-09,10,New Dwelling - permit
1303460010002,1387165,C,2014-01-30,10,New Dwelling - permit
1303460010003,1393863,C,2014-03-11,10,New Dwelling - permit
1303460010003,1460831,C,2015-09-24,07,Extra Features (OB&Y)
1303460010004,1387166,C,2014-01-30,10,New Dwelling - permit
1303460010005,1365341,C,2013-08-23,10,New Dwelling - permit
1303460010006,1356072,C,2013-05-28,10,New Dwelling - permit
1303460010007,1351193,C,2013-04-12,10,New Dwelling - permit
1303460010008,1334692,C,2012-12-26,10,New Dwelling - permit
1303460010009,1,C,1899-12-30,09,New Dwelling - no permit
1303460010010,1326842,C,2012-10-02,10,New Dwelling - permit
1303460010010,1504217,C,2016-08-18,07,Extra Features (OB&Y)
1303460010011,1158575,C,2008-08-01,10,New Dwelling - permit
1303460010012,1439164,C,2015-04-16,10,New Dwelling - permit
1303460010013,1316316,C,2012-07-13,10,New Dwelling - permit
1303460010014,1439165,C,2015-04-16,10,New Dwelling - permit
1303460010015,1301448,C,2012-03-20,10,New Dwelling - permit
1303460010016,1439166,C,2015-04-16,10,New Dwelling - permit
1303460010017,1310904,C,2012-05-08,10,New Dwelling - permit
1303460010018,1,C,2008-12-16,07,Extra Features (OB&Y)
1303460010019,1156685,C,2008-06-26,10,New Dwelling - permit
1303460010020,1431947,C,2015-03-23,10,New Dwelling - permit
1303460010021,1388486,C,2014-02-26,10,New Dwelling - permit
1303460010021,1892848,C,2022-08-03,07,Extra Features (OB&Y)
1303460010022,1301449,C,2012-03-20,10,New Dwelling - permit
1303460010023,1301443,C,2012-03-20,10,New Dwelling - permit
1303460010023,1411592,C,2014-07-23,07,Extra Features (OB&Y)
1303460010024,1157087,C,2008-07-03,10,New Dwelling - permit
1303460010025,1315789,C,2012-06-29,10,New Dwelling - permit
1303460010026,1316311,C,2012-07-13,10,New Dwelling - permit
1303460010027,1315790,C,2012-06-29,10,New Dwelling - permit
1303460010028,1279881,C,2011-08-25,10,New Dwelling - permit
1303460010029,1371380,C,2013-09-23,10,New Dwelling - permit
1303460010030,1446629,C,2015-06-15,10,New Dwelling - permit
1303460010031,1382089,C,2013-12-06,10,New Dwelling - permit
1303460010032,1152418,C,2008-04-18,10,New Dwelling - permit
1303460010033,1334694,C,2012-12-26,10,New Dwelling - permit
1303460010034,1344268,C,2013-03-06,10,New Dwelling - permit
1303460010035,1,C,2008-12-16,07,Extra Features (OB&Y)
1303460010035,1157651,C,2008-07-16,10,New Dwelling - permit
1303460010036,1168586,C,2008-11-19,10,New Dwelling - permit
1303460010036,1431098,C,2015-02-26,10,New Dwelling - permit
1303460010037,1334685,C,2012-12-26,10,New Dwelling - permit
1303460010038,1,C,2008-12-16,07,Extra Features (OB&Y)
1303460010038,1157650,C,2008-07-16,10,New Dwelling - permit
1303460010039,1394605,C,2014-03-24,10,New Dwelling - permit
1303460010040,1334691,C,2012-12-26,10,New Dwelling - permit
1303460010041,1393860,C,2014-03-11,10,New Dwelling - permit
1303460010042,1393861,C,2014-03-11,10,New Dwelling - permit
1303460010043,1359166,C,2013-06-07,10,New Dwelling - permit
1303460010044,1276034,C,2011-07-07,10,New Dwelling - permit
1303460010045,1394604,C,2014-03-24,10,New Dwelling - permit
1303460010045,1472340,C,2015-12-11,07,Extra Features (OB&Y)
1303460010046,1372285,C,2013-10-16,10,New Dwelling - permit
1303460010046,1491465,C,2016-05-04,07,Extra Features (OB&Y)
1303460010047,1334690,C,2012-12-26,10,New Dwelling - permit
1303460010048,1,C,2018-11-30,11,Additions or Remodeling
1303460010048,1339426,C,2013-01-09,10,New Dwelling - permit
1303460010048,1684800,C,2018-09-12,07,Extra Features (OB&Y)
1303460010049,1388487,C,2014-02-26,10,New Dwelling - permit
1303460010050,1372284,C,2013-10-16,10,New Dwelling - permit
1303460010051,1276035,C,2011-07-07,10,New Dwelling - permit
1303460010052,1364741,C,2013-08-12,10,New Dwelling - permit
1303460010053,1356071,C,2013-05-28,10,New Dwelling - permit
1303460010054,1370900,C,2013-09-09,10,New Dwelling - permit
1303460010055,1371318,C,2013-09-20,10,New Dwelling - permit
1303460010056,1364742,C,2013-08-12,10,New Dwelling - permit
1303460010057,1,C,1899-12-30,09,New Dwelling - no permit
1303460010058,1226356,C,2010-04-27,10,New Dwelling - permit
1303460010059,1231882,C,2010-05-13,10,New Dwelling - permit
1306560010001,1,C,2008-01-04,30,New Building
1306560010001,2,C,2008-01-04,32,"Paving, Parking Lot, Slab"
1306560010001,1428140,C,2014-12-22,84,Exempt Property
1306560010001,1457183,C,2015-08-11,31,"Addtns, Remodels, Lease Space"
1306560010001,1457184,C,2015-08-11,31,"Addtns, Remodels, Lease Space"
1306560010001,1457185,C,2015-08-11,31,"Addtns, Remodels, Lease Space"
1306560010001,1496027,C,2016-06-03,31,"Addtns, Remodels, Lease Space"
1306560010001,1541499,C,2017-06-27,31,"Addtns, Remodels, Lease Space"
1306560010001,1541500,C,2017-06-27,31,"Addtns, Remodels, Lease Space"
1306560010001,1668108,C,2018-06-04,31,"Addtns, Remodels, Lease Space"
1306560010001,1729178,C,2019-07-11,31,"Addtns, Remodels, Lease Space"
1306560010001,1729179,C,2019-07-11,30,New Building
1306560010001,1831260,C,2021-06-21,32,"Paving, Parking Lot, Slab"
1306990010001,1,C,2008-06-25,30,New Building
1307320040001,1304370,C,2012-04-02,10,New Dwelling - permit
1307320040002,1,C,2011-02-10,09,New Dwelling - no permit
1307320040003,1,C,2011-02-10,09,New Dwelling - no permit
1307320040004,1,C,2011-02-10,09,New Dwelling - no permit
1307320040005,1351423,C,2013-04-17,10,New Dwelling - permit
1307320040005,1696723,C,2018-12-18,07,Extra Features (OB&Y)
1307320040006,1,C,2014-01-01,09,New Dwelling - no permit
1307320040006,2,C,2020-06-17,07,Extra Features (OB&Y)
1307320040007,1,C,2020-06-17,07,Extra Features (OB&Y)
1307320040007,1359709,C,2013-06-20,10,New Dwelling - permit
1307320040007,1359710,C,2013-07-30,10,New Dwelling - permit
1307320040008,1339335,C,2013-01-08,10,New Dwelling - permit
1307320050001,1,C,2011-02-10,09,New Dwelling - no permit
1307320050002,1356304,C,2013-05-31,10,New Dwelling - permit
1307320050003,1365397,C,2013-08-26,10,New Dwelling - permit
1307320050004,1365192,C,2013-08-21,10,New Dwelling - permit
1307320050005,1304371,C,2012-04-02,10,New Dwelling - permit
1307320050005,1316609,C,2012-07-19,10,New Dwelling - permit
1307320050006,1272226,C,2011-06-01,10,New Dwelling - permit
1307320050007,1264262,C,2011-03-09,10,New Dwelling - permit
1307320050007,1285013,C,2011-09-20,10,New Dwelling - permit
1307320050007,1310851,C,2012-05-04,10,New Dwelling - permit
1307320050008,1,C,1899-12-30,07,Extra Features (OB&Y)
1307320050008,1316807,C,2012-07-24,10,New Dwelling - permit
1307320050009,1,C,1899-12-30,07,Extra Features (OB&Y)
1307320050009,1275836,C,2011-07-01,10,New Dwelling - permit
1307320050010,1279508,C,2011-08-16,10,New Dwelling - permit
1307320050011,2,C,1899-12-30,07,Extra Features (OB&Y)
1307320050011,1311419,C,2012-05-17,10,New Dwelling - permit
1307320050012,1304372,C,2012-04-02,10,New Dwelling - permit
1307320050013,1264576,C,2011-03-16,10,New Dwelling - permit
1307320050014,1264260,C,2011-03-09,10,New Dwelling - permit
1307320050015,1356305,C,2013-05-31,10,New Dwelling - permit
1307320050016,3,C,2020-06-18,07,Extra Features (OB&Y)
1307320050016,1407686,C,2014-01-17,10,New Dwelling - permit
1307320050017,1381963,C,2013-12-03,10,New Dwelling - permit
1307320050018,1341448,C,2013-02-25,10,New Dwelling - permit
1307320050019,1381972,C,2013-12-03,10,New Dwelling - permit
1307320050020,1365193,C,2013-08-21,10,New Dwelling - permit
1307320050021,1339336,C,2013-01-08,10,New Dwelling - permit
1307320050022,1403679,C,2014-05-29,10,New Dwelling - permit
1307320050023,1403680,C,2014-05-29,10,New Dwelling - permit
1307320050024,1403681,C,2014-05-29,10,New Dwelling - permit
1307320050025,1403682,C,2014-05-29,10,New Dwelling - permit
1307320050026,1311420,C,2012-05-17,10,New Dwelling - permit
1307320050026,1359399,C,2013-06-13,07,Extra Features (OB&Y)
1307320050027,1322610,C,2012-08-17,10,New Dwelling - permit
1307320050027,1388253,C,2014-02-20,11,Additions or Remodeling
1307320050028,1351424,C,2013-04-17,10,New Dwelling - permit
1307320050029,1322615,C,2012-08-17,10,New Dwelling - permit
1307320050029,1968635,C,2024-02-12,07,Extra Features (OB&Y)
1307320050030,1,C,1899-12-30,07,Extra Features (OB&Y)
1307320050030,1381973,C,2013-12-03,10,New Dwelling - permit
1307320050031,1,C,1899-12-30,07,Extra Features (OB&Y)
1307320050031,1285711,C,2011-10-07,10,New Dwelling - permit
1307320050032,1285712,C,2011-10-07,10,New Dwelling - permit
1307320050032,1331133,C,2012-11-19,10,New Dwelling - permit
1307320050032,1865774,C,2022-02-16,07,Extra Features (OB&Y)
1307320050033,1293693,C,2011-12-15,10,New Dwelling - permit
1307320050033,1316608,C,2012-07-19,10,New Dwelling - permit
1307320050033,1865775,C,2022-02-11,07,Extra Features (OB&Y)
1307320050034,1310852,C,2012-05-04,10,New Dwelling - permit
1307320050034,1331132,C,2012-11-19,10,New Dwelling - permit
1307320050035,1273412,C,2011-06-29,10,New Dwelling - permit
1307320050036,1259358,C,2011-02-18,10,New Dwelling - permit
1307320050037,1272565,C,2011-06-09,10,New Dwelling - permit
1307320050038,1293943,C,2011-12-21,10,New Dwelling - permit
1307320050039,1264575,C,2011-03-16,10,New Dwelling - permit
1307320050040,1272225,C,2011-06-01,10,New Dwelling - permit
1307320050041,1259359,C,2011-02-18,10,New Dwelling - permit
1307320050042,1,C,2014-01-01,07,Extra Features (OB&Y)
1307320050042,1331380,C,2012-11-27,10,New Dwelling - permit
1307320060001,1,C,2012-03-05,10,New Dwelling - permit
1307320060001,2,C,2012-09-25,10,New Dwelling - permit
1307320060002,1,C,2013-12-13,09,New Dwelling - no permit
1307320060003,1,C,2013-05-13,10,New Dwelling - permit
1307320060004,1,C,2013-05-21,10,New Dwelling - permit
1307320060005,1,C,2013-07-30,10,New Dwelling - permit
1307320060006,1,C,1899-12-30,09,New Dwelling - no permit
1307320060007,1,C,2014-03-28,10,New Dwelling - permit
1307320060008,1,C,1899-12-30,07,Extra Features (OB&Y)
1307320060008,1402251,C,2014-05-01,10,New Dwelling - permit
1307320060009,1372597,C,2013-10-23,10,New Dwelling - permit
1307320060010,1388239,C,2014-02-20,10,New Dwelling - permit
1307320060011,1,C,2013-07-30,10,New Dwelling - permit
1307320060012,1344280,C,2013-03-06,10,New Dwelling - permit
1307320060013,1311835,C,2012-05-24,10,New Dwelling - permit
1307320060014,1259082,C,2011-02-10,10,New Dwelling - permit
1307320060015,1294927,C,2012-01-18,10,New Dwelling - permit
1307320060016,1273404,C,2011-06-29,10,New Dwelling - permit
1307320060016,1316813,C,2012-07-24,10,New Dwelling - permit
1307320060016,1345028,C,2013-03-20,07,Extra Features (OB&Y)
1307320060016,1733693,C,2019-08-02,07,Extra Features (OB&Y)
1307320070001,1,C,2012-02-13,09,New Dwelling - no permit
1307320070002,1285012,C,2011-09-20,10,New Dwelling - permit
1307320070003,1,C,2012-01-30,09,New Dwelling - no permit
1307320070004,1,C,2012-02-08,09,New Dwelling - no permit
1307320070005,1,C,2012-12-06,09,New Dwelling - no permit
1307320070006,1,C,2011-12-08,09,New Dwelling - no permit
1307320070007,1,C,2012-02-08,09,New Dwelling - no permit
1307320070007,2,C,1899-12-30,07,Extra Features (OB&Y)
1307320080001,1,C,2012-05-08,10,New Dwelling - permit
1307320080001,2,C,2014-05-20,07,Extra Features (OB&Y)
1307320080002,1,C,2015-12-22,07,Extra Features (OB&Y)
1307320080002,1402250,C,2014-05-01,10,New Dwelling - permit
1307320080002,1439699,C,2015-04-29,07,Extra Features (OB&Y)
1307320080003,1340313,C,2013-01-30,10,New Dwelling - permit
1307320080003,1720103,C,2019-05-02,07,Extra Features (OB&Y)
1307320080004,1,C,2015-01-09,09,New Dwelling - no permit
1307320080004,2,C,2020-06-18,07,Extra Features (OB&Y)
1307320080005,1,C,1899-12-30,07,Extra Features (OB&Y)
1389200010001,2,C,2017-04-27,30,New Building
1389200010001,3,C,2017-04-27,30,New Building
1389200010001,4,C,2017-04-27,30,New Building
1389200010001,5,C,2017-04-27,30,New Building
1389200010001,6,C,2017-04-27,30,New Building
1389200010001,7,C,2017-04-27,30,New Building
1389200010001,8,C,2017-04-25,32,"Paving, Parking Lot, Slab"
1389200010001,9,C,2017-04-25,32,"Paving, Parking Lot, Slab"
1389200010001,10,C,2017-04-18,32,"Paving, Parking Lot, Slab"
1389230010001,1678746,C,2018-08-06,10,New Dwelling - permit
1389230010002,1678747,C,2018-08-06,10,New Dwelling - permit
1389230010003,1,C,2017-07-05,10,New Dwelling - permit
1389230010004,1,C,2017-07-05,10,New Dwelling - permit
1389230010005,1,C,2017-07-05,10,New Dwelling - permit
1389230010006,1,C,2017-07-05,10,New Dwelling - permit
1389230010007,1,C,2017-07-24,10,New Dwelling - permit
1389230010008,1556013,C,2017-09-25,10,New Dwelling - permit
1389230010009,1,C,2017-07-12,10,New Dwelling - permit
1389230010010,1556014,C,2017-09-18,10,New Dwelling - permit
1389230010011,1,C,2017-07-05,10,New Dwelling - permit
1389230010012,1556015,C,2017-09-18,10,New Dwelling - permit
1389230010013,1,C,2017-07-05,10,New Dwelling - permit
1389230010014,1556016,C,2017-09-18,10,New Dwelling - permit
1389230010015,1,C,2017-07-10,10,New Dwelling - permit
1389230010016,1556017,C,2017-09-18,10,New Dwelling - permit
1389230010017,1556018,C,2017-09-18,10,New Dwelling - permit
1389230010018,1,C,2017-07-10,10,New Dwelling - permit
1389230010019,1,C,2017-07-10,10,New Dwelling - permit
1389230010020,1556019,C,2017-09-13,10,New Dwelling - permit
1389230010021,1,C,2017-08-23,10,New Dwelling - permit
1389230010022,1,C,2017-07-10,10,New Dwelling - permit
1389230010023,1556020,C,2017-09-18,10,New Dwelling - permit
1389230010024,1,C,2017-07-31,10,New Dwelling - permit
1389230010025,1,C,2017-07-31,10,New Dwelling - permit
1389230010026,1,C,2017-07-31,10,New Dwelling - permit
1389230010027,1,C,2017-07-10,10,New Dwelling - permit
1389230010027,1678748,C,2018-08-06,10,New Dwelling - permit
1389230010028,1678749,C,2018-08-06,10,New Dwelling - permit
1389240010001,1689582,C,2018-10-01,10,New Dwelling - permit
1389240010002,1673261,C,2018-07-25,10,New Dwelling - permit
1389240010003,1665672,C,2018-05-30,10,New Dwelling - permit
1389240010004,1678750,C,2018-08-01,10,New Dwelling - permit
1389240010005,1673262,C,2018-07-09,10,New Dwelling - permit
1389240010006,1673263,C,2018-07-25,10,New Dwelling - permit
1389240010007,2,C,2017-12-04,10,New Dwelling - permit
1389240010008,1656207,C,2018-04-09,10,New Dwelling - permit
1389240010009,1656208,C,2018-04-09,10,New Dwelling - permit
1389240010010,1656209,C,2018-04-09,10,New Dwelling - permit
1389240010011,1656210,C,2018-04-09,10,New Dwelling - permit
1389240010012,1650074,C,2018-02-26,10,New Dwelling - permit
1389240010013,1650075,C,2018-02-26,10,New Dwelling - permit
1389240010014,1650076,C,2018-02-26,10,New Dwelling - permit
1389240010015,1650077,C,2018-02-26,10,New Dwelling - permit
1389240010016,1650078,C,2018-02-26,10,New Dwelling - permit
1389240010017,1673264,C,2018-07-11,10,New Dwelling - permit
1389240010018,1668912,C,2018-06-25,10,New Dwelling - permit
1389240020001,1651823,C,2018-03-26,10,New Dwelling - permit
1389240020002,1656211,C,2018-04-09,10,New Dwelling - permit
1389240020003,1656212,C,2018-04-09,10,New Dwelling - permit
1389240020004,1656213,C,2018-04-18,10,New Dwelling - permit
1389240020005,1656214,C,2018-04-11,10,New Dwelling - permit
1389240020006,1656215,C,2018-04-11,10,New Dwelling - permit
1389240020007,1651824,C,2018-03-19,10,New Dwelling - permit
1389240020008,1636199,C,2017-12-29,10,New Dwelling - permit
1389240020009,1,C,2018-03-28,09,New Dwelling - no permit
1389240020009,2,C,2017-12-04,10,New Dwelling - permit
1389240020010,1636201,C,2017-12-29,10,New Dwelling - permit
1389240020011,1,C,2018-04-02,09,New Dwelling - no permit
1389240020012,1656216,C,2018-04-11,10,New Dwelling - permit
1389240020013,1685191,C,2018-09-12,10,New Dwelling - permit
1389240020014,1685192,C,2018-09-12,10,New Dwelling - permit
1389240020015,1656217,C,2018-04-11,10,New Dwelling - permit
1389240020016,1,C,2018-04-02,09,New Dwelling - no permit
1389240020017,1636202,C,2017-12-29,10,New Dwelling - permit
1389240020018,1636200,C,2017-12-29,10,New Dwelling - permit
1389240020019,1636198,C,2017-12-29,10,New Dwelling - permit
1389240020020,1636197,C,2017-12-29,10,New Dwelling - permit
1389240020021,1650081,C,2018-02-21,10,New Dwelling - permit
1389240020022,1650082,C,2018-02-21,10,New Dwelling - permit
1389240020023,1650083,C,2018-02-21,10,New Dwelling - permit
1389240020024,1650084,C,2018-02-21,10,New Dwelling - permit
1389240020025,1673265,C,2018-07-25,10,New Dwelling - permit
1389240020026,1668913,C,2018-06-04,10,New Dwelling - permit
1389240020027,1668914,C,2018-06-25,10,New Dwelling - permit
1389240020028,1673266,C,2018-07-25,10,New Dwelling - permit
1389240020029,1673267,C,2018-07-25,10,New Dwelling - permit
1389240020030,1665673,C,2018-05-30,10,New Dwelling - permit
1389240020031,1665674,C,2018-05-30,10,New Dwelling - permit
1389240020031,1976638,C,2024-04-01,07,Extra Features (OB&Y)
1389240020032,1665675,C,2018-05-30,10,New Dwelling - permit
1389240020033,1665676,C,2018-05-30,10,New Dwelling - permit
1389240020034,1665677,C,2018-05-30,10,New Dwelling - permit
1389240020035,1665678,C,2018-05-07,10,New Dwelling - permit
1389240020036,1636082,C,2017-12-04,10,New Dwelling - permit
1389240020037,1636083,C,2017-12-04,10,New Dwelling - permit
1389240020038,1636084,C,2017-12-04,10,New Dwelling - permit
1389240020039,1636085,C,2017-12-04,10,New Dwelling - permit
1389240020040,1636086,C,2017-12-04,10,New Dwelling - permit
1389240020041,1636087,C,2017-12-04,10,New Dwelling - permit
1389240020042,1636088,C,2017-12-04,10,New Dwelling - permit
1389240020043,1673268,C,2018-07-25,10,New Dwelling - permit
1389240020044,1673269,C,2018-07-25,10,New Dwelling - permit
1389240020045,1673270,C,2018-07-09,10,New Dwelling - permit
1389240020046,1673271,C,2018-07-25,10,New Dwelling - permit
1389350010001,1,C,2019-01-09,30,New Building
1389700010001,1,C,2017-05-24,31,"Addtns, Remodels, Lease Space"
1389700010001,2,C,2017-05-23,32,"Paving, Parking Lot, Slab"
1389770010001,1821859,C,2021-04-19,10,New Dwelling - permit
1389770010002,1,C,2017-08-04,10,New Dwelling - permit
1389770010002,2,C,2017-08-04,10,New Dwelling - permit
1389770010003,1821860,C,2021-04-19,10,New Dwelling - permit
1389770010004,1821861,C,2021-04-19,10,New Dwelling - permit
1389770010005,1689602,C,2018-10-16,10,New Dwelling - permit
1389770010006,1689603,C,2018-10-16,10,New Dwelling - permit
1389770010006,1689604,C,2018-10-16,10,New Dwelling - permit
1389770010007,1689604,C,2018-10-16,10,New Dwelling - permit
1389770010008,1685211,C,2018-09-05,10,New Dwelling - permit
1389770010008,1685212,C,2018-09-05,10,New Dwelling - permit
1389770010009,1685212,C,2018-09-05,10,New Dwelling - permit
1389770010009,1685213,C,2018-09-05,10,New Dwelling - permit
1389770010010,1685213,C,2018-09-05,10,New Dwelling - permit
1389770010011,1685214,C,2018-09-05,10,New Dwelling - permit
1389770010011,1685215,C,2018-09-05,10,New Dwelling - permit
1389770010012,1685215,C,2018-09-05,10,New Dwelling - permit
1389770010012,1685216,C,2018-09-05,10,New Dwelling - permit
1389770010013,1685216,C,2018-09-05,10,New Dwelling - permit
1389770010013,1685217,C,2018-09-05,10,New Dwelling - permit
1389770010014,1685217,C,2018-09-05,10,New Dwelling - permit
1389770010015,1685218,C,2018-09-05,10,New Dwelling - permit
1389770020001,1665700,C,2018-05-22,10,New Dwelling - permit
1389770020002,1665701,C,2018-05-22,10,New Dwelling - permit
1389770020003,1665702,C,2018-05-22,10,New Dwelling - permit
1389770020004,1665703,C,2018-05-22,10,New Dwelling - permit
1389770020005,1665704,C,2018-05-22,10,New Dwelling - permit
1389770020006,1665705,C,2018-05-22,10,New Dwelling - permit
1389770020007,1665706,C,2018-05-22,10,New Dwelling - permit
1389770020008,1665707,C,2018-05-22,10,New Dwelling - permit
1389770020009,1665708,C,2018-05-22,10,New Dwelling - permit
1389770020010,1665709,C,2018-05-22,10,New Dwelling - permit
1389770020011,1665710,C,2018-05-22,10,New Dwelling - permit
1389770020012,1665711,C,2018-05-22,10,New Dwelling - permit
1389770020013,1665712,C,2018-05-22,10,New Dwelling - permit
1389770020014,1665713,C,2018-05-22,10,New Dwelling - permit
1389770020015,1665714,C,2018-05-22,10,New Dwelling - permit
1389770020016,1665715,C,2018-05-22,10,New Dwelling - permit
1389770020017,1665716,C,2018-05-29,10,New Dwelling - permit
1389770020017,1665717,C,2018-05-29,10,New Dwelling - permit
1389770020018,1665717,C,2018-05-29,10,New Dwelling - permit
1389770020019,1665718,C,2018-05-29,10,New Dwelling - permit
1389770020020,1665719,C,2018-05-29,10,New Dwelling - permit
1389770020021,1665720,C,2018-05-29,10,New Dwelling - permit
1389770020022,1665721,C,2018-05-29,10,New Dwelling - permit
1389770020023,1665722,C,2018-05-29,10,New Dwelling - permit
1389770020024,1665723,C,2018-05-29,10,New Dwelling - permit
1389770020024,1665724,C,2018-05-29,10,New Dwelling - permit
1389770020025,1678771,C,2018-08-08,10,New Dwelling - permit
1389770020026,1678772,C,2018-08-08,10,New Dwelling - permit
1389770020027,1678773,C,2018-08-08,10,New Dwelling - permit
1389770020028,1678774,C,2018-08-08,10,New Dwelling - permit
1389770020028,1678775,C,2018-08-08,10,New Dwelling - permit
1389770020029,1678775,C,2018-08-08,10,New Dwelling - permit
1389770020030,1678776,C,2018-08-08,10,New Dwelling - permit
1389770020031,1689605,C,2018-10-16,10,New Dwelling - permit
1389770020032,1,C,2018-11-15,09,New Dwelling - no permit
1389770020033,1,C,2018-11-15,09,New Dwelling - no permit
1389770020034,1,C,2018-11-15,09,New Dwelling - no permit
1389770020035,1821862,C,2021-04-19,10,New Dwelling - permit
1389770020036,1821863,C,2021-04-15,10,New Dwelling - permit
1389770020037,1821864,C,2021-04-19,10,New Dwelling - permit
1389770020038,1821865,C,2021-04-19,10,New Dwelling - permit
1389770020039,1821866,C,2021-04-19,10,New Dwelling - permit
1389770020040,1821867,C,2021-04-19,10,New Dwelling - permit
1389770020041,1821868,C,2021-04-19,10,New Dwelling - permit
1389770020042,1821869,C,2021-04-19,10,New Dwelling - permit
1389770020043,1685219,C,2018-09-05,10,New Dwelling - permit
1389770020043,1685220,C,2018-09-05,10,New Dwelling - permit
1389770020044,1685220,C,2018-09-05,10,New Dwelling - permit
1389770020045,1685221,C,2018-09-05,10,New Dwelling - permit
1389770020046,1685222,C,2018-09-05,10,New Dwelling - permit
1389770020047,1685223,C,2018-09-05,10,New Dwelling - permit
1389770020048,1685224,C,2018-09-05,10,New Dwelling - permit
1389770020049,1685225,C,2018-09-05,10,New Dwelling - permit
1389770020049,1685226,C,2018-09-05,10,New Dwelling - permit
1389770030001,1665724,C,2018-05-22,10,New Dwelling - permit
1389770030002,1665725,C,2018-05-22,10,New Dwelling - permit
1389770030003,1665726,C,2018-05-22,10,New Dwelling - permit
1389770030004,1665727,C,2018-05-29,10,New Dwelling - permit
1389770030005,1665728,C,2018-05-29,10,New Dwelling - permit
1389770030006,1665729,C,2018-05-29,10,New Dwelling - permit
1389770030007,1665730,C,2018-05-29,10,New Dwelling - permit
1389770030008,1665731,C,2018-05-29,10,New Dwelling - permit
1389770030009,1665732,C,2018-05-29,10,New Dwelling - permit
1389770030010,1665733,C,2018-05-29,10,New Dwelling - permit
1389770030011,1665734,C,2018-05-29,10,New Dwelling - permit
1389770030012,1665735,C,2018-05-29,10,New Dwelling - permit
1389770030013,1665736,C,2018-05-29,10,New Dwelling - permit
1389770030014,1665737,C,2018-05-29,10,New Dwelling - permit
1389770030014,1665738,C,2018-05-29,10,New Dwelling - permit
1389770030015,1665738,C,2018-05-29,10,New Dwelling - permit
1389770030016,1678777,C,2018-08-08,10,New Dwelling - permit
1389770030017,1678778,C,2018-08-08,10,New Dwelling - permit
1389770030018,1678779,C,2018-08-08,10,New Dwelling - permit
1389770030019,1678780,C,2018-08-08,10,New Dwelling - permit
1389770030020,1678781,C,2018-08-08,10,New Dwelling - permit
1389770030021,1678782,C,2018-08-08,10,New Dwelling - permit
1389770030022,1678783,C,2018-08-08,10,New Dwelling - permit
1389770030023,1678784,C,2018-08-08,10,New Dwelling - permit
1389770030023,1678785,C,2018-08-08,10,New Dwelling - permit
1389770030024,1678785,C,2018-08-08,10,New Dwelling - permit
1389770030025,1689609,C,2018-10-16,10,New Dwelling - permit
1389770030026,1673295,C,2018-07-19,10,New Dwelling - permit
1389770030027,1689610,C,2018-10-16,10,New Dwelling - permit
1389770030028,1689611,C,2018-10-16,10,New Dwelling - permit
1389770030028,1689612,C,2018-10-16,10,New Dwelling - permit
1389770030029,1,C,2018-11-13,09,New Dwelling - no permit
1389770030030,1,C,2018-11-13,09,New Dwelling - no permit
1389770030031,1,C,2018-11-15,09,New Dwelling - no permit
1389770030032,1,C,2018-11-13,09,New Dwelling - no permit
1389770030034,1821870,C,2021-04-19,10,New Dwelling - permit
1390040010001,1636090,C,2017-12-06,10,New Dwelling - permit
1390040010002,1566764,C,2017-11-15,10,New Dwelling - permit
1390040010003,1715879,C,2019-04-22,10,New Dwelling - permit
1390040010004,1715880,C,2019-04-22,10,New Dwelling - permit
1390040010005,1715881,C,2019-04-22,10,New Dwelling - permit
1390040010006,1715882,C,2019-04-22,10,New Dwelling - permit
1390040010007,1636091,C,2017-12-06,10,New Dwelling - permit
1390040010008,1636092,C,2017-12-19,10,New Dwelling - permit
1390040010009,1685226,C,2018-09-07,10,New Dwelling - permit
1390040010010,1685227,C,2018-09-07,10,New Dwelling - permit
1390040010011,1685228,C,2018-09-07,10,New Dwelling - permit
1390040010012,1685229,C,2018-09-07,10,New Dwelling - permit
1390040010013,1685230,C,2018-09-07,10,New Dwelling - permit
1390040010014,1685231,C,2018-09-07,10,New Dwelling - permit
1390040010015,1685232,C,2018-09-07,10,New Dwelling - permit
1390040010016,1715883,C,2019-04-22,10,New Dwelling - permit
1390040010017,1715884,C,2019-04-22,10,New Dwelling - permit
1390040010018,1715885,C,2019-04-22,10,New Dwelling - permit
1390040010019,1678788,C,2018-08-07,10,New Dwelling - permit
1390040010020,1678789,C,2018-08-07,10,New Dwelling - permit
1390040020001,1678790,C,2018-08-07,10,New Dwelling - permit
1390040020002,1678791,C,2018-08-07,10,New Dwelling - permit
1390040020003,1678792,C,2018-08-07,10,New Dwelling - permit
1390040020004,1678793,C,2018-08-07,10,New Dwelling - permit
1390040020005,1678794,C,2018-08-07,10,New Dwelling - permit
1390040030001,1668963,C,2018-06-06,10,New Dwelling - permit
1390040030002,1,C,2019-11-15,11,Additions or Remodeling
1390040030002,1668964,C,2018-06-06,10,New Dwelling - permit
1390040030003,1668965,C,2018-06-06,10,New Dwelling - permit
1390040030004,1668966,C,2018-06-06,10,New Dwelling - permit
1390040030005,1668967,C,2018-06-06,10,New Dwelling - permit
1390040030006,1668968,C,2018-06-06,10,New Dwelling - permit
1390040030007,1668969,C,2018-06-06,10,New Dwelling - permit
1390040030008,1566765,C,2017-11-15,10,New Dwelling - permit
1390040030009,1,C,2017-12-19,10,New Dwelling - permit
1390040030010,1,C,1899-12-30,09,New Dwelling - no permit
1390040030010,1636093,C,2017-12-19,10,New Dwelling - permit
1390040030011,1,C,1899-12-30,09,New Dwelling - no permit
1390040030011,1566766,C,2017-11-15,10,New Dwelling - permit
1392260010001,1763275,C,2020-02-14,10,New Dwelling - permit
1392260010002,1763276,C,2020-02-06,10,New Dwelling - permit
1392260010003,1763277,C,2020-02-06,10,New Dwelling - permit
1392260010004,1763278,C,2020-02-06,10,New Dwelling - permit
1392260010005,1763279,C,2020-02-14,10,New Dwelling - permit
1392260010006,1778231,C,2020-06-25,10,New Dwelling - permit
1392260010007,1778232,C,2020-06-25,10,New Dwelling - permit
1392260010008,1778233,C,2020-06-25,10,New Dwelling - permit
1392260010009,1778234,C,2020-06-25,10,New Dwelling - permit
1392260010010,1778235,C,2020-06-25,10,New Dwelling - permit
1392260010011,1,C,1899-12-30,07,Extra Features (OB&Y)
1392260010011,1763280,C,2020-02-12,10,New Dwelling - permit
1392260010012,1763281,C,2020-02-12,10,New Dwelling - permit
1392260010013,1763282,C,2020-02-07,10,New Dwelling - permit
1392260010014,1759682,C,2020-01-17,10,New Dwelling - permit
1392260010015,1759683,C,2020-01-17,10,New Dwelling - permit
1392260010016,1759684,C,2020-01-17,10,New Dwelling - permit
1392260010017,1734039,C,2019-08-14,10,New Dwelling - permit
1392260010018,1734040,C,2019-08-14,10,New Dwelling - permit
1392260010019,1734041,C,2019-08-14,10,New Dwelling - permit
1392260010020,1,C,2022-02-17,07,Extra Features (OB&Y)
1392260010020,1734042,C,2019-08-14,10,New Dwelling - permit
1392260010021,1734043,C,2019-08-14,10,New Dwelling - permit
1392260010022,1734044,C,2019-08-14,10,New Dwelling - permit
1392260010023,1734045,C,2019-08-14,10,New Dwelling - permit
1392260010024,1734046,C,2019-08-14,10,New Dwelling - permit
1392260010025,1734047,C,2019-08-14,10,New Dwelling - permit
1392260010026,1734048,C,2019-08-14,10,New Dwelling - permit
1392260010027,1734049,C,2019-08-14,10,New Dwelling - permit
1392260010028,1734050,C,2019-08-14,10,New Dwelling - permit
1392260010029,1729576,C,2019-07-08,10,New Dwelling - permit
1392260010030,1729577,C,2019-07-08,10,New Dwelling - permit
1392260010031,1729578,C,2019-07-08,10,New Dwelling - permit
1392260010032,1729579,C,2019-07-08,10,New Dwelling - permit
1392260010033,1729580,C,2019-07-08,10,New Dwelling - permit
1392260010034,1729581,C,2019-07-08,10,New Dwelling - permit
1392260010035,1729582,C,2019-07-08,10,New Dwelling - permit
1392260010036,1729583,C,2019-07-08,10,New Dwelling - permit
1392260010037,1729584,C,2019-07-08,10,New Dwelling - permit
1392260010038,1729585,C,2019-07-08,10,New Dwelling - permit
1392260020001,1704136,C,2019-01-08,10,New Dwelling - permit
1392260020002,1704137,C,2019-01-08,10,New Dwelling - permit
1392260020003,1704138,C,2019-01-08,10,New Dwelling - permit
1392260020004,1704139,C,2019-01-08,10,New Dwelling - permit
1392260030001,1704140,C,2019-01-08,10,New Dwelling - permit
1392260030002,1,C,2020-03-03,07,Extra Features (OB&Y)
1392260030002,1704141,C,2019-01-08,10,New Dwelling - permit
1392260030003,1697167,C,2018-12-20,10,New Dwelling - permit
1392260030004,1697168,C,2018-12-20,10,New Dwelling - permit
1392260030005,1697169,C,2018-12-20,10,New Dwelling - permit
1392260030006,1697170,C,2018-12-20,10,New Dwelling - permit
1392260030007,1697171,C,2018-12-20,10,New Dwelling - permit
1392260030008,1697172,C,2018-12-20,10,New Dwelling - permit
1392260030009,1697173,C,2018-12-20,10,New Dwelling - permit
1392260030010,1697174,C,2018-12-20,10,New Dwelling - permit
1392260030011,1697175,C,2018-12-20,10,New Dwelling - permit
1392260030012,1697176,C,2018-12-20,10,New Dwelling - permit
1392260030013,1697177,C,2018-12-20,10,New Dwelling - permit
1392260030014,1697178,C,2018-12-20,10,New Dwelling - permit
1392260040001,1720502,C,2019-05-10,10,New Dwelling - permit
1392260040002,1720503,C,2019-05-10,10,New Dwelling - permit
1392260040003,1720504,C,2019-05-10,10,New Dwelling - permit
1392260040004,1720505,C,2019-05-10,10,New Dwelling - permit
1392260040005,1720506,C,2019-05-10,10,New Dwelling - permit
1392260040006,1720507,C,2019-05-10,10,New Dwelling - permit
1392260040007,1720508,C,2019-05-10,10,New Dwelling - permit
1392260040008,1720509,C,2019-05-10,10,New Dwelling - permit
1392260040009,1720510,C,2019-05-10,10,New Dwelling - permit
1392260040010,1720511,C,2019-05-10,10,New Dwelling - permit
1392260040011,1720512,C,2019-05-10,10,New Dwelling - permit
1392260040012,1720513,C,2019-05-10,10,New Dwelling - permit
1392260040013,1729586,C,2019-07-08,10,New Dwelling - permit
1392260040014,1729587,C,2019-07-08,10,New Dwelling - permit
1392260040015,1729588,C,2019-07-08,10,New Dwelling - permit
1392260040016,1729589,C,2019-07-08,10,New Dwelling - permit
1392260040017,1729590,C,2019-07-08,10,New Dwelling - permit
1392260040018,1738860,C,2019-09-23,10,New Dwelling - permit
1392260040019,1738861,C,2019-09-23,10,New Dwelling - permit
1392260040020,1738862,C,2019-09-23,10,New Dwelling - permit
1392260040021,1738863,C,2019-09-23,10,New Dwelling - permit
1392260040022,1738864,C,2019-09-23,10,New Dwelling - permit
1392260040023,1738865,C,2019-09-23,10,New Dwelling - permit
1392260040024,1738866,C,2019-09-23,10,New Dwelling - permit
1392260040025,1738867,C,2019-09-23,10,New Dwelling - permit
1392260040026,1738868,C,2019-09-23,10,New Dwelling - permit
1392260040027,1738869,C,2019-09-23,10,New Dwelling - permit
1392260040028,1738870,C,2019-09-23,10,New Dwelling - permit
1392260040029,1738871,C,2019-09-23,10,New Dwelling - permit
1392260040030,1738872,C,2019-09-23,10,New Dwelling - permit
1392260040031,1738873,C,2019-09-23,10,New Dwelling - permit
1392260040032,1738874,C,2019-09-23,10,New Dwelling - permit
1392260040033,1763283,C,2020-02-06,10,New Dwelling - permit
1392260040034,1763284,C,2020-02-06,10,New Dwelling - permit
1392260040035,1763285,C,2020-02-06,10,New Dwelling - permit
1392260040036,1763286,C,2020-02-06,10,New Dwelling - permit
1392260040037,1763287,C,2020-02-06,10,New Dwelling - permit
1392260040038,1763288,C,2020-02-06,10,New Dwelling - permit
1392260040039,1763289,C,2020-02-06,10,New Dwelling - permit
1392260040040,1763290,C,2020-02-06,10,New Dwelling - permit
1392260040041,1763291,C,2020-02-06,10,New Dwelling - permit
1392260040042,1763292,C,2020-02-06,10,New Dwelling - permit
1392260040043,1759685,C,2020-01-23,10,New Dwelling - permit
1392260040044,1759686,C,2020-01-17,10,New Dwelling - permit
1392260040045,1759687,C,2020-01-17,10,New Dwelling - permit
1392260040046,1759688,C,2020-01-17,10,New Dwelling - permit
1392260040047,1759689,C,2020-01-17,10,New Dwelling - permit
1392260050001,1763293,C,2020-02-07,10,New Dwelling - permit
1392260050002,1763294,C,2020-02-07,10,New Dwelling - permit
1392260050003,1763295,C,2020-02-06,10,New Dwelling - permit
1392260050004,1763296,C,2020-02-06,10,New Dwelling - permit
1392260050005,1763297,C,2020-02-06,10,New Dwelling - permit
1392260050006,1763298,C,2020-02-06,10,New Dwelling - permit
1392260050007,1763299,C,2020-02-06,10,New Dwelling - permit
1392260050008,1763300,C,2020-02-06,10,New Dwelling - permit
1392260050009,1763301,C,2020-02-06,10,New Dwelling - permit
1392260050010,1763302,C,2020-02-06,10,New Dwelling - permit
1392260050011,1763303,C,2020-02-06,10,New Dwelling - permit
1392260050012,1763304,C,2020-02-06,10,New Dwelling - permit
1392260050013,1763305,C,2020-02-06,10,New Dwelling - permit
1392260050014,1759690,C,2020-01-17,10,New Dwelling - permit
1392260050015,1759691,C,2020-01-17,10,New Dwelling - permit
1392260050016,1763306,C,2020-02-14,10,New Dwelling - permit
1392260050017,1763307,C,2020-02-14,10,New Dwelling - permit
1392260050018,1763308,C,2020-02-14,10,New Dwelling - permit
1392260050019,1763309,C,2020-02-14,10,New Dwelling - permit
1392260050020,1,C,1899-12-30,07,Extra Features (OB&Y)
1392260050020,1763310,C,2020-02-14,10,New Dwelling - permit
1392260050021,1763311,C,2020-02-14,10,New Dwelling - permit
1392260050022,1763312,C,2020-02-14,10,New Dwelling - permit
1392260050023,1763313,C,2020-02-14,10,New Dwelling - permit
1392260050024,1763314,C,2020-02-14,10,New Dwelling - permit
1392260050025,1763315,C,2020-02-14,10,New Dwelling - permit
1392260050026,1763316,C,2020-02-14,10,New Dwelling - permit
1392260050027,1763317,C,2020-02-14,10,New Dwelling - permit
1392260050028,1763318,C,2020-02-14,10,New Dwelling - permit
1392260060001,1712317,C,2019-03-12,10,New Dwelling - permit
1392260060002,1715955,C,2019-04-12,10,New Dwelling - permit
1392260060003,1715956,C,2019-04-12,10,New Dwelling - permit
1392260060004,1715957,C,2019-04-12,10,New Dwelling - permit
1392260060005,1715958,C,2019-04-12,10,New Dwelling - permit
1392260060006,1715959,C,2019-04-12,10,New Dwelling - permit
1392260060007,1715960,C,2019-04-12,10,New Dwelling - permit
1392260060008,1715961,C,2019-04-12,10,New Dwelling - permit
1392260060009,1715962,C,2019-04-12,10,New Dwelling - permit
1392260060010,1715963,C,2019-04-12,10,New Dwelling - permit
1392260060011,1720514,C,2019-05-10,10,New Dwelling - permit
1392260060012,1720515,C,2019-05-10,10,New Dwelling - permit
1392260060013,1720516,C,2019-05-10,10,New Dwelling - permit
1392260060014,1720517,C,2019-05-10,10,New Dwelling - permit
1392260060015,1720518,C,2019-05-10,10,New Dwelling - permit
1392260060016,1720519,C,2019-05-10,10,New Dwelling - permit
1392260060017,1720520,C,2019-05-10,10,New Dwelling - permit
1392260060018,1720521,C,2019-05-10,10,New Dwelling - permit
1392260060019,1729591,C,2019-07-08,10,New Dwelling - permit
1392260060020,1,C,2021-12-08,07,Extra Features (OB&Y)
1392260060020,1729592,C,2019-07-08,10,New Dwelling - permit
1392260060021,1729593,C,2019-07-08,10,New Dwelling - permit
1392260060022,1729594,C,2019-07-08,10,New Dwelling - permit
1392260060023,1729595,C,2019-07-08,10,New Dwelling - permit
1392260060024,1725136,C,2019-06-20,10,New Dwelling - permit
1392260060025,1725137,C,2019-06-20,10,New Dwelling - permit
1392260060026,1704142,C,2019-01-08,10,New Dwelling - permit
1392260060027,1704143,C,2019-01-08,10,New Dwelling - permit
1392260060028,1704144,C,2019-01-08,10,New Dwelling - permit
1392260060029,1704145,C,2019-01-08,10,New Dwelling - permit
1392260060030,1704146,C,2019-01-08,10,New Dwelling - permit
1392260060031,1704147,C,2019-01-08,10,New Dwelling - permit
1392260060032,1712318,C,2019-03-12,10,New Dwelling - permit
1392260060033,1712319,C,2019-03-12,10,New Dwelling - permit
1392260060034,1712320,C,2019-03-12,10,New Dwelling - permit
1392260060035,1712321,C,2019-03-12,10,New Dwelling - permit
1392260060036,1712322,C,2019-03-12,10,New Dwelling - permit
1392260070001,1725138,C,2019-06-20,10,New Dwelling - permit
1392260070002,1725139,C,2019-06-20,10,New Dwelling - permit
1392260070003,1725140,C,2019-06-20,10,New Dwelling - permit
1392260070004,1725141,C,2019-06-20,10,New Dwelling - permit
1392260070005,1725142,C,2019-06-20,10,New Dwelling - permit
1392260070006,1725143,C,2019-06-20,10,New Dwelling - permit
1392260070007,1725144,C,2019-06-20,10,New Dwelling - permit
1392260070008,1725145,C,2019-06-20,10,New Dwelling - permit
1392260070009,1725146,C,2019-06-20,10,New Dwelling - permit
1392260070010,1725147,C,2019-06-20,10,New Dwelling - permit
1392260070011,1725148,C,2019-06-20,10,New Dwelling - permit
1392260070012,1725149,C,2019-06-20,10,New Dwelling - permit
1392260070013,1725150,C,2019-06-20,10,New Dwelling - permit
1392260070014,1715964,C,2019-04-12,10,New Dwelling - permit
1392260070015,1715965,C,2019-04-12,10,New Dwelling - permit
1392260070016,1715966,C,2019-04-12,10,New Dwelling - permit
1392260070017,1715967,C,2019-04-12,10,New Dwelling - permit
1392260070018,1715968,C,2019-04-12,10,New Dwelling - permit
1392260070019,1715969,C,2019-04-12,10,New Dwelling - permit
1392260070020,1715970,C,2019-04-12,10,New Dwelling - permit
1392260070021,1715971,C,2019-04-12,10,New Dwelling - permit
1392260070022,1715972,C,2019-04-12,10,New Dwelling - permit
1392260070023,1715973,C,2019-04-12,10,New Dwelling - permit
1392260070024,1715974,C,2019-04-12,10,New Dwelling - permit
1392260070025,1712323,C,2019-03-29,10,New Dwelling - permit
1392260070026,1712324,C,2019-03-29,10,New Dwelling - permit
1392260070027,1712325,C,2019-03-29,10,New Dwelling - permit
1392260070028,1712326,C,2019-03-29,10,New Dwelling - permit
1392260070029,1712327,C,2019-03-29,10,New Dwelling - permit
1392260070030,1712328,C,2019-03-29,10,New Dwelling - permit
1392260070031,1712329,C,2019-03-29,10,New Dwelling - permit
1392260070032,1712330,C,2019-03-29,10,New Dwelling - permit
1392260070033,1712331,C,2019-03-29,10,New Dwelling - permit
1392260070034,1712332,C,2019-03-29,10,New Dwelling - permit
1392260070035,1712333,C,2019-03-29,10,New Dwelling - permit
1392260070036,1712334,C,2019-03-29,10,New Dwelling - permit
1392260070037,1712335,C,2019-03-29,10,New Dwelling - permit
1392260070038,1712336,C,2019-03-29,10,New Dwelling - permit
1392260070039,1712337,C,2019-03-29,10,New Dwelling - permit
1392260070040,1712338,C,2019-03-12,10,New Dwelling - permit
1392260070041,1712339,C,2019-03-12,10,New Dwelling - permit
1392260070042,1712340,C,2019-03-12,10,New Dwelling - permit
1392980010001,1773858,C,2020-05-28,10,New Dwelling - permit
1392980010002,1744214,C,2019-10-17,10,New Dwelling - permit
1392980010003,1729612,C,2019-07-15,10,New Dwelling - permit
1392980010004,1729613,C,2019-07-31,10,New Dwelling - permit
1392980010005,1744215,C,2019-10-08,10,New Dwelling - permit
1392980010006,1744216,C,2019-10-08,10,New Dwelling - permit
1392980010007,1720553,C,2019-05-07,10,New Dwelling - permit
1392980010008,1773859,C,2020-05-28,10,New Dwelling - permit
1392980010009,1704187,C,2019-01-24,10,New Dwelling - permit
1392980010010,1678957,C,2018-08-13,10,New Dwelling - permit
1392980010011,1685343,C,2018-09-07,10,New Dwelling - permit
1392980010012,1678958,C,2018-08-07,10,New Dwelling - permit
1392980010013,1685344,C,2018-09-07,10,New Dwelling - permit
1392980010014,1720554,C,2019-05-07,10,New Dwelling - permit
1392980010015,1712350,C,2019-03-25,10,New Dwelling - permit
1392980010016,1738886,C,2019-09-09,10,New Dwelling - permit
1392980010017,1685345,C,2018-09-07,10,New Dwelling - permit
1392980010018,1704188,C,2019-01-24,10,New Dwelling - permit
1392980010019,1712351,C,2019-03-25,10,New Dwelling - permit
1392980010020,1685346,C,2018-09-07,10,New Dwelling - permit
1392980010021,1673469,C,2018-07-17,10,New Dwelling - permit
1392980010022,1712352,C,2019-03-08,10,New Dwelling - permit
1392980010023,1,C,2018-10-01,09,New Dwelling - no permit
1392980010024,1656455,C,2018-04-17,10,New Dwelling - permit
1392980010025,1669173,C,2018-06-21,10,New Dwelling - permit
1392980010026,1656456,C,2018-04-17,10,New Dwelling - permit
1392980010027,1673470,C,2018-07-17,10,New Dwelling - permit
1392980010028,1673471,C,2018-07-17,10,New Dwelling - permit
1392980010029,1656457,C,2018-04-17,10,New Dwelling - permit
1392980010030,1652059,C,2018-03-22,10,New Dwelling - permit
1392980010031,1652060,C,2018-03-22,10,New Dwelling - permit
1392980020001,1652061,C,2018-03-28,10,New Dwelling - permit
1392980020002,1652062,C,2018-03-22,10,New Dwelling - permit
1392980020003,1652063,C,2018-03-28,10,New Dwelling - permit
1392980020004,1652064,C,2018-03-22,10,New Dwelling - permit
1392980020005,1652065,C,2018-03-28,10,New Dwelling - permit
1392980020006,1652066,C,2018-03-28,10,New Dwelling - permit
1392980020007,1652067,C,2018-03-28,10,New Dwelling - permit
1392980020008,1652068,C,2018-03-28,10,New Dwelling - permit
1392980020009,1652069,C,2018-03-28,10,New Dwelling - permit
1392980020010,1652070,C,2018-03-28,10,New Dwelling - permit
1392980030001,1704189,C,2019-01-24,10,New Dwelling - permit
1392980030002,1665927,C,2018-05-04,10,New Dwelling - permit
1392980030003,1665928,C,2018-05-04,10,New Dwelling - permit
1392980030004,1665929,C,2018-05-04,10,New Dwelling - permit
1392980030005,1665930,C,2018-05-04,10,New Dwelling - permit
1392980030006,1704190,C,2019-01-24,10,New Dwelling - permit
1392980030007,1665931,C,2018-05-04,10,New Dwelling - permit
1392980030008,1704191,C,2019-01-24,10,New Dwelling - permit
1392980030009,1738887,C,2019-09-09,10,New Dwelling - permit
1392980030010,1729614,C,2019-07-31,10,New Dwelling - permit
1392980030011,1716001,C,2019-04-10,10,New Dwelling - permit
1392980030012,1738888,C,2019-09-09,10,New Dwelling - permit
1392980030012,1821889,C,2021-04-12,11,Additions or Remodeling
1392980030013,1716002,C,2019-04-10,10,New Dwelling - permit
1392980030014,1738889,C,2019-09-09,10,New Dwelling - permit
1392980030015,1716003,C,2019-04-10,10,New Dwelling - permit
1392980030016,1725161,C,2019-06-20,10,New Dwelling - permit
1392980040001,1669174,C,2018-06-21,10,New Dwelling - permit
1392980040002,1773860,C,2020-05-28,10,New Dwelling - permit
1392980040003,1755019,C,2019-12-30,10,New Dwelling - permit
1392980040004,1763330,C,2020-02-26,10,New Dwelling - permit
1392980040005,1763331,C,2020-02-26,10,New Dwelling - permit
1392980040006,1773861,C,2020-05-28,10,New Dwelling - permit
1392980040007,1763332,C,2020-02-26,10,New Dwelling - permit
1392980040008,1693134,C,2018-11-29,10,New Dwelling - permit
1392980040009,1685347,C,2018-09-07,10,New Dwelling - permit
1392980040010,1685348,C,2018-09-07,10,New Dwelling - permit
1392980040011,1685349,C,2018-09-07,10,New Dwelling - permit
1392980040012,1744217,C,2019-10-17,10,New Dwelling - permit
1392980040013,1744218,C,2019-10-17,10,New Dwelling - permit
1392980040014,1704192,C,2019-01-24,10,New Dwelling - permit
1392980040015,1744219,C,2019-10-17,10,New Dwelling - permit
1392980040016,1738890,C,2019-09-09,10,New Dwelling - permit
1392980040017,1744220,C,2019-10-17,10,New Dwelling - permit
1392980040018,1729615,C,2019-07-15,10,New Dwelling - permit
1392980040019,1720555,C,2019-05-01,10,New Dwelling - permit
1392980040020,1697187,C,2018-12-06,10,New Dwelling - permit
1392980040021,1656458,C,2018-04-17,10,New Dwelling - permit
1392980040022,1652071,C,2018-03-22,10,New Dwelling - permit
1392980040023,1673472,C,2018-07-17,10,New Dwelling - permit
1392980040024,1652072,C,2018-03-22,10,New Dwelling - permit
1392980040025,1673473,C,2018-07-17,10,New Dwelling - permit
1392980040026,1712353,C,2019-03-25,10,New Dwelling - permit
1392980040027,1729616,C,2019-07-15,10,New Dwelling - permit
1392980040028,1712354,C,2019-03-08,10,New Dwelling - permit
1392980040029,1729617,C,2019-07-15,10,New Dwelling - permit
1392980040030,1755020,C,2019-12-10,10,New Dwelling - permit
1392980040031,1755021,C,2019-12-10,10,New Dwelling - permit
1392980040032,1767400,C,2020-03-19,10,New Dwelling - permit
1392980040033,1,C,2020-03-13,07,Extra Features (OB&Y)
1392980040033,2,C,2020-03-13,11,Additions or Remodeling
1392980040033,1738891,C,2019-09-09,10,New Dwelling - permit
1392980040034,1734064,C,2019-08-13,10,New Dwelling - permit
1392980040035,1773862,C,2020-05-11,10,New Dwelling - permit
1392980040036,1716004,C,2019-04-10,10,New Dwelling - permit
1392980040037,1778243,C,2020-06-05,10,New Dwelling - permit
1392980040038,1767401,C,2020-03-25,10,New Dwelling - permit
1392980040039,1773863,C,2020-05-28,10,New Dwelling - permit
1392980040040,1712355,C,2019-03-25,10,New Dwelling - permit
1392980040041,1725162,C,2019-06-20,10,New Dwelling - permit
1392980040042,1773864,C,2020-05-28,10,New Dwelling - permit
1392980040043,1729618,C,2019-07-31,10,New Dwelling - permit
1392980040044,1773865,C,2020-05-28,10,New Dwelling - permit
1392980040045,1763333,C,2020-02-26,10,New Dwelling - permit
1392980040046,1712356,C,2019-03-25,10,New Dwelling - permit
1392980040047,1773866,C,2020-05-11,10,New Dwelling - permit
1392980040048,1744221,C,2019-10-08,10,New Dwelling - permit
1392980040049,1673474,C,2018-07-02,10,New Dwelling - permit
0710430010001,1116859,C,2007-10-26,31,"Addtns, Remodels, Lease Space"
0710430010001,1118674,C,2007-11-02,31,"Addtns, Remodels, Lease Space"
0710430010001,1138313,C,2008-03-06,31,"Addtns, Remodels, Lease Space"
0710430010001,1138314,C,2008-03-06,31,"Addtns, Remodels, Lease Space"
0710430010001,1138315,C,2008-03-06,31,"Addtns, Remodels, Lease Space"
0710430010001,1138316,C,2008-03-06,31,"Addtns, Remodels, Lease Space"
0710430010001,1138319,C,2008-03-06,31,"Addtns, Remodels, Lease Space"
0710430010001,1138325,C,2008-03-06,31,"Addtns, Remodels, Lease Space"
0710430010001,1138329,C,2008-03-06,31,"Addtns, Remodels, Lease Space"
0710430010001,1138332,C,2008-03-06,31,"Addtns, Remodels, Lease Space"
0710430010001,1208491,C,2009-10-14,31,"Addtns, Remodels, Lease Space"
0710430010001,1238036,C,2010-07-30,31,"Addtns, Remodels, Lease Space"
0710430010001,1240157,C,2010-08-02,31,"Addtns, Remodels, Lease Space"
0710430010001,1240158,C,2010-08-02,31,"Addtns, Remodels, Lease Space"
0710430010001,1240159,C,2010-08-02,31,"Addtns, Remodels, Lease Space"
0710430010001,1240160,C,2010-08-02,31,"Addtns, Remodels, Lease Space"
0710430010001,1240161,C,2010-08-02,31,"Addtns, Remodels, Lease Space"
0710430010001,1240162,C,2010-08-02,31,"Addtns, Remodels, Lease Space"
0710430010001,1240163,C,2010-08-02,31,"Addtns, Remodels, Lease Space"
0710430010001,1240164,C,2010-08-02,31,"Addtns, Remodels, Lease Space"
0710430010001,1280624,C,2011-08-05,31,"Addtns, Remodels, Lease Space"
0710430010001,1880877,C,2022-06-06,30,New Building
0710430010008,1,C,2024-05-01,35,Fire Reports
0710430010008,2,C,2025-04-13,35,Fire Reports
0710430010008,1138327,C,2008-03-06,31,"Addtns, Remodels, Lease Space"
0710430010008,1138331,C,2008-03-06,31,"Addtns, Remodels, Lease Space"
0710430010008,1138345,C,2008-03-06,31,"Addtns, Remodels, Lease Space"
0710430010008,1138352,C,2008-03-06,31,"Addtns, Remodels, Lease Space"
0710430010008,1138367,C,2008-03-06,31,"Addtns, Remodels, Lease Space"
0710430010008,1138371,C,2008-03-06,31,"Addtns, Remodels, Lease Space"
0710430010008,1138372,C,2008-03-06,31,"Addtns, Remodels, Lease Space"
0710430010008,1167741,C,2008-03-06,31,"Addtns, Remodels, Lease Space"
0710430010008,1240165,C,2010-08-02,31,"Addtns, Remodels, Lease Space"
0710430010008,1240166,C,2010-08-02,31,"Addtns, Remodels, Lease Space"
0710430010008,1240167,C,2010-08-02,31,"Addtns, Remodels, Lease Space"
0710430010008,1240168,C,2010-08-02,31,"Addtns, Remodels, Lease Space"
0710430010008,1240169,C,2010-08-02,31,"Addtns, Remodels, Lease Space"
0710430010008,1240170,C,2010-08-02,31,"Addtns, Remodels, Lease Space"
0710430010008,1240171,C,2010-08-02,31,"Addtns, Remodels, Lease Space"
0710430010008,1240172,C,2010-08-02,31,"Addtns, Remodels, Lease Space"
0710430010022,1214081,C,2009-12-08,40,New Building
0710430010035,1,C,2008-09-13,50,Disaster Review
0710430020029,1146975,C,2008-06-27,30,New Building
0710430020029,1459233,C,2015-08-21,31,"Addtns, Remodels, Lease Space"
0710430020030,1028438,C,2006-05-05,31,"Addtns, Remodels, Lease Space"
0710430020030,1058470,C,2006-09-20,31,"Addtns, Remodels, Lease Space"
0710430020030,1215006,C,2009-12-23,31,"Addtns, Remodels, Lease Space"
0710430020030,1312593,C,2012-06-07,31,"Addtns, Remodels, Lease Space"
0710430020032,1,C,2009-01-22,31,"Addtns, Remodels, Lease Space"
0710430020032,2,C,2008-09-13,50,Disaster Review
0710430020035,2,C,2019-09-05,35,Fire Reports
0710430030049,1,C,2025-06-22,84,Exempt Property
0710430030049,1484665,C,2016-02-29,31,"Addtns, Remodels, Lease Space"
0710430030050,1,C,2008-09-13,50,Disaster Review
0710430030052,1329647,C,2012-10-23,30,New Building
0710430030052,1898047,C,2022-09-13,30,New Building
0710430030052,1898048,C,2022-09-13,30,New Building
0710430030062,1,C,2024-04-23,35,Fire Reports
0710430030068,1509165,C,2016-09-07,13,Residential Demolition
0710430030072,1,C,2008-09-13,50,Disaster Review
0710430030072,1485801,C,2016-03-01,13,Residential Demolition
0710430030073,1,C,2017-01-20,17,Disaster Repair
0710430040067,1979055,C,2024-05-14,31,"Addtns, Remodels, Lease Space"
0710430050102,1122948,C,2007-12-11,11,Additions or Remodeling
0710430050109,1,C,2008-09-13,50,Disaster Review
0710430050124,949608,C,2004-03-02,30,New Building
0710430050124,1199430,C,2009-07-14,31,"Addtns, Remodels, Lease Space"
0710430050124,1220233,C,2010-03-11,31,"Addtns, Remodels, Lease Space"
0710430050124,1370185,C,2013-09-24,31,"Addtns, Remodels, Lease Space"
0710430050124,1725559,C,2019-06-07,30,New Building
0710430050145,1426357,C,2014-12-08,31,"Addtns, Remodels, Lease Space"
0710430050145,1426359,C,2014-12-08,30,New Building
0710430050145,1670204,C,2018-06-13,31,"Addtns, Remodels, Lease Space"
0710440070216,965570,C,2004-12-29,31,"Addtns, Remodels, Lease Space"
0710440070216,1009861,C,2005-03-17,31,"Addtns, Remodels, Lease Space"
0710440070219,1807499,C,2021-01-22,12,Repairs (Foundation / GM)
0710440070223,1,C,2008-09-13,50,Disaster Review
0710440070232,1,C,2010-04-21,15,Relocation / Bldg Move
0710440080197,1520225,C,2016-12-19,30,New Building
0710440080198,1,C,2021-11-18,11,Additions or Remodeling
0710440080199,1,C,1899-12-30,07,Extra Features (OB&Y)
0710440080199,1741386,C,2019-10-10,12,Repairs (Foundation / GM)
0710440080199,2033530,M,2025-06-24,11,Additions or Remodeling
0710440090204,999758,C,2005-08-09,11,Additions or Remodeling
0710440090204,1082258,C,2007-04-18,11,Additions or Remodeling
0710440090204,2013054,C,2025-01-29,11,Additions or Remodeling
0710440090205,1,C,2008-09-13,50,Disaster Review
0710440090205,1200145,C,2009-07-24,11,Additions or Remodeling
0710440090208,1,C,2003-11-11,16,Fire Reports
0710440090208,1125326,C,2007-02-02,13,Residential Demolition
0710440090208,1401619,C,2014-05-23,40,New Building
0710440090208,1406552,C,2014-06-17,30,New Building
0710440090208,1406559,C,2014-06-17,30,New Building
0710440090208,1438268,C,2015-03-31,31,"Addtns, Remodels, Lease Space"
0710440090208,1506828,C,2016-08-31,31,"Addtns, Remodels, Lease Space"
0710440090210,2,C,2019-06-06,07,Extra Features (OB&Y)
0710440090210,3,C,2020-03-18,07,Extra Features (OB&Y)
0710440090210,4,C,2020-03-18,07,Extra Features (OB&Y)
0710440090210,1018051,C,2005-02-01,10,New Dwelling - permit
0710440090211,1064854,C,2006-10-26,10,New Dwelling - permit
0710440090227,957532,C,2004-11-04,11,Additions or Remodeling
0710440090227,957533,C,2008-09-13,50,Disaster Review
0710440090228,1880878,C,2022-06-02,10,New Dwelling - permit
0710440090229,1440686,C,2015-04-15,10,New Dwelling - permit
0710440090230,1,C,2006-07-18,13,Residential Demolition
0710440090230,1078815,C,2007-02-15,10,New Dwelling - permit
0710440090230,1125186,C,2007-01-11,13,Residential Demolition
0710440090230,1125187,C,2008-09-13,50,Disaster Review
0710440090233,1,C,2003-07-02,10,New Dwelling - permit
0710440090234,1680129,C,2018-08-24,11,Additions or Remodeling
0710440090236,1539580,C,2017-05-02,07,Extra Features (OB&Y)
0710440090236,1674375,C,2018-07-03,11,Additions or Remodeling
0710440090236,1794600,C,2020-10-15,11,Additions or Remodeling
0710440090243,1,C,2008-09-13,50,Disaster Review
0710440100247,1,C,2023-01-06,13,Residential Demolition
0710440100250,929501,C,2004-05-24,11,Additions or Remodeling
0710440100251,1,C,2025-12-24,11,Additions or Remodeling
0710440100255,1,C,2025-04-15,11,Additions or Remodeling
0710440100255,2009109,C,2024-12-05,50,Disaster Review
0710440100256,1,C,2003-06-13,10,New Dwelling - permit
0710440100261,1,C,2001-10-09,17,Disaster Repair
0710440100261,1765125,C,2020-03-09,07,Extra Features (OB&Y)
0710440100262,1343353,C,2013-02-21,11,Additions or Remodeling
0710440100264,1,C,2008-09-13,50,Disaster Review
0710440100264,1347268,C,2013-03-25,11,Additions or Remodeling
0710440100264,1775315,C,2020-06-16,11,Additions or Remodeling
0710440100265,1833762,C,2021-07-15,12,Repairs (Foundation / GM)
0710440100274,1680130,C,2018-08-21,31,"Addtns, Remodels, Lease Space"
0710440100274,1780492,C,2020-07-27,30,New Building
0710440100277,1,C,2008-09-13,50,Disaster Review
0710440100281,1,C,2001-09-24,17,Disaster Repair
0710440100281,1145105,C,2008-06-03,11,Additions or Remodeling
0710440100281,1309269,C,2012-05-15,11,Additions or Remodeling
0710440100281,1320424,C,2012-08-14,11,Additions or Remodeling
0710440100303,1260840,C,2011-02-21,31,"Addtns, Remodels, Lease Space"
0710440100304,1,C,2025-12-24,11,Additions or Remodeling
0710440110284,1954859,C,2023-11-15,31,"Addtns, Remodels, Lease Space"
0710440110292,1,C,2004-01-26,39,New Construction w/o Permit
0710440120320,1269131,C,2011-05-06,30,New Building
0710440130284,1170039,C,2008-10-16,31,"Addtns, Remodels, Lease Space"
0710440130291,1,C,2008-09-13,50,Disaster Review
0710440130291,1670205,C,2018-06-20,13,Residential Demolition
0710440130294,1699557,C,2018-04-18,12,Repairs (Foundation / GM)
0710440130295,1,C,1899-12-30,11,Additions or Remodeling
0710440130295,1381466,C,2013-12-26,07,Extra Features (OB&Y)
0710440130295,1643329,C,2018-01-19,07,Extra Features (OB&Y)
0710440130299,1447820,C,2015-06-04,11,Additions or Remodeling
0710440130299,1450044,C,2015-06-30,13,Residential Demolition
0710440130302,1489127,C,2016-04-11,31,"Addtns, Remodels, Lease Space"
0710440130306,2,C,2025-06-09,11,Additions or Remodeling
0710440130306,1509445,C,2016-09-02,11,Additions or Remodeling
0710440130306,1509448,C,2016-09-02,11,Additions or Remodeling
0710440130306,1509451,C,2016-09-02,07,Extra Features (OB&Y)
0710440130306,2037939,C,2025-07-25,11,Additions or Remodeling
0710440130314,1,C,2008-09-13,50,Disaster Review
0710440130314,1979056,M,2025-03-10,10,New Dwelling - permit
0710440130315,1,C,2008-09-13,50,Disaster Review
0710440130315,1522726,C,2017-01-04,10,New Dwelling - permit
0710440140332,1,C,2001-10-31,10,New Dwelling - permit
0710440140333,1771804,C,2020-05-27,07,Extra Features (OB&Y)
0710440140334,1,C,2008-09-13,50,Disaster Review
0710440140339,1194842,C,2009-05-13,31,"Addtns, Remodels, Lease Space"
0710440140339,1200436,C,2009-07-29,30,New Building
0710440140339,1200437,C,2009-07-29,30,New Building
0710440140339,1535772,C,2017-03-21,31,"Addtns, Remodels, Lease Space"
0710440140340,1442476,C,2015-03-19,31,"Addtns, Remodels, Lease Space"
0710440140351,1065024,C,2006-09-15,10,New Dwelling - permit
0710440150342,2,C,2025-10-04,35,Fire Reports
0710440150342,1932416,C,2023-06-29,30,New Building
0710440150342,1982957,C,2024-06-11,31,"Addtns, Remodels, Lease Space"
0710440150342,1982958,C,2024-06-11,31,"Addtns, Remodels, Lease Space"
0710440150353,1,C,2003-07-01,10,New Dwelling - permit
0710440150354,1,C,2001-06-08,09,New Dwelling - no permit
0710440150354,2,C,2009-01-01,11,Additions or Remodeling
0710440150355,1078568,C,2007-01-12,10,New Dwelling - permit
0710440160151,1,C,2025-06-29,35,Fire Reports
0710440170362,3,C,2018-11-24,35,Fire Reports
0710440180371,966117,C,2004-12-15,12,Repairs (Foundation / GM)
0710440180371,1657490,C,2018-04-02,07,Extra Features (OB&Y)
0710440180372,1950987,C,2023-10-24,31,"Addtns, Remodels, Lease Space"
0710440180374,1,C,1899-12-30,12,Repairs (Foundation / GM)
0710440180375,1243867,C,2010-09-15,13,Residential Demolition
0710440180375,1283381,C,2011-09-16,30,New Building
0710440180375,1380387,C,2013-12-10,30,New Building
0710440180375,1731283,C,2019-08-15,10,New Dwelling - permit
0710440180380,1062424,C,2006-10-13,10,New Dwelling - permit
0710440180384,1286629,C,2011-10-04,31,"Addtns, Remodels, Lease Space"
0710440180384,1903266,C,2022-11-18,31,"Addtns, Remodels, Lease Space"
0710440180384,1906814,C,2022-12-20,31,"Addtns, Remodels, Lease Space"
0710440180384,2041950,M,2025-08-26,30,New Building
0710440180387,1,C,2008-09-13,50,Disaster Review
0710440180387,2,C,2013-01-20,35,Fire Reports
0710440180387,1453598,C,2015-07-23,31,"Addtns, Remodels, Lease Space"
0710440180387,1462836,C,2015-09-16,30,New Building
0710440180389,1,C,1899-12-30,07,Extra Features (OB&Y)
0710440180389,1741387,C,2019-10-29,10,New Dwelling - permit
0710440190390,1,C,2006-03-24,84,Exempt Property
0710440190390,1735549,C,2019-09-24,30,New Building
0710440190395,1169718,C,2008-10-10,31,"Addtns, Remodels, Lease Space"
0710440190395,1190441,C,2009-03-09,11,Additions or Remodeling
0710440190395,1255708,C,2011-01-25,09,New Dwelling - no permit
0710440190399,1,C,2006-01-09,11,Additions or Remodeling
0710440200402,1,C,2021-02-06,35,Fire Reports
0710440200404,1169596,C,2008-10-09,11,Additions or Remodeling
0710440210408,1200751,C,2009-09-01,31,"Addtns, Remodels, Lease Space"
0710440210408,1545518,C,2017-07-26,30,New Building
0710440210408,1545519,C,2017-07-05,32,"Paving, Parking Lot, Slab"
0710440210408,1770112,C,2020-04-06,31,"Addtns, Remodels, Lease Space"
0710440210411,1809121,C,2021-01-14,31,"Addtns, Remodels, Lease Space"
0710440210411,1809122,C,2021-01-14,31,"Addtns, Remodels, Lease Space"
0710440220001,1,C,2014-06-03,31,"Addtns, Remodels, Lease Space"
0710440220001,1469893,C,2015-11-05,31,"Addtns, Remodels, Lease Space"
0710440230001,1,C,2016-09-19,13,Residential Demolition
0710440230001,2,C,2016-08-26,07,Extra Features (OB&Y)
0710440230002,1697737,C,2018-04-24,31,"Addtns, Remodels, Lease Space"
0731850000005,1362413,C,2013-07-11,13,Residential Demolition
0731850000017,1167507,C,2008-09-30,10,New Dwelling - permit
0731850000024,1120847,C,2007-10-26,30,New Building
0731850000024,1164701,C,2008-08-11,31,"Addtns, Remodels, Lease Space"
0731850000026,1,C,1899-12-30,07,Extra Features (OB&Y)
0731850000031,1,C,2010-03-04,11,Additions or Remodeling
0731850000031,2,C,2011-03-09,09,New Dwelling - no permit
0731850000031,1247821,C,2010-10-29,11,Additions or Remodeling
0731850000031,1288328,C,2011-10-27,07,Extra Features (OB&Y)
0731850000032,1139482,C,2008-03-20,13,Residential Demolition
0731850000033,1190619,C,2009-03-11,10,New Dwelling - permit
0731850000033,1395647,C,2014-04-08,11,Additions or Remodeling
0731850000035,2,C,1899-12-30,11,Additions or Remodeling
0731850000049,1,C,2022-04-26,10,New Dwelling - permit
0731850000050,2,C,2005-01-11,07,Extra Features (OB&Y)
0731850000051,1185094,C,2009-01-06,11,Additions or Remodeling
0731850000051,1193460,C,2009-04-24,11,Additions or Remodeling
0731850000057,1,C,2007-01-16,11,Additions or Remodeling
0731850000057,1029226,C,2006-06-21,15,Relocation / Bldg Move
0731850000058,1241969,C,2010-08-30,15,Relocation / Bldg Move
0731850000061,1138687,C,2008-03-11,12,Repairs (Foundation / GM)
0731850000075,1362418,C,2013-07-11,33,Commercial Demolition
0731850000077,1717769,C,2019-05-29,13,Residential Demolition
0731850000079,1,C,2003-01-09,31,"Addtns, Remodels, Lease Space"
0731850000088,1794688,C,2020-10-26,31,"Addtns, Remodels, Lease Space"
0731850000090,2,C,2008-01-01,07,Extra Features (OB&Y)
0731850000090,1145586,C,2008-06-09,31,"Addtns, Remodels, Lease Space"
0731850000090,1198615,C,2009-06-23,31,"Addtns, Remodels, Lease Space"
0731850000100,1220722,C,2010-03-17,31,"Addtns, Remodels, Lease Space"
0731850000100,1226910,C,2010-04-02,30,New Building
0731850000101,1215326,C,2009-12-30,15,Relocation / Bldg Move
0731850000103,1,C,2012-12-07,16,Fire Reports
0731850000103,1346847,C,2013-03-19,16,Fire Reports
0731850000107,1,C,2017-12-21,11,Additions or Remodeling
0731850000107,1420307,C,2014-10-06,11,Additions or Remodeling
0731850000108,2,C,2012-07-30,09,New Dwelling - no permit
0731850000116,2,C,2010-11-18,13,Residential Demolition
0731850000116,1323694,C,2012-09-07,13,Residential Demolition
0731850000116,1324653,C,2012-09-20,10,New Dwelling - permit
0731850000122,1,C,1899-12-30,07,Extra Features (OB&Y)
0731850000122,1005548,C,2005-04-12,10,New Dwelling - permit
0731850000128,1,C,2011-07-14,12,Repairs (Foundation / GM)
0731850000135,924494,C,2004-01-05,10,New Dwelling - permit
0731850000137,1,C,2023-01-24,07,Extra Features (OB&Y)
0731850000137,1758011,C,2019-09-10,10,New Dwelling - permit
0731850000143,1,C,2025-02-23,12,Repairs (Foundation / GM)
0731850000143,963797,C,2004-03-26,10,New Dwelling - permit
0731850000148,982547,C,2005-08-26,10,New Dwelling - permit
0731850000151,1084580,C,2007-05-21,10,New Dwelling - permit
0731850000167,2024104,M,2025-03-17,31,"Addtns, Remodels, Lease Space"
0731850000167,2024105,M,2025-03-17,31,"Addtns, Remodels, Lease Space"
0731850000167,2024106,M,2025-03-17,31,"Addtns, Remodels, Lease Space"
0731850000167,2024107,M,2025-03-17,31,"Addtns, Remodels, Lease Space"
0731850000167,2024108,M,2025-03-17,31,"Addtns, Remodels, Lease Space"
0731850000172,1416870,C,2014-09-09,30,New Building
0731850000176,1713463,C,2019-04-18,13,Residential Demolition
0731850000176,1716457,C,2019-01-22,31,"Addtns, Remodels, Lease Space"
0731850000176,1749813,C,2019-04-18,13,Residential Demolition
0731850000191,1,C,2008-08-13,15,Relocation / Bldg Move
0731850000192,1,C,2005-06-03,10,New Dwelling - permit
0731850000197,1350514,C,2013-04-19,15,Relocation / Bldg Move
0731850000197,1358833,C,2013-06-20,07,Extra Features (OB&Y)
0731850000197,1358834,C,2013-06-20,07,Extra Features (OB&Y)
0731850000197,1358835,C,2013-06-20,07,Extra Features (OB&Y)
0731850000201,1,C,2000-05-09,17,Disaster Repair
0731850000203,978545,C,2005-05-20,10,New Dwelling - permit
0731850000203,1116461,C,2007-10-12,12,Repairs (Foundation / GM)
0731850000206,1314487,C,2012-06-26,10,New Dwelling - permit
0731850000209,1251045,C,2010-12-08,09,New Dwelling - no permit
0731850000210,1246459,C,2010-10-08,10,New Dwelling - permit
0731850000211,2,C,2017-10-16,07,Extra Features (OB&Y)
0731850000214,1214003,C,2009-12-07,13,Residential Demolition
0731850000214,1906875,C,2022-12-07,10,New Dwelling - permit
0731850000218,1003310,C,2005-07-25,10,New Dwelling - permit
0731850000218,1807584,C,2021-01-13,07,Extra Features (OB&Y)
0731850000221,1,C,2010-04-21,11,Additions or Remodeling
0731850000228,1434391,C,2015-02-04,13,Residential Demolition
0731850000228,1448142,C,2015-06-09,11,Additions or Remodeling
0731850000228,1466302,C,2015-10-07,09,New Dwelling - no permit
0731850000233,2,C,2019-03-12,13,Residential Demolition
0731850000233,3,C,2020-03-18,09,New Dwelling - no permit
0731850000233,4,C,2020-03-18,09,New Dwelling - no permit
0731850000233,1698853,C,2018-06-04,10,New Dwelling - permit
0731850000236,1483658,C,2016-02-11,31,"Addtns, Remodels, Lease Space"
0731850000238,1,C,2010-11-23,31,"Addtns, Remodels, Lease Space"
0731850000239,1250290,C,2010-11-23,31,"Addtns, Remodels, Lease Space"
0731850000242,1,C,2011-01-26,16,Fire Reports
0731850000245,1198968,C,2009-07-07,31,"Addtns, Remodels, Lease Space"
0731850000257,1,M,2023-05-17,30,New Building
0731850000262,3,C,1899-12-30,13,Residential Demolition
0731850000270,1229879,C,2010-05-11,10,New Dwelling - permit
0731850000274,1366114,C,2013-08-06,10,New Dwelling - permit
0731850000274,1731353,C,2019-08-05,11,Additions or Remodeling
0731850000276,1510419,C,2016-09-27,11,Additions or Remodeling
0731850000277,1,C,2003-11-13,12,Repairs (Foundation / GM)
0731850000281,1287601,C,2011-10-18,15,Relocation / Bldg Move
0731850000281,1507167,C,2016-03-03,10,New Dwelling - permit
0731850000282,1306730,C,2012-04-13,10,New Dwelling - permit
0731850000285,1,C,2003-05-14,12,Repairs (Foundation / GM)
0731850000297,1373119,C,2013-10-02,31,"Addtns, Remodels, Lease Space"
0731850000297,1375112,C,2013-10-29,31,"Addtns, Remodels, Lease Space"
0731850000297,1683215,C,2018-09-04,10,New Dwelling - permit
0731850000303,1,C,1899-12-30,10,New Dwelling - permit
0731850000303,1731354,C,2019-08-16,13,Residential Demolition
0731850000303,2057628,C,2025-12-09,12,Repairs (Foundation / GM)
0731850000306,1647209,C,2018-02-21,10,New Dwelling - permit
0731850000326,1686961,C,2018-10-31,07,Extra Features (OB&Y)
0731850000338,1414438,C,2014-08-20,30,New Building
0731850000338,1421628,C,2014-10-24,31,"Addtns, Remodels, Lease Space"
0731850000338,1473748,C,2015-12-03,13,Residential Demolition
0731850000338,1653077,C,2018-03-06,10,New Dwelling - permit
0731850000339,1473808,C,2015-12-04,13,Residential Demolition
0731850000341,1,C,2015-03-06,07,Extra Features (OB&Y)
0731850000341,1352485,C,2013-05-06,07,Extra Features (OB&Y)
0731850000344,1122805,C,2007-12-07,11,Additions or Remodeling
0731850000348,1851569,C,2021-11-23,10,New Dwelling - permit
0731850000351,1653078,C,2018-03-22,10,New Dwelling - permit
0731850000364,1833843,C,2021-07-09,50,Disaster Review
0731850000365,1563718,C,2017-11-02,07,Extra Features (OB&Y)
0731850000367,1236450,C,2010-07-06,10,New Dwelling - permit
0731850000369,1236449,C,2010-07-06,10,New Dwelling - permit
0731850000369,1343690,C,2013-02-26,10,New Dwelling - permit
0731850000372,2,C,2022-06-15,09,New Dwelling - no permit
0731850000378,1318895,C,2012-07-25,31,"Addtns, Remodels, Lease Space"
0731850000378,1780578,C,2020-07-29,30,New Building
0731850000383,1329748,C,2012-10-24,31,"Addtns, Remodels, Lease Space"
0731850000403,2,C,1899-12-30,43,Demolition
0731850000403,1483743,C,2016-02-12,11,Additions or Remodeling
0731850000414,1424745,C,2014-11-25,11,Additions or Remodeling
0731850000416,1025396,C,2006-03-08,10,New Dwelling - permit
0731850000448,1876929,C,2022-05-10,10,New Dwelling - permit
0731850000451,1868030,C,2022-03-28,30,New Building
0731850000464,980800,C,2005-07-20,11,Additions or Remodeling
0731850000473,1741468,C,2019-10-01,11,Additions or Remodeling
0731850000480,1833844,C,2021-07-16,11,Additions or Remodeling
0731850000480,1983016,M,2025-03-10,10,New Dwelling - permit
0731850000480,2005545,C,2024-11-21,13,Residential Demolition
0731850000482,957876,C,2004-11-12,11,Additions or Remodeling
0731850000482,1030686,C,2006-07-05,07,Extra Features (OB&Y)
0731850000490,1,C,2025-11-08,35,Fire Reports
0731850000494,2,C,2024-02-02,13,Residential Demolition
0731850000596,1906062,C,2022-11-28,32,"Paving, Parking Lot, Slab"
0731850000606,1,C,2023-07-26,10,New Dwelling - permit
0731850000606,2,C,2023-03-03,10,New Dwelling - permit
0731850000662,2,C,2019-05-23,35,Fire Reports
0731850000666,2,C,2019-06-06,07,Extra Features (OB&Y)
0731850000666,1690680,C,2018-11-29,07,Extra Features (OB&Y)
0731850000666,1775415,C,2020-06-17,10,New Dwelling - permit
0731850000667,1,C,2003-11-12,15,Relocation / Bldg Move
0731850000668,1,C,2003-02-11,10,New Dwelling - permit
0731850000669,949632,C,2004-06-18,10,New Dwelling - permit
0731850000669,980566,C,2005-06-17,07,Extra Features (OB&Y)
0731850000672,1299560,C,2012-02-16,10,New Dwelling - permit
0731850000672,1706459,C,2019-01-30,07,Extra Features (OB&Y)
0731850000675,1814425,C,2021-03-27,10,New Dwelling - permit
0731850000676,2,C,2007-07-16,09,New Dwelling - no permit
0731850000686,1,C,2008-09-30,10,New Dwelling - permit
0731850000695,1526042,C,2017-02-02,12,Repairs (Foundation / GM)
0731850000695,1706460,C,2019-02-21,12,Repairs (Foundation / GM)
0731850000696,1,C,2008-09-30,10,New Dwelling - permit
0731850000697,1,C,2008-09-30,10,New Dwelling - permit
0731850000712,1,C,1899-12-30,07,Extra Features (OB&Y)
0731850010001,1,C,2017-12-07,30,New Building
0731850010001,2,C,2018-05-24,30,New Building
0731850010001,3,C,2018-02-22,31,"Addtns, Remodels, Lease Space"
0731850010001,4,C,1899-12-30,30,New Building
0731850010001,1768760,C,2020-04-14,31,"Addtns, Remodels, Lease Space"
0731850010001,2024980,M,2025-04-09,31,"Addtns, Remodels, Lease Space"
0790430010001,1,C,1899-12-30,31,"Addtns, Remodels, Lease Space"
0790430010001,2,C,2010-05-26,31,"Addtns, Remodels, Lease Space"
0790430010001,5,C,1899-12-30,31,"Addtns, Remodels, Lease Space"
0790430010002,937473,C,2004-04-06,31,"Addtns, Remodels, Lease Space"
0790430010002,1232493,C,2010-05-26,31,"Addtns, Remodels, Lease Space"
0790430010002,1426103,C,2014-12-23,31,"Addtns, Remodels, Lease Space"
0790430010003,1702690,C,2019-01-02,30,New Building
0790430010006,1,C,2003-09-29,31,"Addtns, Remodels, Lease Space"
0790430010007,2051576,C,2025-10-22,32,"Paving, Parking Lot, Slab"
0790430010007,2053905,M,2025-11-21,31,"Addtns, Remodels, Lease Space"
0790430010007,2053906,M,2025-11-18,30,New Building
0790430010007,2053907,M,2025-11-18,30,New Building
0790430010012,2,C,2007-01-12,13,Residential Demolition
0790430010012,3,C,2009-08-17,13,Residential Demolition
0790430010016,1,C,2015-01-02,09,New Dwelling - no permit
0790430010016,1540890,C,2017-06-22,14,RP Mobile Home w/ Land
0790430020020,1,C,2013-07-24,30,New Building
0790430020020,1012419,C,2005-12-27,30,New Building
0790430020021,1901174,C,2022-10-05,30,New Building
0790430020022,1,C,2003-06-04,31,"Addtns, Remodels, Lease Space"
0790430020022,983786,C,2005-01-10,31,"Addtns, Remodels, Lease Space"
0790430020022,1173701,C,2008-12-10,10,New Dwelling - permit
0790430020022,1245547,C,2010-10-15,32,"Paving, Parking Lot, Slab"
0790430020022,1259147,C,2011-02-11,30,New Building
0790430020022,1259148,C,2011-02-11,32,"Paving, Parking Lot, Slab"
0790430020029,1,C,2001-06-08,17,Disaster Repair
0790430020040,1222555,C,2010-01-29,14,RP Mobile Home w/ Land
0790430020041,1663175,C,2018-05-09,50,Disaster Review
0790430030048,2,M,1899-12-30,13,Residential Demolition
0790430030048,1663176,C,2018-05-09,50,Disaster Review
0790430030054,1,C,1899-12-30,09,New Dwelling - no permit
0790430030054,1663177,C,2018-05-09,50,Disaster Review
0790430030056,1,C,2012-01-01,13,Residential Demolition
0790430030056,1293627,C,2011-12-13,10,New Dwelling - permit
0790430030058,1007265,C,2005-11-03,31,"Addtns, Remodels, Lease Space"
0790430030061,1,C,1899-12-30,07,Extra Features (OB&Y)
0790430030065,997107,C,2005-06-07,11,Additions or Remodeling
0790430030067,1,C,2014-01-01,11,Additions or Remodeling
0790430030067,1398303,C,2014-04-11,07,Extra Features (OB&Y)
0790430030067,1423076,C,2014-11-21,10,New Dwelling - permit
0790430030068,1107090,C,2007-10-02,16,Fire Reports
0790430030072,1635128,C,2017-12-05,14,RP Mobile Home w/ Land
0790430040083,1530725,C,2017-03-13,14,RP Mobile Home w/ Land
0790430040085,1840484,C,2021-08-25,14,RP Mobile Home w/ Land
0790430040086,1,C,2023-01-12,13,Residential Demolition
0790430040086,1901175,C,2022-10-26,10,New Dwelling - permit
0790430040096,1639938,C,2017-08-23,50,Disaster Review
0790430040102,1,C,1899-12-30,07,Extra Features (OB&Y)
0790430050105,1090603,C,2007-03-13,10,New Dwelling - permit
0790430050105,1639940,C,2017-08-23,50,Disaster Review
0790430050105,1826104,C,2021-05-06,11,Additions or Remodeling
0790430050114,2,C,2020-04-20,07,Extra Features (OB&Y)
0790430050115,1,C,2003-12-04,09,New Dwelling - no permit
0790430050118,1,C,2005-10-24,11,Additions or Remodeling
0790430050119,1418994,C,2014-10-02,14,RP Mobile Home w/ Land
0790430050120,1787602,C,2020-08-18,14,RP Mobile Home w/ Land
0790430050121,1711539,C,2019-03-22,14,RP Mobile Home w/ Land
0790430050122,1,C,2002-12-18,17,Disaster Repair
0790430050122,1534260,C,2017-04-26,11,Additions or Remodeling
0790430050124,1,C,2001-06-08,17,Disaster Repair
0790430050124,2,C,2006-10-03,17,Disaster Repair
0790430050128,1777324,C,2020-06-29,14,RP Mobile Home w/ Land
0790430050128,1791956,C,2020-09-17,14,RP Mobile Home w/ Land
0790430060133,1402260,C,2014-05-01,07,Extra Features (OB&Y)
0790430060140,941066,C,2004-07-08,31,"Addtns, Remodels, Lease Space"
0790430060143,2,C,2018-03-05,13,Residential Demolition
0790430060143,1719744,C,2019-05-09,14,RP Mobile Home w/ Land
0790430060145,1639946,C,2017-08-23,50,Disaster Review
0790430060149,1639950,C,2017-08-23,50,Disaster Review
0790430070156,1782710,C,2020-07-27,14,RP Mobile Home w/ Land
0790430070157,2026721,M,2025-04-30,14,RP Mobile Home w/ Land
0790430080158,1582901,C,2017-08-23,50,Disaster Review
0790430080159,1582902,C,2017-08-23,50,Disaster Review
0790430080160,1582903,C,2017-08-23,50,Disaster Review
0790430080162,1582904,C,2017-08-23,50,Disaster Review
0790430080162,1667324,C,2018-06-21,50,Disaster Review
0790430080162,1878463,C,2022-05-23,07,Extra Features (OB&Y)
0790430080163,1,C,2001-06-08,13,Residential Demolition
0790430080166,1,C,2003-12-04,15,Relocation / Bldg Move
0790430080166,1582907,C,2017-08-23,50,Disaster Review
0790430080171,1,C,2006-01-12,11,Additions or Remodeling
0790430080171,987070,C,2005-03-01,07,Extra Features (OB&Y)
0790430080173,1639953,C,2017-08-23,50,Disaster Review
0790430090175,1294131,C,2011-12-30,14,RP Mobile Home w/ Land
0790430090175,1294132,C,2011-12-30,07,Extra Features (OB&Y)
0790430090181,1341705,C,2013-02-28,14,RP Mobile Home w/ Land
0790430090185,1672254,C,2018-07-24,14,RP Mobile Home w/ Land
0790430100193,1355935,C,2013-05-22,14,RP Mobile Home w/ Land
0790430100194,1,C,2009-06-17,15,Relocation / Bldg Move
0790430100198,1179410,C,2009-03-25,07,Extra Features (OB&Y)
0790430100198,1289082,C,2011-11-08,12,Repairs (Foundation / GM)
0790430100203,1639958,C,2017-08-23,50,Disaster Review
0790430100205,1530726,C,2017-03-16,10,New Dwelling - permit
0790430100207,1,C,2007-02-12,07,Extra Features (OB&Y)
0790430100207,1639959,C,2017-08-23,50,Disaster Review
0790430100209,1639961,C,2017-08-23,50,Disaster Review
0790430100210,1447103,C,2015-06-24,12,Repairs (Foundation / GM)
0790430100212,1639963,C,2017-08-23,50,Disaster Review
0790430100213,2043793,M,2025-08-15,07,Extra Features (OB&Y)
0790430100215,1423175,C,2014-11-26,11,Additions or Remodeling
0790430100222,1,C,2011-11-07,15,Relocation / Bldg Move
0790430100226,1639965,C,2017-08-23,50,Disaster Review
0790430100226,1692381,C,2018-11-30,14,RP Mobile Home w/ Land
0790430110227,1,C,2002-04-16,09,New Dwelling - no permit
0790430110228,1582908,C,2017-08-23,50,Disaster Review
0790430110228,1692382,C,2018-11-13,50,Disaster Review
0790430110229,2,C,1899-12-30,12,Repairs (Foundation / GM)
0790430110229,1582909,C,2017-08-23,50,Disaster Review
0790430110231,1582910,C,2017-08-23,50,Disaster Review
0790430110233,1667325,C,2018-06-14,50,Disaster Review
0790430110235,1382124,C,2013-12-09,32,"Paving, Parking Lot, Slab"
0790430110235,1382125,C,2013-12-09,30,New Building
0790430110235,1382796,C,2013-12-09,30,New Building
0790430110236,1724250,C,2019-06-12,07,Extra Features (OB&Y)
0790430110237,1944175,C,2023-08-03,07,Extra Features (OB&Y)
0790430110238,1,C,2016-02-11,07,Extra Features (OB&Y)
0790430110238,1200989,C,2009-09-09,10,New Dwelling - permit
0790430110238,1472133,C,2015-12-07,07,Extra Features (OB&Y)
0790430110238,1728769,C,2019-07-31,07,Extra Features (OB&Y)
0790430110242,1375974,C,2013-11-12,14,RP Mobile Home w/ Land
0790430110243,1314870,C,2012-06-08,14,RP Mobile Home w/ Land
0790430110248,1226371,C,2010-04-27,14,RP Mobile Home w/ Land
0790430110249,1222605,C,2010-01-29,14,RP Mobile Home w/ Land
0790430110250,1271729,C,2011-05-18,14,RP Mobile Home w/ Land
0770550000011,1203865,C,2009-08-11,31,"Addtns, Remodels, Lease Space"
0770550000011,1203866,C,2009-08-11,31,"Addtns, Remodels, Lease Space"
0770550000011,1203867,C,2009-08-11,31,"Addtns, Remodels, Lease Space"
0770550000011,1203868,C,2009-08-11,31,"Addtns, Remodels, Lease Space"
0770550000012,1,C,2003-09-29,31,"Addtns, Remodels, Lease Space"
0770550000012,2,C,2008-12-09,31,"Addtns, Remodels, Lease Space"
0770550000012,3,C,2008-12-09,31,"Addtns, Remodels, Lease Space"
0770550000012,4,C,2008-12-09,31,"Addtns, Remodels, Lease Space"
0770550000012,5,C,2008-12-09,31,"Addtns, Remodels, Lease Space"
0770550000012,1013177,C,2005-04-18,30,New Building
0770550000012,1013179,C,2005-04-18,30,New Building
0770550000012,1013181,C,2005-04-18,30,New Building
0770550000013,1,C,2003-03-20,39,New Construction w/o Permit
0770550000013,1085195,C,2007-05-04,31,"Addtns, Remodels, Lease Space"
0770550000013,1670399,C,2018-06-06,31,"Addtns, Remodels, Lease Space"
0770550000020,1167510,C,2008-09-30,10,New Dwelling - permit
0770550000035,1,C,2005-07-14,30,New Building
0770550000035,1146164,C,2008-06-17,31,"Addtns, Remodels, Lease Space"
0770550000035,1236029,C,2010-06-30,31,"Addtns, Remodels, Lease Space"
0770550010001,1205583,C,2009-09-30,31,"Addtns, Remodels, Lease Space"
0770550010001,1205584,C,2009-09-30,31,"Addtns, Remodels, Lease Space"
0770550010001,1205585,C,2008-11-20,31,"Addtns, Remodels, Lease Space"
0770550010001,1352347,C,2013-05-02,31,"Addtns, Remodels, Lease Space"
0770550010001,1352349,C,2013-05-02,31,"Addtns, Remodels, Lease Space"
0770550010001,1352350,C,2013-05-02,31,"Addtns, Remodels, Lease Space"
0770550010001,1352351,C,2013-05-02,31,"Addtns, Remodels, Lease Space"
0770550010001,1352352,C,2013-05-02,31,"Addtns, Remodels, Lease Space"
0770550010001,1683292,C,2018-09-12,31,"Addtns, Remodels, Lease Space"
0770550010001,1683293,C,2018-09-12,31,"Addtns, Remodels, Lease Space"
0770550010001,1683294,C,2018-09-12,31,"Addtns, Remodels, Lease Space"
0770550010001,1683295,C,2018-09-12,31,"Addtns, Remodels, Lease Space"
0770550010001,1683296,C,2018-09-11,30,New Building
1263300010001,1430681,C,2015-02-13,10,New Dwelling - permit
1263300010002,1273185,C,2011-06-23,10,New Dwelling - permit
1263300020001,1041949,C,2006-05-12,10,New Dwelling - permit
1263300020002,1041948,C,2006-05-12,10,New Dwelling - permit
1263300020003,1038417,C,2006-03-30,10,New Dwelling - permit
1263300020004,1038418,C,2006-03-30,10,New Dwelling - permit
1263300020005,1038419,C,2006-03-30,10,New Dwelling - permit
1263300020006,1038416,C,2006-03-30,10,New Dwelling - permit
1263300020007,1038415,C,2006-03-30,10,New Dwelling - permit
1263300020008,1038414,C,2006-03-30,10,New Dwelling - permit
1263300020009,1043300,C,2006-05-31,10,New Dwelling - permit
1263300020010,1042791,C,2006-05-23,10,New Dwelling - permit
1263300020011,1043319,C,2006-05-31,10,New Dwelling - permit
1263300020012,1045299,C,2006-06-30,10,New Dwelling - permit
1263300020013,1046131,C,2006-07-12,10,New Dwelling - permit
1263300020014,1046132,C,2006-07-12,10,New Dwelling - permit
1263300020015,1046133,C,2006-07-12,10,New Dwelling - permit
1263300020016,1046134,C,2006-07-12,10,New Dwelling - permit
1263300020017,1064186,C,2006-11-17,10,New Dwelling - permit
1263300020018,1064188,C,2006-11-17,10,New Dwelling - permit
1263300020019,1064190,C,2006-11-17,10,New Dwelling - permit
1263300020020,1060773,C,2006-10-25,10,New Dwelling - permit
1263300020021,1060774,C,2006-10-25,10,New Dwelling - permit
1263300020022,1060775,C,2006-10-25,10,New Dwelling - permit
1263300020023,1063826,C,2006-11-07,10,New Dwelling - permit
1263300020024,1064191,C,2006-11-17,10,New Dwelling - permit
1263300020025,1064189,C,2006-11-17,10,New Dwelling - permit
1263300020026,1064187,C,2006-11-17,10,New Dwelling - permit
1263300020027,1064185,C,2006-11-17,10,New Dwelling - permit
1263300020027,1672552,C,2018-07-20,11,Additions or Remodeling
1263300020028,1,C,2005-06-21,10,New Dwelling - permit
1263300020029,1153822,C,2008-05-12,10,New Dwelling - permit
1263300020030,1153649,C,2008-05-09,10,New Dwelling - permit
1263300020030,1960722,C,2023-12-12,11,Additions or Remodeling
1263300020031,1153648,C,2008-05-09,10,New Dwelling - permit
1263300020032,1430680,C,2015-02-13,10,New Dwelling - permit
1263300020033,1233330,C,2010-06-10,10,New Dwelling - permit
1263300020034,1265490,C,2011-04-08,10,New Dwelling - permit
1263300030001,1042790,C,2006-05-23,10,New Dwelling - permit
1263300030002,1042789,C,2006-05-23,10,New Dwelling - permit
1263300030003,1042788,C,2006-05-23,10,New Dwelling - permit
1263300030004,1042787,C,2006-05-23,10,New Dwelling - permit
1263300030005,1038420,C,2006-03-30,10,New Dwelling - permit
1263300030006,1035647,C,2006-02-24,10,New Dwelling - permit
1263300030007,1035648,C,2006-02-24,10,New Dwelling - permit
1263300030008,1035649,C,2006-02-24,10,New Dwelling - permit
1263300030009,1033012,C,2006-01-24,10,New Dwelling - permit
1263300030010,1033013,C,2006-01-24,10,New Dwelling - permit
1263300030011,1033014,C,2006-01-24,10,New Dwelling - permit
1263300030012,1031730,C,2006-01-03,10,New Dwelling - permit
1263300040001,1031733,C,2006-01-03,10,New Dwelling - permit
1263300040002,1031732,C,2006-01-03,10,New Dwelling - permit
1263300040003,1031731,C,2006-01-03,10,New Dwelling - permit
1263300040004,1033009,C,2006-01-24,10,New Dwelling - permit
1263300040005,1033010,C,2006-01-24,10,New Dwelling - permit
1263300040006,1033011,C,2006-01-24,10,New Dwelling - permit
1263300040007,1060269,C,2006-10-10,10,New Dwelling - permit
1263300040008,1060268,C,2006-10-10,10,New Dwelling - permit
1263300040009,1060267,C,2006-10-10,10,New Dwelling - permit
1263300040010,1046140,C,2006-07-12,10,New Dwelling - permit
1263300040011,1046138,C,2006-07-12,10,New Dwelling - permit
1263300040012,1046136,C,2006-07-12,10,New Dwelling - permit
1263300040013,1046135,C,2006-07-12,10,New Dwelling - permit
1263300040014,1046137,C,2006-07-12,10,New Dwelling - permit
1263300040015,1046139,C,2006-07-12,10,New Dwelling - permit
1263300040016,1060270,C,2006-10-10,10,New Dwelling - permit
1263300040017,1060772,C,2006-10-25,10,New Dwelling - permit
1263300040018,1060771,C,2006-10-25,10,New Dwelling - permit
1263300040019,1086929,C,2007-01-19,10,New Dwelling - permit
1263300040020,1067252,C,2006-12-20,10,New Dwelling - permit
1263300040021,1086603,C,2007-01-12,10,New Dwelling - permit
1263300040022,1090782,C,2007-03-14,10,New Dwelling - permit
1263300040023,1067254,C,2006-12-20,10,New Dwelling - permit
1263300040024,1086307,C,2007-01-08,10,New Dwelling - permit
1263300040025,1086306,C,2007-01-08,10,New Dwelling - permit
1263300040026,1086308,C,2007-01-08,10,New Dwelling - permit
1263300040027,1064184,C,2006-11-17,10,New Dwelling - permit
1263300040028,1064192,C,2006-11-17,10,New Dwelling - permit
1263300040029,1064193,C,2006-11-17,10,New Dwelling - permit
1263300040030,1086310,C,2007-01-08,10,New Dwelling - permit
1263300040031,1086309,C,2007-01-08,10,New Dwelling - permit
1263300040032,1086311,C,2007-01-08,10,New Dwelling - permit
1263300040033,1086930,C,2007-01-19,10,New Dwelling - permit
1263300040034,1086931,C,2007-01-19,10,New Dwelling - permit
1263300040035,1279690,C,2011-08-19,10,New Dwelling - permit
1263300040037,1224189,C,2010-03-10,10,New Dwelling - permit
1263300040038,1224188,C,2010-03-10,10,New Dwelling - permit
1263300040039,1430679,C,2015-02-13,10,New Dwelling - permit
1263300040040,1153818,C,2008-05-12,10,New Dwelling - permit
1263300040041,1153823,C,2008-05-12,10,New Dwelling - permit
1263300040042,1153820,C,2008-05-12,10,New Dwelling - permit
1263300040043,1153821,C,2008-05-12,10,New Dwelling - permit
1263300040044,1153824,C,2008-05-12,10,New Dwelling - permit
1263300040045,1086934,C,2007-01-19,10,New Dwelling - permit
1263300040045,1153819,C,2008-05-12,10,New Dwelling - permit
1263300050001,1248494,C,2010-11-19,10,New Dwelling - permit
1263300050002,1248493,C,2010-11-19,10,New Dwelling - permit
1263300050003,1430678,C,2015-02-13,10,New Dwelling - permit
1263300050004,1429382,C,2015-01-08,10,New Dwelling - permit
1263300050005,1265153,C,2011-03-30,10,New Dwelling - permit
1263300050006,1430676,C,2015-02-13,10,New Dwelling - permit
1263300050007,1430677,C,2015-02-13,10,New Dwelling - permit
1263300050008,1429381,C,2015-01-08,10,New Dwelling - permit
1263300050009,1429379,C,2015-01-08,10,New Dwelling - permit
1263300050010,1248560,C,2010-11-23,10,New Dwelling - permit
1263300050011,1429380,C,2015-01-08,10,New Dwelling - permit
1263680010004,1223780,C,2010-03-02,10,New Dwelling - permit
1263680010004,1276232,C,2011-07-13,10,New Dwelling - permit
1263680010005,1232308,C,2010-05-24,10,New Dwelling - permit
1263680010006,1,C,2010-04-27,09,New Dwelling - no permit
1263680010007,1223103,C,2010-02-11,10,New Dwelling - permit
1263680010008,1232032,C,2010-05-18,10,New Dwelling - permit
1263680010009,1286142,C,2011-10-20,10,New Dwelling - permit
1263680010010,1245236,C,2010-10-05,10,New Dwelling - permit
1263680010011,1330562,C,2012-11-02,10,New Dwelling - permit
1263680010012,1272064,C,2011-05-27,10,New Dwelling - permit
1263680010013,1355952,C,2013-05-23,10,New Dwelling - permit
1263680010014,1,C,2010-02-22,09,New Dwelling - no permit
1263680010015,1300855,C,2012-03-07,10,New Dwelling - permit
1263680010016,1285474,C,2011-10-03,10,New Dwelling - permit
1263680010017,1325733,C,2012-09-13,10,New Dwelling - permit
1263680010018,1225723,C,2010-04-12,10,New Dwelling - permit
1263680010019,1225680,C,2010-04-09,10,New Dwelling - permit
1263680010020,1293250,C,2011-12-01,10,New Dwelling - permit
1263680010021,1264238,C,2011-03-09,10,New Dwelling - permit
1263680010022,1258152,C,2011-01-10,10,New Dwelling - permit
1263680010023,1301462,C,2012-03-20,10,New Dwelling - permit
1263680010024,1271384,C,2011-05-11,10,New Dwelling - permit
1263680010025,1293246,C,2011-12-01,10,New Dwelling - permit
1263680010026,1,C,2024-09-02,50,Disaster Review
1263680010026,1360389,C,2013-07-05,10,New Dwelling - permit
1263680010027,1314600,C,2012-06-04,10,New Dwelling - permit
1263680010028,1340589,C,2013-02-06,10,New Dwelling - permit
1263680010029,1226483,C,2010-04-28,10,New Dwelling - permit
1263680010030,1334143,C,2012-12-10,10,New Dwelling - permit
1263680010031,1201088,C,2009-09-10,10,New Dwelling - permit
1263680010032,1182224,C,2009-06-03,10,New Dwelling - permit
1263680010033,1182320,C,2009-06-04,10,New Dwelling - permit
1263680010034,1429562,C,2015-01-14,10,New Dwelling - permit
1263680010035,1413197,C,2014-08-28,10,New Dwelling - permit
1263680010036,1210843,C,2009-12-03,10,New Dwelling - permit
1263680010037,1225722,C,2010-04-12,10,New Dwelling - permit
1263680010038,1317165,C,2012-07-31,10,New Dwelling - permit
1263680010039,1222819,C,2010-02-04,10,New Dwelling - permit
1263680010040,1315405,C,2012-06-20,10,New Dwelling - permit
1263680010041,2,C,2011-02-16,07,Extra Features (OB&Y)
1263680010041,1222892,C,2010-02-08,10,New Dwelling - permit
1263690040001,1,C,2012-01-17,09,New Dwelling - no permit
1263690040002,1317008,C,2012-07-27,10,New Dwelling - permit
1263690040003,1315428,C,2012-06-21,10,New Dwelling - permit
1263690040004,1340069,C,2013-01-24,10,New Dwelling - permit
1263690040005,1314523,C,2012-06-01,10,New Dwelling - permit
1263690040006,1334527,C,2012-12-19,10,New Dwelling - permit
1263690040007,1242707,C,2010-09-22,10,New Dwelling - permit
1263690040008,1,C,2011-04-29,09,New Dwelling - no permit
1263690040009,1238934,C,2010-07-27,10,New Dwelling - permit
1263690040010,1242708,C,2010-09-22,10,New Dwelling - permit
1263690040011,1314861,C,2012-06-08,10,New Dwelling - permit
1263690040012,1,C,1899-12-30,09,New Dwelling - no permit
1263690040012,1294721,C,2012-01-11,10,New Dwelling - permit
1263690040013,1322424,C,2012-08-14,10,New Dwelling - permit
1263690040014,1276091,C,2011-07-08,10,New Dwelling - permit
1263690040015,1242704,C,2010-09-22,10,New Dwelling - permit
1263690040016,1242706,C,2010-09-22,10,New Dwelling - permit
1263690040017,1341631,C,2013-02-27,10,New Dwelling - permit
1263690040018,1330654,C,2012-11-06,10,New Dwelling - permit
1263690040019,1,C,2011-01-01,09,New Dwelling - no permit
1263690040019,1316067,C,2012-07-06,10,New Dwelling - permit
1263690040019,1340867,C,2013-02-11,10,New Dwelling - permit
1263690040020,1322777,C,2012-08-21,10,New Dwelling - permit
1263690040020,1443158,C,2015-05-11,11,Additions or Remodeling
1263690040021,1315724,C,2012-06-28,10,New Dwelling - permit
1263690040022,1285051,C,2011-09-20,10,New Dwelling - permit
1263690040023,1322043,C,2012-08-06,10,New Dwelling - permit
1263690040024,1334741,C,2012-12-27,10,New Dwelling - permit
1263690040025,1330936,C,2012-11-14,10,New Dwelling - permit
1263690040026,1341380,C,2013-02-21,10,New Dwelling - permit
1263690040027,1316068,C,2012-07-06,10,New Dwelling - permit
1263690040028,1316980,C,2012-07-26,10,New Dwelling - permit
1263690040029,1314868,C,2012-06-08,10,New Dwelling - permit
1263690040030,1258045,C,2011-01-05,10,New Dwelling - permit
1263690040031,1272447,C,2011-06-07,10,New Dwelling - permit
1263690040032,1242705,C,2010-09-22,10,New Dwelling - permit
1263690040033,1321864,C,2012-08-01,10,New Dwelling - permit
1263690040034,1341562,C,2013-02-26,10,New Dwelling - permit
1263690040035,1344120,C,2013-03-04,10,New Dwelling - permit
1263690040036,1341633,C,2013-02-27,10,New Dwelling - permit
1263690040037,1316071,C,2012-07-06,10,New Dwelling - permit
1263690050012,1271150,C,2011-05-06,10,New Dwelling - permit
1263690050013,1334831,C,2012-12-28,10,New Dwelling - permit
1263690050014,1322680,C,2012-08-17,10,New Dwelling - permit
1263690050015,1334189,C,2012-12-11,10,New Dwelling - permit
1263690050016,1280061,C,2011-08-30,10,New Dwelling - permit
1263690050017,1316069,C,2012-07-06,10,New Dwelling - permit
1263690050018,1339732,C,2013-01-15,10,New Dwelling - permit
1263690050019,1280060,C,2011-08-30,10,New Dwelling - permit
1263690050020,1271151,C,2011-05-06,10,New Dwelling - permit
1263690050021,1258586,C,2011-01-25,10,New Dwelling - permit
1263840010001,1147235,C,2008-01-02,10,New Dwelling - permit
1263840010002,1107518,C,2007-10-15,10,New Dwelling - permit
1263840010003,1019793,C,2005-04-29,10,New Dwelling - permit
1263840010003,1037347,C,2006-03-17,07,Extra Features (OB&Y)
1263840010004,1019779,C,2005-08-25,10,New Dwelling - permit
1263840010005,1019812,C,2005-09-30,10,New Dwelling - permit
1263840010006,1019837,C,2005-10-12,10,New Dwelling - permit
1263840010007,1019771,C,2005-06-30,10,New Dwelling - permit
1263840010008,1019775,C,2005-07-22,10,New Dwelling - permit
1263840010009,1046308,C,2006-07-17,10,New Dwelling - permit
1263840010010,1048360,C,2006-08-18,10,New Dwelling - permit
1263840010011,1,C,2007-10-31,09,New Dwelling - no permit
1263840010012,1,C,2012-05-31,07,Extra Features (OB&Y)
1263840010012,1048359,C,2006-08-18,10,New Dwelling - permit
1263840010013,1044825,C,2006-06-23,10,New Dwelling - permit
1263840010014,1,C,2007-11-21,09,New Dwelling - no permit
1263840010016,1035094,C,2006-02-16,10,New Dwelling - permit
1263840010016,1355027,C,2013-05-02,07,Extra Features (OB&Y)
1263840010017,1019859,C,2005-12-02,10,New Dwelling - permit
1263840010018,1019778,C,2005-08-15,10,New Dwelling - permit
1263840010019,1019811,C,2005-09-30,10,New Dwelling - permit
1263840010020,1019792,C,2005-04-29,10,New Dwelling - permit
1263840010021,1019791,C,2005-04-29,10,New Dwelling - permit
1263840010022,1019757,C,2005-05-05,10,New Dwelling - permit
1263840010022,1541365,C,2017-06-29,11,Additions or Remodeling
1263840010023,1019758,C,2005-05-05,10,New Dwelling - permit
1263840010024,1019756,C,2005-05-04,10,New Dwelling - permit
1263840010025,1055218,C,2006-09-28,10,New Dwelling - permit
1263840010026,1055217,C,2006-09-28,10,New Dwelling - permit
1263840010027,1089898,C,2007-03-02,10,New Dwelling - permit
1263840010028,1,C,2008-01-01,07,Extra Features (OB&Y)
1263840010028,1054970,C,2006-09-22,10,New Dwelling - permit
1263840010029,1031960,C,2006-01-06,10,New Dwelling - permit
1263840010030,1055216,C,2006-09-28,10,New Dwelling - permit
1263840010031,1045334,C,2006-06-30,10,New Dwelling - permit
1263840010032,1042085,C,2006-05-16,10,New Dwelling - permit
1263840010033,1,C,1899-12-30,07,Extra Features (OB&Y)
1263840010033,1041701,C,2006-05-11,10,New Dwelling - permit
1263840010034,1037082,C,2006-03-15,10,New Dwelling - permit
1263840010035,1031961,C,2006-01-06,10,New Dwelling - permit
1263840010038,1149875,C,2008-03-03,10,New Dwelling - permit
1263840010039,1044021,C,2006-06-12,10,New Dwelling - permit
1263840010040,1034462,C,2006-02-09,10,New Dwelling - permit
1263840010041,1019874,C,2005-12-27,10,New Dwelling - permit
1263840010042,1042547,C,2006-05-19,10,New Dwelling - permit
1263840010043,1042086,C,2006-05-16,10,New Dwelling - permit
1263840010044,1019853,C,2005-11-08,10,New Dwelling - permit
1263840010045,1032656,C,2006-01-18,10,New Dwelling - permit
1263840010046,1019873,C,2005-12-27,10,New Dwelling - permit
1263840010047,1019843,C,2005-10-27,10,New Dwelling - permit
1263840010047,1649342,C,2018-02-09,12,Repairs (Foundation / GM)
1263840010048,1035070,C,2006-02-16,10,New Dwelling - permit
1263840010049,1039901,C,2006-04-20,10,New Dwelling - permit
1263840010049,1273043,C,2011-06-20,07,Extra Features (OB&Y)
1263840010050,1036063,C,2006-03-02,10,New Dwelling - permit
1263840010051,1041702,C,2006-05-11,10,New Dwelling - permit
1263840010052,1095546,C,2007-05-16,10,New Dwelling - permit
1263840010053,1019753,C,2005-05-05,10,New Dwelling - permit
1263840010054,1019754,C,2005-05-05,10,New Dwelling - permit
1263840010055,1019749,C,2005-05-04,10,New Dwelling - permit
1263840010056,1019845,C,2005-10-27,10,New Dwelling - permit
1263840010057,1032251,C,2006-01-11,10,New Dwelling - permit
1263840010058,1019764,C,2005-06-21,10,New Dwelling - permit
1263840010058,1840818,C,2021-08-06,12,Repairs (Foundation / GM)
1263840010059,1019776,C,2005-08-11,10,New Dwelling - permit
1263840010060,1019755,C,2005-05-31,10,New Dwelling - permit
1263840010061,1086745,C,2007-01-17,10,New Dwelling - permit
1263840010062,1019844,C,2005-10-27,10,New Dwelling - permit
1263840010063,1019752,C,2005-05-05,10,New Dwelling - permit
1263840010064,1032253,C,2006-01-11,10,New Dwelling - permit
1263840010065,1032252,C,2006-01-11,10,New Dwelling - permit
1263840010066,1019797,C,2005-09-09,10,New Dwelling - permit
1263840010066,1066781,C,2006-12-06,11,Additions or Remodeling
1263840010067,1019772,C,2005-07-14,10,New Dwelling - permit
1263840010067,1985383,C,2024-06-05,07,Extra Features (OB&Y)
1263840010068,1019766,C,2005-06-22,10,New Dwelling - permit
1263840010069,1019759,C,2005-05-13,10,New Dwelling - permit
1263840020001,1019768,C,2005-06-22,10,New Dwelling - permit
1263840020002,1019790,C,2005-04-29,10,New Dwelling - permit
1263840020003,1019789,C,2005-04-29,10,New Dwelling - permit
1263840020004,1019750,C,2005-05-04,10,New Dwelling - permit
1263840020005,1019747,C,2005-05-04,10,New Dwelling - permit
1263840020006,1019751,C,2005-05-04,10,New Dwelling - permit
1263840020007,1019748,C,2005-05-04,10,New Dwelling - permit
1263840020008,1019788,C,2005-04-29,10,New Dwelling - permit
1263840020009,1019787,C,2005-04-29,10,New Dwelling - permit
1263840020010,1019786,C,2005-04-29,10,New Dwelling - permit
1263840020011,1031962,C,2006-01-06,10,New Dwelling - permit
1263840020012,1041741,C,2006-05-11,10,New Dwelling - permit
1263840020013,1019765,C,2005-06-21,10,New Dwelling - permit
1263840020014,1019785,C,2005-04-29,10,New Dwelling - permit
1263840030001,1042546,C,2006-05-19,10,New Dwelling - permit
1263840030002,1093842,C,2007-04-25,10,New Dwelling - permit
1263840030003,1019767,C,2005-06-22,10,New Dwelling - permit
1263840030004,1019794,C,2005-04-29,10,New Dwelling - permit
1263840030005,1038864,C,2006-04-05,10,New Dwelling - permit
1263840030006,1019783,C,2005-04-27,10,New Dwelling - permit
1263840030007,1019784,C,2005-04-27,10,New Dwelling - permit
1263840030008,1019795,C,2005-04-29,10,New Dwelling - permit
1263840030009,1019796,C,2005-04-29,10,New Dwelling - permit
1263840040001,1109265,C,2007-11-02,10,New Dwelling - permit
1263850010001,1041742,C,2006-05-11,10,New Dwelling - permit
1263850010001,1920771,C,2023-03-02,07,Extra Features (OB&Y)
1263850010002,1043029,C,2006-05-26,10,New Dwelling - permit
1263850010002,1912663,C,2023-01-11,07,Extra Features (OB&Y)
1263850010003,1043030,C,2006-05-26,10,New Dwelling - permit
1263850010004,1032240,C,2006-01-11,10,New Dwelling - permit
1263850010005,1038868,C,2006-04-05,10,New Dwelling - permit
1263850010006,1,C,2011-05-27,17,Disaster Repair
1263850010006,2,C,2013-09-23,07,Extra Features (OB&Y)
1263850010006,1038866,C,2006-04-05,10,New Dwelling - permit
1263850010007,1091513,C,2007-03-23,10,New Dwelling - permit
1263850010008,1041743,C,2006-05-11,10,New Dwelling - permit
1263850010009,1067575,C,2006-12-15,10,New Dwelling - permit
1263850010010,1038867,C,2006-04-05,10,New Dwelling - permit
1263850010011,1043264,C,2006-05-30,10,New Dwelling - permit
1263850010012,1044274,C,2006-06-15,10,New Dwelling - permit
1263850010013,1149874,C,2008-03-03,10,New Dwelling - permit
1263850010014,1043320,C,2006-05-31,10,New Dwelling - permit
1263850010015,1054963,C,2006-09-22,10,New Dwelling - permit
1263850010016,1044268,C,2006-06-15,10,New Dwelling - permit
1263850010016,1180351,C,2009-04-21,07,Extra Features (OB&Y)
1263850010017,1090997,C,2007-03-19,10,New Dwelling - permit
1263850010018,1044269,C,2006-06-15,10,New Dwelling - permit
1263850010019,1093843,C,2007-04-25,10,New Dwelling - permit
1263850010020,1149876,C,2008-03-03,10,New Dwelling - permit
1263850010021,1119638,C,2007-12-12,10,New Dwelling - permit
1263850010022,1099066,C,2007-07-18,10,New Dwelling - permit
1263850010023,1087100,C,2007-01-23,10,New Dwelling - permit
1263850020001,1119527,C,2007-12-10,10,New Dwelling - permit
1263850020002,1119518,C,2007-12-10,10,New Dwelling - permit
1263850020003,1151247,C,2008-03-27,10,New Dwelling - permit
1263850020003,1821556,C,2021-04-22,11,Additions or Remodeling
1263850020004,1039416,C,2006-04-12,10,New Dwelling - permit
1263850020005,1038865,C,2006-04-05,10,New Dwelling - permit
1263850020006,1046418,C,2006-07-18,10,New Dwelling - permit
1263850020007,1099202,C,2007-07-20,10,New Dwelling - permit
1263850020007,1430282,C,2015-02-04,11,Additions or Remodeling
1263850030001,1,C,2021-11-04,11,Additions or Remodeling
1263850030001,1071622,C,2006-07-18,10,New Dwelling - permit
1263850030001,1478328,C,2016-01-05,07,Extra Features (OB&Y)
1263850030002,1054248,C,2006-09-08,10,New Dwelling - permit
1263850030003,1046419,C,2006-07-18,10,New Dwelling - permit
1263850030004,1041744,C,2006-05-11,10,New Dwelling - permit
1263850030005,1095683,C,2007-05-18,10,New Dwelling - permit
1263850030006,1091093,C,2007-03-20,10,New Dwelling - permit
1263850030007,1044826,C,2006-06-23,10,New Dwelling - permit
1263850030008,1067585,C,2006-12-22,10,New Dwelling - permit
1263850030009,1037084,C,2006-03-15,10,New Dwelling - permit
1263850030009,1154276,C,2008-05-20,07,Extra Features (OB&Y)
1263850030010,1036547,C,2006-03-09,10,New Dwelling - permit
1263850030011,1039116,C,2006-04-07,10,New Dwelling - permit
1263850030012,1047072,C,2006-07-28,10,New Dwelling - permit
1263850030013,1061397,C,2006-05-19,10,New Dwelling - permit
1263850030014,1039636,C,2006-04-17,10,New Dwelling - permit
1263850030014,1043664,C,2006-06-06,07,Extra Features (OB&Y)
1263850030015,1047699,C,2006-08-03,10,New Dwelling - permit
1263850030016,1044238,C,2006-06-15,10,New Dwelling - permit
1263850030017,1038204,C,2006-03-29,10,New Dwelling - permit
1263850030018,1037086,C,2006-03-15,10,New Dwelling - permit
1263850030019,1054956,C,2006-09-21,10,New Dwelling - permit
1263850030020,1090988,C,2007-03-19,10,New Dwelling - permit
1263850030021,1097841,C,2007-06-25,10,New Dwelling - permit
1263850030022,1087519,C,2007-01-29,10,New Dwelling - permit
1263850030023,1097585,C,2007-06-21,10,New Dwelling - permit
1263850030024,1040768,C,2006-05-01,10,New Dwelling - permit
1263850030025,1104947,C,2007-09-26,10,New Dwelling - permit
1263850030026,1047704,C,2006-08-03,10,New Dwelling - permit
1263850030027,1035308,C,2006-02-20,10,New Dwelling - permit
1263850030028,1097842,C,2007-06-25,10,New Dwelling - permit
1263850030029,1039417,C,2006-04-12,10,New Dwelling - permit
1263850030030,1147236,C,2008-01-02,10,New Dwelling - permit
1263850030031,1119734,C,2007-12-14,10,New Dwelling - permit
1263850030032,1054957,C,2006-09-21,10,New Dwelling - permit
1263850030033,1096691,C,2007-06-06,10,New Dwelling - permit
1263850030034,1107789,C,2007-10-22,10,New Dwelling - permit
1263850030035,1107788,C,2007-10-22,10,New Dwelling - permit
1263850030035,1874475,C,2022-04-20,12,Repairs (Foundation / GM)
1263850030036,1107790,C,2007-10-22,10,New Dwelling - permit
1263850030037,1155537,C,2008-06-11,10,New Dwelling - permit
1263850030037,1972647,C,2024-03-06,11,Additions or Remodeling
1263850030038,1104948,C,2007-09-26,10,New Dwelling - permit
1263850030038,1150826,C,2008-03-19,10,New Dwelling - permit
1263850030039,1044305,C,2006-06-15,10,New Dwelling - permit
1263850040001,1096690,C,2007-06-06,10,New Dwelling - permit
1263850040002,1090890,C,2007-03-16,10,New Dwelling - permit
1263850040003,1095591,C,2007-05-16,10,New Dwelling - permit
1263850040004,1119334,C,2007-12-04,10,New Dwelling - permit
1263850040005,1149240,C,2008-02-21,10,New Dwelling - permit
1263850040006,1154679,C,2008-05-29,10,New Dwelling - permit
1263850040007,1090891,C,2007-03-16,10,New Dwelling - permit
1263850040008,1090889,C,2007-03-16,10,New Dwelling - permit
1263850040009,1090888,C,2007-03-16,10,New Dwelling - permit
1263850040010,1054967,C,2006-09-22,10,New Dwelling - permit
1263850040011,1107516,C,2007-10-15,10,New Dwelling - permit
1263850040012,1050708,C,2006-05-19,10,New Dwelling - permit
1263850040013,1050707,C,2006-05-19,10,New Dwelling - permit
1263850040014,1,C,2008-01-01,07,Extra Features (OB&Y)
1263850040014,1096692,C,2007-06-06,10,New Dwelling - permit
1263850040015,1096693,C,2007-06-06,10,New Dwelling - permit
1263850040016,1119524,C,2007-12-10,10,New Dwelling - permit
1263850040017,1037085,C,2006-03-15,10,New Dwelling - permit
1263850040018,1,C,2006-09-01,09,New Dwelling - no permit
1263850040018,1092512,C,2007-04-04,10,New Dwelling - permit
1263850040019,1050706,C,2006-05-19,10,New Dwelling - permit
1263850040020,1044275,C,2006-06-15,10,New Dwelling - permit
1263850040021,1047705,C,2006-08-03,10,New Dwelling - permit
1263850040022,1086873,C,2007-01-19,10,New Dwelling - permit
1263850040023,1059963,C,2006-10-02,10,New Dwelling - permit
1263850040024,1091225,C,2007-03-21,10,New Dwelling - permit
1263850040025,1048700,C,2006-08-24,10,New Dwelling - permit
1263850040026,1041745,C,2006-05-11,10,New Dwelling - permit
1263850040027,1100404,C,2007-08-09,10,New Dwelling - permit
1263850040028,1,C,2008-01-01,07,Extra Features (OB&Y)
1263850040028,1047198,C,2006-07-31,10,New Dwelling - permit
1263860010001,2,C,2007-02-22,07,Extra Features (OB&Y)
1263860010001,1034975,C,2006-02-16,10,New Dwelling - permit
1263860010002,1,C,2007-02-22,07,Extra Features (OB&Y)
1263860010002,1034976,C,2006-02-16,10,New Dwelling - permit
1263860010003,1,C,2007-02-22,07,Extra Features (OB&Y)
1263860010003,1037888,C,2006-03-23,10,New Dwelling - permit
1263860010004,1064353,C,2006-11-22,10,New Dwelling - permit
1263860010004,1226051,C,2010-04-16,11,Additions or Remodeling
1263860010004,1821557,C,2021-04-15,07,Extra Features (OB&Y)
1263860010005,2,C,2007-02-22,07,Extra Features (OB&Y)
1263860010005,1037087,C,2006-03-15,10,New Dwelling - permit
1263860010006,1047204,C,2006-07-31,10,New Dwelling - permit
1263860010007,1044328,C,2006-06-15,10,New Dwelling - permit
1263860010008,1039951,C,2006-04-20,10,New Dwelling - permit
1263860010009,1,C,1899-12-30,07,Extra Features (OB&Y)
1263860010009,2,C,2007-03-01,07,Extra Features (OB&Y)
1263860010009,1034971,C,2006-02-16,10,New Dwelling - permit
1263860010010,1,C,2008-01-01,09,New Dwelling - no permit
1263860010011,1060343,C,2006-10-11,10,New Dwelling - permit
1263860010012,1098625,C,2007-07-10,10,New Dwelling - permit
1263860010013,1,C,2007-03-02,07,Extra Features (OB&Y)
1263860010013,1039949,C,2006-04-20,10,New Dwelling - permit
1263860010014,2,C,2007-03-02,07,Extra Features (OB&Y)
1263860010014,1054098,C,2006-09-07,10,New Dwelling - permit
1263860010014,1273060,C,2011-06-21,07,Extra Features (OB&Y)
1263860010015,1054085,C,2006-09-07,10,New Dwelling - permit
1263860010016,1047202,C,2006-07-31,10,New Dwelling - permit
1263860010017,1100006,C,2007-08-01,10,New Dwelling - permit
1263860010017,2003676,C,2024-10-24,07,Extra Features (OB&Y)
1263860010018,1047200,C,2006-07-31,10,New Dwelling - permit
1263860010019,1047199,C,2006-07-31,10,New Dwelling - permit
1263860010020,1047201,C,2006-07-31,10,New Dwelling - permit
1263860010021,1054529,C,2006-09-14,10,New Dwelling - permit
1263860010022,1,C,2007-03-05,07,Extra Features (OB&Y)
1263860010022,1054142,C,2006-09-07,10,New Dwelling - permit
1263860010022,1297783,C,2012-02-14,11,Additions or Remodeling
1263860010023,1054360,C,2006-09-12,10,New Dwelling - permit
1263860010024,1047203,C,2006-07-31,10,New Dwelling - permit
1263860010025,2,C,2007-03-05,07,Extra Features (OB&Y)
1263860010025,1046201,C,2006-07-13,10,New Dwelling - permit
1263860010026,1048340,C,2006-08-17,10,New Dwelling - permit
1263860010027,1,C,2007-03-05,07,Extra Features (OB&Y)
1263860010027,1054084,C,2006-09-07,10,New Dwelling - permit
1263860010028,1048061,C,2006-08-10,10,New Dwelling - permit
1263860010029,1040770,C,2006-05-01,10,New Dwelling - permit
1263860010030,1041746,C,2006-05-11,10,New Dwelling - permit
1263860010030,1650954,C,2018-03-08,11,Additions or Remodeling
1263860010031,1040771,C,2006-05-01,10,New Dwelling - permit
1263860010032,1054924,C,2006-09-21,10,New Dwelling - permit
1263860010033,1040772,C,2006-05-01,10,New Dwelling - permit
1263860010033,1100201,C,2007-08-06,07,Extra Features (OB&Y)
1263860010034,1047825,C,2006-08-08,10,New Dwelling - permit
1263860020001,1049067,C,2006-08-31,10,New Dwelling - permit
1263860030001,1,C,2008-01-01,07,Extra Features (OB&Y)
1263860030001,1064140,C,2006-11-16,10,New Dwelling - permit
1263860030002,1,C,2007-03-19,07,Extra Features (OB&Y)
1263860030002,1064139,C,2006-11-16,10,New Dwelling - permit
1263860030003,1037889,C,2006-03-23,10,New Dwelling - permit
1263860030004,1086120,C,2007-01-03,10,New Dwelling - permit
1263860030005,1043301,C,2006-05-31,10,New Dwelling - permit
1263860030006,1,C,2008-01-01,07,Extra Features (OB&Y)
1263860030006,1060344,C,2006-10-11,10,New Dwelling - permit
1263860030007,1098494,C,2007-07-05,10,New Dwelling - permit
1263860030008,1034974,C,2006-02-16,10,New Dwelling - permit
1263860030009,1034972,C,2006-02-16,10,New Dwelling - permit
1263860030010,1,C,2012-05-25,12,Repairs (Foundation / GM)
1263860030010,2,C,2018-06-21,50,Disaster Review
1263860030010,1034970,C,2006-02-16,10,New Dwelling - permit
1263860030011,1037886,C,2006-03-23,10,New Dwelling - permit
1263860030012,2,C,2007-03-21,09,New Dwelling - no permit
1263860030012,1040773,C,2006-05-01,10,New Dwelling - permit
1263860030013,1040769,C,2006-05-01,10,New Dwelling - permit
1263860030014,1048810,C,2006-08-28,10,New Dwelling - permit
1263860030015,1037885,C,2006-03-23,10,New Dwelling - permit
1263860030016,1054101,C,2006-09-07,10,New Dwelling - permit
1263860030017,1054100,C,2006-09-07,10,New Dwelling - permit
1263860030018,1054099,C,2006-09-07,10,New Dwelling - permit
1263860030019,1067071,C,2006-12-14,10,New Dwelling - permit
1263860040001,1334375,C,2012-12-17,10,New Dwelling - permit
1263860040002,1043953,C,2006-06-12,10,New Dwelling - permit
1263860040003,1,C,2009-01-01,07,Extra Features (OB&Y)
1263860040003,1086200,C,2007-01-04,10,New Dwelling - permit
1263860040003,1364480,C,2013-08-06,07,Extra Features (OB&Y)
1265650010001,1425632,C,2014-12-09,10,New Dwelling - permit
1265650010002,1,C,2010-01-04,09,New Dwelling - no permit
1265650010003,1415863,C,2014-09-17,10,New Dwelling - permit
1265650010004,1,C,2010-01-04,09,New Dwelling - no permit
1265650010004,1224300,C,2010-03-10,10,New Dwelling - permit
1265650010005,1,C,2010-01-04,09,New Dwelling - no permit
1265650010005,1224299,C,2010-03-10,10,New Dwelling - permit
1265650010006,1179885,C,2009-04-08,10,New Dwelling - permit
1265650010007,1168802,C,2008-11-21,10,New Dwelling - permit
1265650010008,1168425,C,2008-11-14,10,New Dwelling - permit
1265650010009,1168050,C,2008-11-07,10,New Dwelling - permit
1265650010010,1163621,C,2008-10-22,10,New Dwelling - permit
1265650010011,1159712,C,2008-08-27,10,New Dwelling - permit
1265650010012,1159713,C,2008-08-27,10,New Dwelling - permit
1265650010013,1159714,C,2008-08-27,10,New Dwelling - permit
1265650010014,1157015,C,2008-07-02,10,New Dwelling - permit
1265650010015,1157013,C,2008-07-02,10,New Dwelling - permit
1265650010016,1155359,C,2008-06-09,10,New Dwelling - permit
1265650010017,1152468,C,2008-04-18,10,New Dwelling - permit
1265650010018,1153749,C,2008-05-12,10,New Dwelling - permit
1265650010019,1153750,C,2008-05-12,10,New Dwelling - permit
1265650010020,1154132,C,2008-05-16,10,New Dwelling - permit
1265650010021,1187168,C,2009-08-12,10,New Dwelling - permit
1265650010022,1187170,C,2009-08-12,10,New Dwelling - permit
1265650010023,1209873,C,2009-11-06,10,New Dwelling - permit
1265650010024,1209872,C,2009-11-06,10,New Dwelling - permit
1265650010025,1187169,C,2009-08-12,10,New Dwelling - permit
1265650010026,1043318,C,2006-05-31,10,New Dwelling - permit
1265650010027,1043317,C,2006-05-31,10,New Dwelling - permit
1265650010028,1043315,C,2006-05-31,10,New Dwelling - permit
1265650010029,1043036,C,2006-05-26,10,New Dwelling - permit
1265650010030,1043037,C,2006-05-26,10,New Dwelling - permit
1265650010031,1041945,C,2006-05-12,10,New Dwelling - permit
1265650010032,1041944,C,2006-05-12,10,New Dwelling - permit
1265650010033,1031770,C,2006-01-04,10,New Dwelling - permit
1265650010035,1018903,C,2005-12-20,10,New Dwelling - permit
1265650010036,1018904,C,2005-12-20,10,New Dwelling - permit
1265650010037,1,C,2006-02-20,10,New Dwelling - permit
1265650010037,2,C,2017-01-01,11,Additions or Remodeling
1265650010038,1035277,C,2006-02-20,10,New Dwelling - permit
1265650010039,1,C,2006-02-20,10,New Dwelling - permit
1265650020001,1018682,C,2005-09-12,10,New Dwelling - permit
1265650020002,1018685,C,2005-09-12,10,New Dwelling - permit
1265650020003,1018737,C,2005-10-03,10,New Dwelling - permit
1265650020004,1018738,C,2005-10-03,10,New Dwelling - permit
1265650020005,1018808,C,2005-10-24,10,New Dwelling - permit
1265650020006,1018828,C,2005-10-27,10,New Dwelling - permit
1265650020007,1018893,C,2005-11-08,10,New Dwelling - permit
1265650020008,1018897,C,2005-11-18,10,New Dwelling - permit
1265650020009,1018894,C,2005-11-15,10,New Dwelling - permit
1265650020010,1018900,C,2005-12-06,10,New Dwelling - permit
1265650020011,1018901,C,2005-12-20,10,New Dwelling - permit
1265650020012,1018902,C,2005-12-20,10,New Dwelling - permit
1265650020013,1,C,2006-01-04,10,New Dwelling - permit
1265650020014,2,C,2006-01-04,10,New Dwelling - permit
1265650020015,1,C,2006-01-26,10,New Dwelling - permit
1265650020016,2,C,2007-03-05,10,New Dwelling - permit
1265650020017,1043312,C,2006-05-31,10,New Dwelling - permit
1265650020018,1043313,C,2006-05-31,10,New Dwelling - permit
1265650020019,1043314,C,2006-05-31,10,New Dwelling - permit
1265650020020,1043316,C,2006-05-31,10,New Dwelling - permit
1265650030001,1209883,C,2009-11-06,10,New Dwelling - permit
1265650030002,1018898,C,2005-11-18,10,New Dwelling - permit
1265650030003,1209871,C,2009-11-06,10,New Dwelling - permit
1265650030004,1182047,C,2009-05-29,10,New Dwelling - permit
1265650030005,1182048,C,2009-05-29,10,New Dwelling - permit
1265650030006,1181751,C,2009-05-22,10,New Dwelling - permit
1265650030007,1181420,C,2009-05-15,10,New Dwelling - permit
1265650030008,1181096,C,2009-05-08,10,New Dwelling - permit
1265650030009,1168803,C,2008-11-21,10,New Dwelling - permit
1265650030010,1168426,C,2008-11-14,10,New Dwelling - permit
1265650030011,1168427,C,2008-11-14,10,New Dwelling - permit
1265650030011,1304662,C,2012-04-09,11,Additions or Remodeling
1265650030012,1163620,C,2008-10-22,10,New Dwelling - permit
1265650030013,1163466,C,2008-10-17,10,New Dwelling - permit
1265650030014,1163467,C,2008-10-17,10,New Dwelling - permit
1265650030015,1159715,C,2008-08-27,10,New Dwelling - permit
1265650030016,1159088,C,2008-08-13,10,New Dwelling - permit
1265650030017,1159089,C,2008-08-13,10,New Dwelling - permit
1265650030018,1157014,C,2008-07-02,10,New Dwelling - permit
1265650030019,1152467,C,2008-04-18,10,New Dwelling - permit
1265650030020,1152469,C,2008-04-18,10,New Dwelling - permit
1265650030021,1018726,C,2005-09-29,10,New Dwelling - permit
1265650030022,1018727,C,2005-09-29,10,New Dwelling - permit
1265650030023,1018739,C,2005-10-03,10,New Dwelling - permit
1265650030024,1018807,C,2005-10-24,10,New Dwelling - permit
1265650030025,1018829,C,2005-10-27,10,New Dwelling - permit
1265650030026,1018892,C,2005-11-08,10,New Dwelling - permit
1265650030027,1018896,C,2005-11-16,10,New Dwelling - permit
1265650030028,1018895,C,2005-11-15,10,New Dwelling - permit
1265650030029,1018899,C,2005-12-06,10,New Dwelling - permit
1265650030030,1018330,C,2005-06-20,10,New Dwelling - permit
1265650030031,1018328,C,2005-06-16,10,New Dwelling - permit
1265650030032,1018327,C,2005-06-16,10,New Dwelling - permit
1265650030033,1018223,C,2005-05-16,10,New Dwelling - permit
1265650030034,1018219,C,2005-05-12,10,New Dwelling - permit
1265650030035,1018207,C,2005-04-15,10,New Dwelling - permit
1265650030036,1018202,C,2005-04-15,10,New Dwelling - permit
1265650030037,1018205,C,2005-04-15,10,New Dwelling - permit
1265650030038,1018204,C,2005-04-15,10,New Dwelling - permit
1265650030039,1018203,C,2005-04-15,10,New Dwelling - permit
1265650030040,1018201,C,2005-04-15,10,New Dwelling - permit
1265650030041,1018199,C,2005-04-15,10,New Dwelling - permit
1265650040001,1018206,C,2005-04-15,10,New Dwelling - permit
1265650040002,1018200,C,2005-04-15,10,New Dwelling - permit
1265650040003,1018217,C,2005-05-12,10,New Dwelling - permit
1265650040004,1018218,C,2005-05-12,10,New Dwelling - permit
1265650040005,1018224,C,2005-05-16,10,New Dwelling - permit
1265650040006,1018324,C,2005-06-15,10,New Dwelling - permit
1265650040007,1018329,C,2005-06-16,10,New Dwelling - permit
1265650050001,1018684,C,2005-09-12,10,New Dwelling - permit
1265650050002,1018683,C,2005-09-12,10,New Dwelling - permit
1265650050003,1018577,C,2005-08-17,10,New Dwelling - permit
1265650050004,1018442,C,2005-07-18,10,New Dwelling - permit
1265650050005,1018441,C,2005-07-18,10,New Dwelling - permit
1265650050006,1018440,C,2005-07-18,10,New Dwelling - permit
1265650050007,1018446,C,2005-07-18,10,New Dwelling - permit
1265650050008,1018445,C,2005-07-18,10,New Dwelling - permit
1265650050008,1561192,C,2017-10-25,11,Additions or Remodeling
1265650050009,1018444,C,2005-07-18,10,New Dwelling - permit
1265650050010,1018443,C,2005-07-18,10,New Dwelling - permit
1265650050011,1018422,C,2005-07-08,10,New Dwelling - permit
1265650050012,1018421,C,2005-07-08,10,New Dwelling - permit
1265650050013,1018420,C,2005-07-08,10,New Dwelling - permit
0931650000506,2057901,M,2025-12-15,11,Additions or Remodeling
0931650000511,1961961,C,2025-03-06,10,New Dwelling - permit
0931650000513,1486249,C,2016-03-09,10,New Dwelling - permit
0931650000514,929918,C,2004-06-01,11,Additions or Remodeling
0931650000520,1278427,C,2011-07-25,10,New Dwelling - permit
0931650000521,1241115,C,2010-08-16,11,Additions or Remodeling
0931660000525,1793874,C,2020-05-19,10,New Dwelling - permit
0931660000526,1963218,M,2025-03-06,10,New Dwelling - permit
0931660000528,1,C,2007-01-19,07,Extra Features (OB&Y)
0931660000528,1030782,C,2006-07-24,16,Fire Reports
0931670000547,1731798,C,2019-08-01,11,Additions or Remodeling
0931680000552,931259,C,2004-07-09,10,New Dwelling - permit
0931680000557,1,C,2018-03-12,09,New Dwelling - no permit
0931680000559,1681837,C,2018-02-08,10,New Dwelling - permit
0931680000560,1447823,C,2015-06-04,13,Residential Demolition
0931680000560,1966962,M,2024-02-19,10,New Dwelling - permit
0931680000561,1458538,C,2015-08-12,07,Extra Features (OB&Y)
0931680000562,1,C,1899-12-30,12,Repairs (Foundation / GM)
0931680000562,1458370,C,2015-08-11,11,Additions or Remodeling
0931680000562,1819712,C,2021-04-23,11,Additions or Remodeling
0931680000564,1,C,2020-03-18,07,Extra Features (OB&Y)
0931680000564,1703246,C,2018-12-19,10,New Dwelling - permit
0931680000568,1,C,2008-09-13,50,Disaster Review
0931680000569,1267833,C,2011-04-20,10,New Dwelling - permit
0931680000569,1942339,C,2023-08-15,11,Additions or Remodeling
0931680000572,1748740,C,2019-11-18,11,Additions or Remodeling
0931680000574,1,C,2002-12-23,10,New Dwelling - permit
0931680000575,1125089,C,2007-07-13,10,New Dwelling - permit
0931680000575,1700123,C,2018-06-21,12,Repairs (Foundation / GM)
0931690000576,1318851,C,2012-07-25,11,Additions or Remodeling
0931690000585,1,C,2003-08-19,10,New Dwelling - permit
0931690000586,1962586,C,2025-03-07,10,New Dwelling - permit
0931690000595,1,C,2007-01-17,15,Relocation / Bldg Move
0931690000595,2,C,2007-02-01,11,Additions or Remodeling
0931690000596,1,C,2006-01-01,09,New Dwelling - no permit
0931690000596,2,C,2006-10-04,09,New Dwelling - no permit
0931690000599,1,M,2025-03-03,10,New Dwelling - permit
0931690000600,1698178,C,2018-05-21,10,New Dwelling - permit
0931690000601,1698179,C,2018-05-21,10,New Dwelling - permit
0931690000605,2,C,2006-01-01,07,Extra Features (OB&Y)
0931690000606,1,C,2003-10-20,15,Relocation / Bldg Move
0931690000607,1,C,2003-10-20,15,Relocation / Bldg Move
0931690000607,1068732,C,2006-12-28,11,Additions or Remodeling
0931700000616,1,C,1899-12-30,11,Additions or Remodeling
0931700000621,1464289,C,2015-04-13,10,New Dwelling - permit
0931700000621,1761380,C,2020-02-10,11,Additions or Remodeling
0931700000627,1,C,2003-09-16,13,Residential Demolition
0931700000629,2,C,2006-01-01,13,Residential Demolition
0931700000629,1799396,C,2020-11-01,10,New Dwelling - permit
0931700000629,1807237,C,2020-11-01,10,New Dwelling - permit
0931700000633,1,C,2015-10-12,17,Disaster Repair
0931700000634,1988018,M,2025-03-03,10,New Dwelling - permit
0931700000635,1990629,M,2025-03-06,10,New Dwelling - permit
0931700000644,1,C,1899-12-30,11,Additions or Remodeling
0931700000644,1358155,C,2013-06-21,10,New Dwelling - permit
0931700000645,1,C,2026-02-02,11,Additions or Remodeling
0931700000645,1436596,C,2015-03-10,11,Additions or Remodeling
0931700000648,1,C,1899-12-30,31,"Addtns, Remodels, Lease Space"
0931700000648,2,C,1899-12-30,31,"Addtns, Remodels, Lease Space"
0931710000651,1,C,2006-01-01,13,Residential Demolition
0931710000652,974679,C,2005-02-16,12,Repairs (Foundation / GM)
0931710000652,1296617,C,2012-01-23,11,Additions or Remodeling
0931710000652,1510432,C,2016-09-27,07,Extra Features (OB&Y)
0931710000652,1814998,C,2021-03-25,11,Additions or Remodeling
0931710000654,2,C,2006-01-01,09,New Dwelling - no permit
0931710000654,1674941,C,2018-07-27,50,Disaster Review
0931710000655,974337,C,2005-02-08,10,New Dwelling - permit
0931710000656,1114985,C,2007-09-17,10,New Dwelling - permit
0931710000662,2,C,2008-01-01,15,Relocation / Bldg Move
0931720000671,1388941,C,2014-02-05,10,New Dwelling - permit
0931720000671,1405786,C,2014-06-06,13,Residential Demolition
0931720000672,1568239,C,2017-08-23,50,Disaster Review
0931720000674,1,C,2025-03-19,07,Extra Features (OB&Y)
0931720000674,2,C,2025-03-19,09,New Dwelling - no permit
0931720000674,3,C,2025-03-19,11,Additions or Remodeling
0931720000674,4,C,2025-03-19,07,Extra Features (OB&Y)
0931720000674,1752980,C,2019-12-18,07,Extra Features (OB&Y)
0931720000674,1979464,C,2024-05-22,11,Additions or Remodeling
0931720000687,1,C,2024-07-10,11,Additions or Remodeling
1061840000020,1007375,C,2005-11-04,31,"Addtns, Remodels, Lease Space"
1061840000020,1007376,C,2005-11-04,31,"Addtns, Remodels, Lease Space"
1061840000020,1007377,C,2005-11-04,31,"Addtns, Remodels, Lease Space"
1061840000020,1007378,C,2005-11-04,31,"Addtns, Remodels, Lease Space"
1061840000020,1007379,C,2005-11-04,31,"Addtns, Remodels, Lease Space"
1061840000020,1007380,C,2005-11-04,31,"Addtns, Remodels, Lease Space"
1061840000020,1007381,C,2005-11-04,32,"Paving, Parking Lot, Slab"
1061840000020,1054701,C,2006-09-18,31,"Addtns, Remodels, Lease Space"
1061840000020,1054702,C,2006-09-18,31,"Addtns, Remodels, Lease Space"
1061840000020,1054703,C,2006-09-18,31,"Addtns, Remodels, Lease Space"
1061840000020,1054704,C,2006-09-18,32,"Paving, Parking Lot, Slab"
1061840000020,1119299,C,2007-12-03,31,"Addtns, Remodels, Lease Space"
1061840000020,1119300,C,2007-12-03,32,"Paving, Parking Lot, Slab"
1061840000020,1181141,C,2009-05-11,32,"Paving, Parking Lot, Slab"
1061840000020,1181142,C,2009-05-11,31,"Addtns, Remodels, Lease Space"
1061840000020,1181143,C,2009-05-11,31,"Addtns, Remodels, Lease Space"
1061840000022,1519035,C,2016-12-28,32,"Paving, Parking Lot, Slab"
1061840000022,1540989,C,2017-06-02,30,New Building
1061840000023,2,C,2005-11-04,31,"Addtns, Remodels, Lease Space"
1061840000023,3,C,2005-11-04,31,"Addtns, Remodels, Lease Space"
1061840000023,4,C,2005-11-04,31,"Addtns, Remodels, Lease Space"
1061840000023,5,C,2005-11-04,31,"Addtns, Remodels, Lease Space"
1061840000023,6,C,2005-11-04,31,"Addtns, Remodels, Lease Space"
1061840000023,7,C,2005-11-04,31,"Addtns, Remodels, Lease Space"
1061840000023,8,C,2005-11-04,32,"Paving, Parking Lot, Slab"
1061840000023,9,C,2006-09-18,31,"Addtns, Remodels, Lease Space"
1061840000023,10,C,2006-09-18,31,"Addtns, Remodels, Lease Space"
1061840000023,11,C,2006-09-18,31,"Addtns, Remodels, Lease Space"
1061840000023,12,C,2006-09-18,32,"Paving, Parking Lot, Slab"
1061840000023,13,C,2007-12-03,31,"Addtns, Remodels, Lease Space"
1061840000023,14,C,2007-12-03,32,"Paving, Parking Lot, Slab"
1061840000023,1382046,C,2013-12-05,32,"Paving, Parking Lot, Slab"
1061840000023,1404629,C,2014-06-16,31,"Addtns, Remodels, Lease Space"
1061840000023,1715262,C,2019-04-04,31,"Addtns, Remodels, Lease Space"
1061840000024,2,C,2005-11-04,31,"Addtns, Remodels, Lease Space"
1061840000024,3,C,2005-11-04,31,"Addtns, Remodels, Lease Space"
1061840000024,4,C,2005-11-04,31,"Addtns, Remodels, Lease Space"
1061840000024,5,C,2005-11-04,31,"Addtns, Remodels, Lease Space"
1061840000024,6,C,2005-11-04,31,"Addtns, Remodels, Lease Space"
1061840000024,7,C,2005-11-04,31,"Addtns, Remodels, Lease Space"
1061840000024,8,C,2005-11-04,32,"Paving, Parking Lot, Slab"
1061840000024,9,C,2006-09-18,31,"Addtns, Remodels, Lease Space"
1061840000024,10,C,2006-09-18,31,"Addtns, Remodels, Lease Space"
1061840000024,11,C,2006-09-18,31,"Addtns, Remodels, Lease Space"
1061840000024,12,C,2006-09-18,32,"Paving, Parking Lot, Slab"
1061840000024,13,C,2007-12-03,31,"Addtns, Remodels, Lease Space"
1061840000024,14,C,2007-12-03,32,"Paving, Parking Lot, Slab"
1061840000024,1327599,C,2012-10-22,32,"Paving, Parking Lot, Slab"
1061840000024,1327600,C,2012-10-22,30,New Building
1061840000024,1361241,C,2013-07-25,30,New Building
1061850000019,1177517,C,2009-01-28,30,New Building
1061850000019,1177518,C,2009-01-28,32,"Paving, Parking Lot, Slab"
1061850000019,1202361,C,2009-10-09,31,"Addtns, Remodels, Lease Space"
1061850000019,1202362,C,2009-10-09,32,"Paving, Parking Lot, Slab"
1061850000019,1398144,C,2014-04-09,32,"Paving, Parking Lot, Slab"
1061850000019,1398145,C,2014-04-09,30,New Building
1061850000022,1443231,C,2015-05-12,30,New Building
1061850000022,1655172,C,2018-04-03,31,"Addtns, Remodels, Lease Space"
1061850000023,2,C,2009-01-28,30,New Building
1061850000023,3,C,2009-01-28,32,"Paving, Parking Lot, Slab"
1061850000023,4,C,2009-10-09,31,"Addtns, Remodels, Lease Space"
1061850000023,5,C,2009-10-09,32,"Paving, Parking Lot, Slab"
1061850000023,6,C,2014-04-09,32,"Paving, Parking Lot, Slab"
1061850000023,7,C,2014-04-09,30,New Building
1061850000023,1777434,C,2020-06-17,31,"Addtns, Remodels, Lease Space"
1061850000023,1916457,C,2023-02-14,31,"Addtns, Remodels, Lease Space"
1061850000024,1,C,2018-06-08,30,New Building
1061850000024,2,C,2018-06-08,32,"Paving, Parking Lot, Slab"
1061860000021,1,C,2002-07-12,31,"Addtns, Remodels, Lease Space"
1061860000021,2,C,2009-07-09,31,"Addtns, Remodels, Lease Space"
1061860000021,1849159,C,2021-10-15,31,"Addtns, Remodels, Lease Space"
1061860000021,1854740,C,2021-11-04,31,"Addtns, Remodels, Lease Space"
1061860000021,1854741,C,2021-11-04,31,"Addtns, Remodels, Lease Space"
1061880000032,1,C,1899-12-30,11,Additions or Remodeling
1061880000032,1777435,C,2020-06-11,17,Disaster Repair
1061890000031,1464630,C,2015-10-07,11,Additions or Remodeling
1061900000016,1,C,1899-12-30,11,Additions or Remodeling
1061900000019,1,C,2017-08-23,50,Disaster Review
1061910000001,2,C,2004-11-16,07,Extra Features (OB&Y)
1061910000023,1,C,2010-11-11,11,Additions or Remodeling
1061910000023,2,C,2017-01-01,11,Additions or Remodeling
1061920000013,2026775,M,2025-04-04,11,Additions or Remodeling
1061920000016,1,C,2004-11-19,11,Additions or Remodeling
1061920000020,1,C,2018-09-27,11,Additions or Remodeling
1061920000023,1,C,2009-02-02,13,Residential Demolition
1061920000023,1514556,C,2016-11-04,10,New Dwelling - permit
1061920000024,1,C,2008-09-13,50,Disaster Review
1061920000024,2059261,M,2025-12-26,10,New Dwelling - permit
1061920000024,2059262,M,2025-12-26,32,"Paving, Parking Lot, Slab"
1061920000030,1,C,2014-11-13,11,Additions or Remodeling
1061920000035,1925020,C,2023-04-27,07,Extra Features (OB&Y)
1061930000003,1,C,2008-09-13,50,Disaster Review
1061930000020,1,C,2004-11-18,12,Repairs (Foundation / GM)
1061940000001,1,C,2008-09-13,50,Disaster Review
1061940000001,2,C,2009-01-01,17,Disaster Repair
1061940000001,3,C,2012-10-17,13,Residential Demolition
1061940000001,1812335,C,2021-02-26,10,New Dwelling - permit
1061940000002,1,C,2010-11-11,11,Additions or Remodeling
1061940000030,1,C,2010-11-11,11,Additions or Remodeling
1061950000019,1,C,2017-01-01,11,Additions or Remodeling
1061950000034,1231630,C,2010-05-07,11,Additions or Remodeling
1061960000005,1,C,2017-01-01,11,Additions or Remodeling
1061960000009,1150950,C,2008-03-20,12,Repairs (Foundation / GM)
1061960000014,1,C,2004-11-09,12,Repairs (Foundation / GM)
1061960000016,2,C,2004-11-09,12,Repairs (Foundation / GM)
1061970000006,1,C,2024-01-09,11,Additions or Remodeling
1061980000015,1508166,C,2016-09-14,11,Additions or Remodeling
1061990000014,1491340,C,2016-04-27,12,Repairs (Foundation / GM)
1061990000016,1,C,2010-11-11,12,Repairs (Foundation / GM)
1062000000001,1,C,2011-10-25,11,Additions or Remodeling
1062010000013,1,C,2008-09-13,50,Disaster Review
1062010000014,1,C,2008-09-13,50,Disaster Review
0924760000051,1658170,C,2018-04-18,12,Repairs (Foundation / GM)
0924760000052,1,C,2008-09-13,50,Disaster Review
0924760000055,1,C,2008-09-13,50,Disaster Review
0924770000003,1,C,2015-09-22,12,Repairs (Foundation / GM)
0924780000003,1,C,2008-09-13,50,Disaster Review
0924780000003,1203914,C,2009-08-11,12,Repairs (Foundation / GM)
0924780000003,1231289,C,2010-05-28,12,Repairs (Foundation / GM)
0924780000004,2017081,C,2025-02-11,11,Additions or Remodeling
0924780000011,925491,C,2004-02-06,12,Repairs (Foundation / GM)
0924790000001,1,C,2008-09-13,50,Disaster Review
0924790000001,1752970,C,2019-12-17,50,Disaster Review
0924790000002,1,C,2008-09-13,50,Disaster Review
0924800000005,1,C,2002-07-19,17,Disaster Repair
0924800000005,3,C,2019-09-19,50,Disaster Review
0924800000006,2057897,M,2025-12-29,11,Additions or Remodeling
0924810000002,1,C,2014-12-22,12,Repairs (Foundation / GM)
0924820000004,1,C,2008-09-13,50,Disaster Review
0924820000007,1459946,C,2015-08-31,11,Additions or Remodeling
0924820000011,1193010,C,2009-04-17,30,New Building
0924820000013,1208787,C,2009-10-28,13,Residential Demolition
0924820000014,1175002,C,2008-12-10,33,Commercial Demolition
0924820000014,1175003,C,2008-12-10,33,Commercial Demolition
0924820000014,1175004,C,2008-12-10,33,Commercial Demolition
0924820000014,1564223,C,2017-11-30,30,New Building
0935750000003,1,C,2009-09-11,17,Disaster Repair
0935750000004,1,C,2008-09-13,50,Disaster Review
0935750000010,1175112,C,2008-12-12,17,Disaster Repair
0935750000010,1691120,C,2018-11-19,07,Extra Features (OB&Y)
0935750000015,1907184,C,2022-12-01,07,Extra Features (OB&Y)
0935770010014,1803064,C,2020-12-09,07,Extra Features (OB&Y)
0935780010001,1,C,1899-12-30,11,Additions or Remodeling
0935780010009,1,C,2008-09-13,50,Disaster Review
0935790000004,1,C,1899-12-30,12,Repairs (Foundation / GM)
0935790000006,1,C,2003-09-29,10,New Dwelling - permit
0935790000007,1,C,2003-09-29,10,New Dwelling - permit
0935790000010,1,C,2008-09-13,50,Disaster Review
0935790010014,1116147,C,2007-10-03,12,Repairs (Foundation / GM)
0935790010019,1815016,C,2021-03-24,11,Additions or Remodeling
0935800000004,1,C,2022-10-24,12,Repairs (Foundation / GM)
0935800000004,2,C,2024-02-09,11,Additions or Remodeling
0935800000007,1,C,2008-09-13,50,Disaster Review
0935800000007,1329143,C,2012-10-17,13,Residential Demolition
0935800000015,1,C,2014-11-13,11,Additions or Remodeling
0935800000019,1786094,C,2020-08-05,12,Repairs (Foundation / GM)
0935800000021,1,M,2026-02-14,11,Additions or Remodeling
0935810010002,1958863,C,2023-12-04,11,Additions or Remodeling
0935810010003,1363326,C,2013-07-22,11,Additions or Remodeling
0935810010004,1,C,2010-09-16,16,Fire Reports
0935810010005,1,C,2011-02-10,16,Fire Reports
0935810010005,2,C,2011-02-10,13,Residential Demolition
0935810010005,1348662,C,2013-04-08,10,New Dwelling - permit
0935810010008,1780981,C,2020-07-10,11,Additions or Remodeling
0935810020012,1,C,1899-12-30,11,Additions or Remodeling
0950360000003,1,C,2009-05-05,30,New Building
0950360000003,2,C,2004-03-26,30,New Building
0981780000001,1,C,2001-06-08,17,Disaster Repair
0981780000001,1887484,C,2022-07-18,12,Repairs (Foundation / GM)
0981780000001,2051609,C,2025-10-28,11,Additions or Remodeling
0981780000002,1796842,C,2020-10-21,07,Extra Features (OB&Y)
0981780000002,2053928,M,2025-11-17,10,New Dwelling - permit
0981780000004,1,C,2001-06-08,17,Disaster Repair
0981780000004,1719781,C,2019-05-20,11,Additions or Remodeling
0981780000006,1,M,2026-03-09,17,Disaster Repair
0981780000008,944658,C,2004-09-10,09,New Dwelling - no permit
0981780000018,1,C,2001-06-08,17,Disaster Repair
0981790000027,1339848,C,2013-01-17,11,Additions or Remodeling
0981790000030,1745820,C,2019-09-19,50,Disaster Review
0981790000031,1745821,C,2019-09-19,50,Disaster Review
0981790000032,1745822,C,2019-09-19,50,Disaster Review
0981800000033,1688812,C,2018-10-31,07,Extra Features (OB&Y)
0981800000036,1223292,C,2010-02-17,11,Additions or Remodeling
0981800000037,1640271,C,2017-08-23,50,Disaster Review
0981800000038,1762607,C,2020-02-18,07,Extra Features (OB&Y)
0981800000044,1515243,C,2016-11-21,11,Additions or Remodeling
0981800000049,2,C,2014-02-27,13,Residential Demolition
0981800000049,3,C,1899-12-30,15,Relocation / Bldg Move
0981800000049,1672294,C,2018-07-26,14,RP Mobile Home w/ Land
0981800000050,1640279,C,2017-08-23,50,Disaster Review
0981800000051,1,C,2018-07-30,10,New Dwelling - permit
0981800000052,1,C,1899-12-30,10,New Dwelling - permit
0981810000001,1640281,C,2017-08-23,50,Disaster Review
0981810000002,1640282,C,2017-08-23,50,Disaster Review
0981810000004,1063981,C,2006-11-10,07,Extra Features (OB&Y)
0981810000005,1640284,C,2017-08-23,50,Disaster Review
0981810000006,1640285,C,2017-08-23,50,Disaster Review
0981810000007,1640286,C,2017-08-23,50,Disaster Review
0981810000012,1,C,2014-01-01,11,Additions or Remodeling
0981810000014,1276324,C,2011-07-15,31,"Addtns, Remodels, Lease Space"
0981810000014,1276325,C,2011-07-15,32,"Paving, Parking Lot, Slab"
0981810000014,1497434,C,2016-06-27,31,"Addtns, Remodels, Lease Space"
0981810000023,1511837,C,2016-10-21,31,"Addtns, Remodels, Lease Space"
0981810000054,1640288,C,2017-08-23,50,Disaster Review
0981810000062,1663439,C,2018-05-09,50,Disaster Review
0441490000015,1495004,C,2016-02-22,31,"Addtns, Remodels, Lease Space"
0441490000036,2034479,C,2025-06-24,84,Exempt Property
0441490000036,2034480,C,2025-06-24,84,Exempt Property
0441490000040,3,C,2021-12-02,35,Fire Reports
0441490000040,4,C,2022-03-03,35,Fire Reports
0441490000040,5,C,2025-08-24,35,Fire Reports
0441490000040,1139671,C,2008-03-25,31,"Addtns, Remodels, Lease Space"
0441490000040,1139673,C,2008-03-25,31,"Addtns, Remodels, Lease Space"
0441490000040,1139820,C,2008-03-26,31,"Addtns, Remodels, Lease Space"
0441490000040,1139821,C,2008-03-26,31,"Addtns, Remodels, Lease Space"
0441490000040,1196593,C,2009-06-04,31,"Addtns, Remodels, Lease Space"
0441490000040,1196594,C,2009-06-04,31,"Addtns, Remodels, Lease Space"
0441490000040,1196595,C,2009-06-04,31,"Addtns, Remodels, Lease Space"
0441490000040,1219432,C,2010-03-02,31,"Addtns, Remodels, Lease Space"
0441490000040,1297151,C,2012-01-31,31,"Addtns, Remodels, Lease Space"
0441490000040,1299439,C,2012-02-14,31,"Addtns, Remodels, Lease Space"
0441490000040,1309114,C,2012-05-14,31,"Addtns, Remodels, Lease Space"
0441490000040,1312545,C,2012-06-06,30,New Building
0441490000040,1313101,C,2012-06-13,31,"Addtns, Remodels, Lease Space"
0441490000040,1436931,C,2015-03-13,31,"Addtns, Remodels, Lease Space"
0441490000040,1557416,C,2017-10-18,31,"Addtns, Remodels, Lease Space"
0441490000040,1682794,C,2018-09-14,31,"Addtns, Remodels, Lease Space"
0441490000040,1764803,C,2020-03-17,31,"Addtns, Remodels, Lease Space"
0441490000055,2,C,2004-10-12,31,"Addtns, Remodels, Lease Space"
0441490000060,1,C,2010-07-16,31,"Addtns, Remodels, Lease Space"
0441490000151,1,C,2009-02-25,31,"Addtns, Remodels, Lease Space"
0441520010001,1,C,2023-12-13,31,"Addtns, Remodels, Lease Space"
0441520010001,2,C,2023-06-14,31,"Addtns, Remodels, Lease Space"
0441520010001,1982641,C,2024-06-06,31,"Addtns, Remodels, Lease Space"
0441520010001,2049513,M,2025-10-31,30,New Building
0441520010001,2055284,M,2025-11-20,31,"Addtns, Remodels, Lease Space"
0441550020071,1,C,2023-05-04,35,Fire Reports
0441550020071,3,C,2019-12-02,31,"Addtns, Remodels, Lease Space"
0441550020073,1,C,2018-08-12,84,Exempt Property
0441570000016,1,C,2003-08-18,31,"Addtns, Remodels, Lease Space"
0441570000016,2,C,2013-01-29,35,Fire Reports
0441570000016,1013718,C,2005-11-02,31,"Addtns, Remodels, Lease Space"
0441570000016,1267739,C,2011-04-20,31,"Addtns, Remodels, Lease Space"
0441570000016,1267740,C,2011-04-20,31,"Addtns, Remodels, Lease Space"
0441570000016,1267741,C,2011-04-20,31,"Addtns, Remodels, Lease Space"
0441570000016,1267742,C,2011-04-20,31,"Addtns, Remodels, Lease Space"
0441570000016,1267744,C,2011-04-20,31,"Addtns, Remodels, Lease Space"
0441570000016,1267745,C,2011-04-20,31,"Addtns, Remodels, Lease Space"
0441570000016,1267746,C,2011-04-20,31,"Addtns, Remodels, Lease Space"
0441570000016,1267747,C,2011-04-20,31,"Addtns, Remodels, Lease Space"
0441570000016,1267748,C,2011-04-20,31,"Addtns, Remodels, Lease Space"
0441570000016,1267750,C,2011-04-20,31,"Addtns, Remodels, Lease Space"
0441570000016,1267761,C,2011-04-20,31,"Addtns, Remodels, Lease Space"
0441570000016,1267762,C,2011-04-20,31,"Addtns, Remodels, Lease Space"
0441570000016,1268455,C,2011-04-29,31,"Addtns, Remodels, Lease Space"
0441570000016,1348486,C,2013-04-05,35,Fire Reports
0441570000016,1946485,C,2023-09-25,30,New Building
0441570000016,1973992,C,2024-04-04,31,"Addtns, Remodels, Lease Space"
0441570000016,1973993,C,2024-04-04,31,"Addtns, Remodels, Lease Space"
0441570000016,1973994,C,2024-04-04,31,"Addtns, Remodels, Lease Space"
0441570000050,957182,C,2004-06-18,32,"Paving, Parking Lot, Slab"
0441570000050,957183,C,2004-06-18,40,New Building
0441570000051,1,C,1899-12-30,32,"Paving, Parking Lot, Slab"
0441570000051,1419088,C,2014-10-07,32,"Paving, Parking Lot, Slab"
0441570000051,1439123,C,2015-04-15,32,"Paving, Parking Lot, Slab"
0441570000052,1128126,C,2007-10-15,30,New Building
0441570000052,1130953,C,2007-09-20,31,"Addtns, Remodels, Lease Space"
0441570000052,1130954,C,2007-09-20,31,"Addtns, Remodels, Lease Space"
0441570010017,1762364,C,2020-02-26,30,New Building
0441570010017,1766622,C,2020-03-12,30,New Building
0441570010028,1209926,C,2009-11-10,07,Extra Features (OB&Y)
0450060000001,3,C,2017-08-15,31,"Addtns, Remodels, Lease Space"
0450060000030,1201767,C,2009-09-29,31,"Addtns, Remodels, Lease Space"
0450060000030,1201768,C,2009-09-29,32,"Paving, Parking Lot, Slab"
0450060000030,1714974,C,2019-04-24,30,New Building
0450060000030,1714975,C,2019-04-24,32,"Paving, Parking Lot, Slab"
0450060000105,1,C,2006-01-11,32,"Paving, Parking Lot, Slab"
0450060000105,2,C,1899-12-30,31,"Addtns, Remodels, Lease Space"
0451220000025,1,C,2004-11-12,31,"Addtns, Remodels, Lease Space"
0451220000025,1005660,C,2005-07-21,30,New Building
0451220000025,1265651,C,2011-04-13,31,"Addtns, Remodels, Lease Space"
0451220000025,1265652,C,2013-10-03,31,"Addtns, Remodels, Lease Space"
0451220000025,1265653,C,2015-06-25,31,"Addtns, Remodels, Lease Space"
0451220000025,1265654,C,2015-06-25,31,"Addtns, Remodels, Lease Space"
0451220000030,1,C,2010-12-22,13,Residential Demolition
0451220000031,1371855,C,2013-10-03,32,"Paving, Parking Lot, Slab"
0451220000071,1109912,C,2007-11-26,11,Additions or Remodeling
0451220000071,1639744,C,2017-08-23,50,Disaster Review
0451220000080,1359337,C,2013-06-12,32,"Paving, Parking Lot, Slab"
0451220000080,1359338,C,2013-06-12,31,"Addtns, Remodels, Lease Space"
0451220000080,1359339,C,2013-06-12,30,New Building
0451220000090,1,C,2016-02-11,08,Tangible (PP) Mobile Home
0451220000090,1376009,C,2013-11-13,14,RP Mobile Home w/ Land
0451220000135,1573584,C,2017-08-23,50,Disaster Review
0451220000142,1,C,2003-10-08,17,Disaster Repair
0451220000142,1573585,C,2017-08-23,50,Disaster Review
0451220000142,1654904,A,2018-04-04,17,Disaster Repair
0451220000184,1,C,2002-08-08,10,New Dwelling - permit
0451220000184,1411667,C,2014-07-24,32,"Paving, Parking Lot, Slab"
0451220000185,1,C,2018-03-22,09,New Dwelling - no permit
0451220000192,1,C,2003-11-14,10,New Dwelling - permit
0451220000192,1005582,C,2005-09-06,07,Extra Features (OB&Y)
0451220000200,4,C,2014-07-24,31,"Addtns, Remodels, Lease Space"
0451220000200,6,C,2018-07-31,30,New Building
0451220000200,7,C,2022-09-08,31,"Addtns, Remodels, Lease Space"
0451220020104,1,C,2017-01-03,14,RP Mobile Home w/ Land
0451220020104,2,C,2017-04-03,07,Extra Features (OB&Y)
0451220020106,1882709,C,2022-06-15,14,RP Mobile Home w/ Land
0451220020108,1225498,C,2010-04-07,14,RP Mobile Home w/ Land
0451220020108,1248476,C,2010-11-18,14,RP Mobile Home w/ Land
0451220020108,1259163,C,2011-02-11,07,Extra Features (OB&Y)
0451220020108,1259164,C,2011-02-11,07,Extra Features (OB&Y)
0451220020114,1180350,C,2009-04-21,10,New Dwelling - permit
0451220020114,1934049,C,2023-06-20,11,Additions or Remodeling
0451220020120,1,C,2006-04-11,14,RP Mobile Home w/ Land
0451220020125,1,C,2021-08-12,10,New Dwelling - permit
0451220020136,1259386,C,2011-02-18,14,RP Mobile Home w/ Land
0451220020138,1,C,2008-09-13,50,Disaster Review
0451220020139,1465512,C,2015-11-03,14,RP Mobile Home w/ Land
0451220020142,1968125,C,2024-02-08,10,New Dwelling - permit
0451220020144,1,C,2008-09-13,50,Disaster Review
0451220020146,1279394,C,2011-08-12,14,RP Mobile Home w/ Land
0451220020150,1402698,C,2014-05-09,14,RP Mobile Home w/ Land
0451220020154,1415203,C,2014-09-02,07,Extra Features (OB&Y)
0451220020159,1,C,2010-01-06,07,Extra Features (OB&Y)
0451220020159,1968126,C,2024-02-08,11,Additions or Remodeling
0451220020159,1968127,C,2024-02-08,07,Extra Features (OB&Y)
0451220030002,1,C,2012-03-29,07,Extra Features (OB&Y)
0451220030002,970356,C,2004-12-29,14,RP Mobile Home w/ Land
0451220030002,2002888,M,2024-10-24,10,New Dwelling - permit
0451220030007,1916257,C,2023-02-14,14,RP Mobile Home w/ Land
0451220030011,1,C,2018-02-28,07,Extra Features (OB&Y)
0451220030013,1157731,C,2008-07-17,11,Additions or Remodeling
0451220030014,1639752,C,2017-08-23,50,Disaster Review
0451220030020,1184893,C,2009-07-30,07,Extra Features (OB&Y)
0451220030023,1002835,C,2005-03-17,11,Additions or Remodeling
0451220030023,1454364,C,2015-04-02,11,Additions or Remodeling
0451220030024,1311877,C,2012-05-25,11,Additions or Remodeling
0451220030028,944680,C,2004-09-16,10,New Dwelling - permit
0451220030028,1639761,C,2017-08-23,50,Disaster Review
0451220030031,1,C,2008-01-01,13,Residential Demolition
0451220030031,1088872,C,2007-02-15,10,New Dwelling - permit
0451220030041,1518836,C,2016-12-21,10,New Dwelling - permit
0451220030041,1929334,C,2023-05-26,14,RP Mobile Home w/ Land
0451220030047,1,C,2012-03-29,07,Extra Features (OB&Y)
0451220040003,1639767,C,2017-08-23,50,Disaster Review
0451220040008,2051385,M,2025-10-03,14,RP Mobile Home w/ Land
0451220040009,1,C,2018-03-28,14,RP Mobile Home w/ Land
0470910000013,1972172,M,2024-03-22,07,Extra Features (OB&Y)
0470910000013,1972173,M,2024-03-22,07,Extra Features (OB&Y)
0470910000013,1972174,M,2024-03-22,07,Extra Features (OB&Y)
0470910000031,1,C,2004-03-31,31,"Addtns, Remodels, Lease Space"
0470910000031,2,C,2004-03-31,32,"Paving, Parking Lot, Slab"
0470910000031,1040903,C,2006-05-02,31,"Addtns, Remodels, Lease Space"
0470910000031,1835797,C,2021-07-23,31,"Addtns, Remodels, Lease Space"
0470910000031,1869814,C,2022-03-09,31,"Addtns, Remodels, Lease Space"
0470910000031,1984745,M,2024-06-03,31,"Addtns, Remodels, Lease Space"
0470910000031,1984746,M,2024-06-03,31,"Addtns, Remodels, Lease Space"
0470910000034,2,C,2008-11-05,31,"Addtns, Remodels, Lease Space"
0470910000034,3,C,2009-06-25,31,"Addtns, Remodels, Lease Space"
0470920015760,1341064,C,2013-02-14,10,New Dwelling - permit
0470920015760,1989223,C,2024-07-23,14,RP Mobile Home w/ Land
0471570000002,1573678,C,2017-08-23,50,Disaster Review
0471570000004,1,C,2009-07-30,43,Demolition
0471570000004,1573679,C,2017-08-23,50,Disaster Review
0471570000004,1894623,C,2022-09-13,30,New Building
0471570000007,3,C,2006-11-01,10,New Dwelling - permit
0471570000007,1115447,C,2007-09-04,07,Extra Features (OB&Y)
0471570000010,1969745,C,2024-02-19,31,"Addtns, Remodels, Lease Space"
0471570000013,1828326,C,2021-06-08,12,Repairs (Foundation / GM)
0471570000013,1863469,C,2022-02-11,12,Repairs (Foundation / GM)
0471570000014,1,C,2024-10-19,35,Fire Reports
0471570000014,1118170,C,2007-11-28,31,"Addtns, Remodels, Lease Space"
0471570000014,1468159,C,2015-10-01,30,New Building
0471570000018,1573680,C,2017-08-23,50,Disaster Review
0471570000020,2,C,2015-06-17,13,Residential Demolition
0471570000020,1901027,C,2022-10-12,31,"Addtns, Remodels, Lease Space"
0471570000020,1901028,C,2022-10-12,31,"Addtns, Remodels, Lease Space"
0471570000020,1901029,C,2022-10-12,30,New Building
0471570000022,1573681,C,2017-08-23,50,Disaster Review
0471570000022,1991290,C,2024-08-02,12,Repairs (Foundation / GM)
0471570000026,2,C,2008-09-13,50,Disaster Review
0471570000026,1713099,C,2019-04-08,11,Additions or Remodeling
0471570000026,1741040,C,2019-10-31,07,Extra Features (OB&Y)
0471570000029,1,C,2017-01-01,11,Additions or Remodeling
0471570000031,1573682,C,2017-08-23,50,Disaster Review
0471570000031,1867495,C,2022-03-23,11,Additions or Remodeling
0471570000036,1052258,C,2006-08-17,10,New Dwelling - permit
0471570000036,1199711,C,2009-07-17,07,Extra Features (OB&Y)
0471570000037,1775023,C,2020-06-16,12,Repairs (Foundation / GM)
0471570000037,1941608,C,2023-08-26,10,New Dwelling - permit
0471570000039,1193821,C,2009-04-30,31,"Addtns, Remodels, Lease Space"
0471570000041,1,C,2008-01-01,07,Extra Features (OB&Y)
0471570000041,1126811,C,2007-08-23,13,Residential Demolition
0471570000084,1,C,2008-09-13,50,Disaster Review
0471570000096,1,C,2007-05-15,10,New Dwelling - permit
0471570000100,1209998,C,2009-11-11,32,"Paving, Parking Lot, Slab"
0471570000100,1211034,C,2009-12-10,31,"Addtns, Remodels, Lease Space"
0471570000106,1160319,C,2008-06-18,07,Extra Features (OB&Y)
0471570007358,1,C,2009-11-11,32,"Paving, Parking Lot, Slab"
0471570007358,2,C,2009-12-10,31,"Addtns, Remodels, Lease Space"
0471720000012,1154087,C,2008-05-16,31,"Addtns, Remodels, Lease Space"
0471720000012,1154088,C,2008-05-16,32,"Paving, Parking Lot, Slab"
0471720000013,1120751,C,2007-07-17,30,New Building
0471720000013,1120752,C,2007-07-17,30,New Building
0471720000013,1662917,C,2018-05-02,32,"Paving, Parking Lot, Slab"
0472040000001,1055895,C,2006-03-07,31,"Addtns, Remodels, Lease Space"
0472040000001,1055902,C,2006-07-13,31,"Addtns, Remodels, Lease Space"
0472040000001,1055907,C,2006-07-13,31,"Addtns, Remodels, Lease Space"
0472040000001,1055909,C,2006-07-13,32,"Paving, Parking Lot, Slab"
0472040000001,1055911,C,2006-08-24,32,"Paving, Parking Lot, Slab"
0472040000002,1,C,2003-08-14,31,"Addtns, Remodels, Lease Space"
0472040000002,1491134,C,2016-04-11,31,"Addtns, Remodels, Lease Space"
0472040000002,1733195,C,2019-08-23,32,"Paving, Parking Lot, Slab"
0472040000004,1055898,C,2006-03-03,32,"Paving, Parking Lot, Slab"
0472040000004,1055903,C,2006-03-03,31,"Addtns, Remodels, Lease Space"
0472040000005,1,C,2011-11-07,32,"Paving, Parking Lot, Slab"
0472040000005,2,C,2012-05-07,31,"Addtns, Remodels, Lease Space"
0472040000005,1511848,C,2016-10-23,32,"Paving, Parking Lot, Slab"
0472040000007,1,C,2007-10-01,84,Exempt Property
0472040000008,2,C,2004-12-17,31,"Addtns, Remodels, Lease Space"
0472040000021,1,C,2005-10-17,31,"Addtns, Remodels, Lease Space"
0472040000021,2,C,2006-11-28,31,"Addtns, Remodels, Lease Space"
0472040000021,3,C,2008-09-17,31,"Addtns, Remodels, Lease Space"
0472040000021,4,C,2015-12-03,07,Extra Features (OB&Y)
0472040000022,2,C,2008-01-17,30,New Building
0472040000022,3,C,2008-01-17,30,New Building
0472040000022,4,C,2010-12-20,30,New Building
0472040000026,1,C,2006-11-28,31,"Addtns, Remodels, Lease Space"
0472040000121,983871,C,2005-01-11,32,"Paving, Parking Lot, Slab"
0472040000131,1,C,2003-10-06,84,Exempt Property
0472040000155,1,C,2005-06-14,31,"Addtns, Remodels, Lease Space"
0420720000004,1,C,2003-09-24,84,Exempt Property
0420720000004,994871,C,2005-06-06,31,"Addtns, Remodels, Lease Space"
0420720000004,1266324,C,2011-04-29,31,"Addtns, Remodels, Lease Space"
0420720000004,1359321,C,2013-06-12,31,"Addtns, Remodels, Lease Space"
0420720000004,1825742,C,2021-05-03,31,"Addtns, Remodels, Lease Space"
0420720000004,1844050,C,2021-09-21,32,"Paving, Parking Lot, Slab"
0420720000010,1971985,C,2024-03-11,32,"Paving, Parking Lot, Slab"
0421580000023,1,C,2004-11-11,39,New Construction w/o Permit
0421580000023,1080116,C,2007-02-26,30,New Building
0421580000023,1314313,C,2012-06-28,31,"Addtns, Remodels, Lease Space"
0421580000023,1314314,C,2012-06-28,31,"Addtns, Remodels, Lease Space"
0421580000023,1314315,C,2012-06-28,31,"Addtns, Remodels, Lease Space"
0421580000023,1397144,C,2014-04-28,31,"Addtns, Remodels, Lease Space"
0421580000035,1131139,C,2007-08-13,84,Exempt Property
0421580000035,1502700,C,2016-07-28,31,"Addtns, Remodels, Lease Space"
0421580000035,1502706,C,2016-07-29,31,"Addtns, Remodels, Lease Space"
0421580000035,1768393,C,2020-04-09,84,Exempt Property
0421580000035,1818859,C,2021-04-07,31,"Addtns, Remodels, Lease Space"
0421580000035,1906435,C,2022-12-08,31,"Addtns, Remodels, Lease Space"
0421580000035,1914415,C,2023-02-13,84,Exempt Property
0421580000035,1927147,C,2023-05-26,84,Exempt Property
0421580000060,2,C,2024-01-30,35,Fire Reports
0421580000060,2033195,C,2025-06-18,31,"Addtns, Remodels, Lease Space"
0421580000105,1,C,2019-02-12,84,Exempt Property
0421580000133,1205205,C,2009-08-28,31,"Addtns, Remodels, Lease Space"
0431620000013,1573338,C,2017-08-23,50,Disaster Review
0431620000014,924898,C,2004-01-27,12,Repairs (Foundation / GM)
0431620000014,1573339,C,2017-08-23,50,Disaster Review
0431620000016,1,C,2026-03-17,07,Extra Features (OB&Y)
0431620000016,1573340,C,2017-08-23,50,Disaster Review
0431620000016,1573341,M,2025-02-13,11,Additions or Remodeling
0431620000017,1,C,2025-02-13,11,Additions or Remodeling
0431620000017,1573341,C,2017-08-23,50,Disaster Review
0431620000018,1,C,2008-09-13,50,Disaster Review
0431620000018,1573342,C,2017-08-23,50,Disaster Review
0431620000019,957316,C,2004-10-06,31,"Addtns, Remodels, Lease Space"
0431620000019,1190533,C,2009-03-10,31,"Addtns, Remodels, Lease Space"
0431620000039,1194884,C,2009-05-13,07,Extra Features (OB&Y)
0431620000050,1,C,2009-05-13,07,Extra Features (OB&Y)
0431630000008,1848689,C,2021-10-25,31,"Addtns, Remodels, Lease Space"
0431630000009,1,C,2012-06-26,84,Exempt Property
0431630000040,1,C,2009-08-04,32,"Paving, Parking Lot, Slab"
0431630000055,2,C,2009-01-27,30,New Building
0431630000055,4,C,2010-02-03,33,Commercial Demolition
0431630000127,2056588,C,2025-11-20,32,"Paving, Parking Lot, Slab"
0431630000127,2060591,C,2025-12-02,84,Exempt Property
0431630000128,1514124,C,2016-10-05,30,New Building
0431700000003,1301845,C,2012-03-28,32,"Paving, Parking Lot, Slab"
0431700000003,1301846,C,2012-03-28,31,"Addtns, Remodels, Lease Space"
0431700000003,1314753,C,2012-06-06,32,"Paving, Parking Lot, Slab"
0431700000003,1315400,C,2012-06-20,32,"Paving, Parking Lot, Slab"
0431700000003,1326143,C,2012-09-21,32,"Paving, Parking Lot, Slab"
0431700000003,1375764,C,2013-11-05,32,"Paving, Parking Lot, Slab"
0431700000003,1461446,C,2015-09-16,32,"Paving, Parking Lot, Slab"
0431700000003,1844250,C,2021-09-03,32,"Paving, Parking Lot, Slab"
0431700000105,1662789,C,2018-05-09,32,"Paving, Parking Lot, Slab"
0431700000123,1820865,C,2021-04-21,31,"Addtns, Remodels, Lease Space"
0431700000123,1820866,C,2021-04-16,32,"Paving, Parking Lot, Slab"
0431790000101,1115516,C,2007-09-11,07,Extra Features (OB&Y)
0431790000105,1,C,2022-11-15,12,Repairs (Foundation / GM)
0431790000105,1906452,C,2022-12-27,11,Additions or Remodeling
0431790000105,1906453,C,2022-12-15,11,Additions or Remodeling
0431790000105,2037514,C,2025-07-15,11,Additions or Remodeling
0431790000116,2,C,2007-09-26,11,Additions or Remodeling
0431790000116,1139758,C,2008-03-26,12,Repairs (Foundation / GM)
0431790000170,942940,C,2004-09-15,30,New Building
0431790000170,942941,C,2004-09-15,32,"Paving, Parking Lot, Slab"
0431790000210,1016309,C,2005-04-01,31,"Addtns, Remodels, Lease Space"
0431790000210,1156603,C,2008-06-26,31,"Addtns, Remodels, Lease Space"
0431790000210,1156604,C,2008-06-26,31,"Addtns, Remodels, Lease Space"
0431790000210,1156605,C,2008-06-26,31,"Addtns, Remodels, Lease Space"
0431790000310,1139566,C,2008-03-21,31,"Addtns, Remodels, Lease Space"
0431790000310,1281846,C,2011-08-23,30,New Building
0431790000310,1349959,C,2013-04-24,31,"Addtns, Remodels, Lease Space"
0431790000310,1519863,C,2016-12-12,30,New Building
0431790000310,1876472,C,2022-05-26,33,Commercial Demolition
0431790000508,1230494,C,2010-05-18,30,New Building
0431790000508,1244321,C,2010-09-21,31,"Addtns, Remodels, Lease Space"
0431790000508,1247666,C,2010-10-27,40,New Building
0431790000511,1080314,C,2007-03-09,31,"Addtns, Remodels, Lease Space"
0431790000533,1097660,C,2007-06-21,31,"Addtns, Remodels, Lease Space"
0431790000533,1160376,C,2008-05-23,31,"Addtns, Remodels, Lease Space"
0431790000533,1485648,C,2016-05-02,31,"Addtns, Remodels, Lease Space"
0431790002804,1645197,C,2018-01-23,31,"Addtns, Remodels, Lease Space"
0431790002804,2002783,C,2024-10-23,31,"Addtns, Remodels, Lease Space"
0431790002807,1,C,2010-08-16,35,Fire Reports
0440250000191,1016346,C,2005-04-06,31,"Addtns, Remodels, Lease Space"
0440250000191,1382434,C,2013-12-17,30,New Building
0440250000195,1119575,C,2007-12-11,31,"Addtns, Remodels, Lease Space"
0440250000200,1684361,C,2018-09-16,31,"Addtns, Remodels, Lease Space"
0440250000316,2043576,C,2025-08-25,31,"Addtns, Remodels, Lease Space"
0440250000377,1523801,C,2017-01-19,30,New Building
0440250020025,1800523,C,2020-11-04,31,"Addtns, Remodels, Lease Space"
0440250020070,1916225,C,2023-02-21,31,"Addtns, Remodels, Lease Space"
0440250020075,1758873,C,2020-01-10,31,"Addtns, Remodels, Lease Space"
0441110002402,1998113,C,2024-09-09,32,"Paving, Parking Lot, Slab"
0441110002402,1998116,C,2024-09-18,30,New Building
0460400000011,1,C,2008-12-19,31,"Addtns, Remodels, Lease Space"
0460400000020,1,C,2023-10-17,31,"Addtns, Remodels, Lease Space"
0460400000295,1,C,2008-03-25,30,New Building
0460400000295,2,C,2008-07-31,30,New Building
0460400000295,3,C,2008-07-31,30,New Building
0460400000295,4,C,2008-07-31,30,New Building
0460400000295,5,C,2008-12-01,31,"Addtns, Remodels, Lease Space"
0460400000295,6,C,2008-12-01,31,"Addtns, Remodels, Lease Space"
0460400000295,7,C,2008-12-03,31,"Addtns, Remodels, Lease Space"
0460400000295,8,C,2008-12-22,30,New Building
0460400000295,9,C,2012-05-25,30,New Building
0460400000295,10,C,2012-06-25,30,New Building
0460400000295,11,C,2012-06-25,30,New Building
0460400000305,2,C,2007-12-11,30,New Building
0460400000306,1,C,2009-07-31,31,"Addtns, Remodels, Lease Space"
0460400000320,2,C,2004-12-17,31,"Addtns, Remodels, Lease Space"
0460400000342,1,C,2008-06-14,31,"Addtns, Remodels, Lease Space"
0460400000342,2,C,2011-06-15,31,"Addtns, Remodels, Lease Space"
0460400000342,3,C,2011-10-05,31,"Addtns, Remodels, Lease Space"
0460400000407,1,C,2009-06-17,30,New Building
0461470000009,1025101,C,2006-03-17,31,"Addtns, Remodels, Lease Space"
0461470000011,1,C,2009-12-07,35,Fire Reports
0461470000011,2000504,C,2024-10-17,31,"Addtns, Remodels, Lease Space"
0461470000059,1,C,2006-05-25,30,New Building
0461470000059,1120846,C,2007-07-25,30,New Building
0480980000018,1,C,2006-10-11,31,"Addtns, Remodels, Lease Space"
0480980000018,2,C,2006-09-18,32,"Paving, Parking Lot, Slab"
0480980000018,1057461,C,2006-05-24,31,"Addtns, Remodels, Lease Space"
0480980000018,1853441,C,2021-11-18,32,"Paving, Parking Lot, Slab"
0482070000010,1780133,C,2020-07-08,31,"Addtns, Remodels, Lease Space"
0482070000010,1996205,C,2024-09-25,31,"Addtns, Remodels, Lease Space"
0570090000007,1057497,C,2006-05-26,84,Exempt Property
0570090000007,1057498,C,2006-05-26,84,Exempt Property
0570090000007,1204791,C,2009-08-24,30,New Building
0570090000007,1234267,C,2010-06-03,32,"Paving, Parking Lot, Slab"
0570090000007,1403603,C,2014-05-28,32,"Paving, Parking Lot, Slab"
0570090000025,1,C,1899-12-30,43,Demolition
0570090000026,1,C,1899-12-30,43,Demolition
0642100010014,1473323,C,2015-12-15,32,"Paving, Parking Lot, Slab"
0642100010014,1488125,C,2016-03-22,31,"Addtns, Remodels, Lease Space"
1139740010014,1,C,2008-09-13,50,Disaster Review
1139740010024,1,C,2004-10-11,15,Relocation / Bldg Move
1139740010024,936397,C,2004-03-17,10,New Dwelling - permit
1139740010032,1,C,2002-12-10,10,New Dwelling - permit
1139740020016,1,C,2017-01-01,11,Additions or Remodeling
1139740020025,1,C,2011-10-02,11,Additions or Remodeling
1139740030001,1619750,C,2017-08-23,50,Disaster Review
1139740030002,1619751,C,2017-08-23,50,Disaster Review
1139740030003,1619752,C,2017-08-23,50,Disaster Review
1139740030004,1619753,C,2017-08-23,50,Disaster Review
1139740030006,1,C,2011-10-14,12,Repairs (Foundation / GM)
1139740030021,1,C,2017-01-01,11,Additions or Remodeling
1139740030028,1664123,C,2018-05-09,17,Disaster Repair
1139740030029,1619754,C,2017-08-23,50,Disaster Review
1139740030030,1619755,C,2017-08-23,50,Disaster Review
1139740030031,1619756,C,2017-08-23,50,Disaster Review
1139740030032,1619757,C,2017-08-23,50,Disaster Review
1139740030033,1619758,C,2017-08-23,50,Disaster Review
1139740030034,1619759,C,2017-08-23,50,Disaster Review
1139740030035,1619760,C,2017-08-23,50,Disaster Review
1139740030036,1619761,C,2017-08-23,50,Disaster Review
1139740030037,1619762,C,2017-08-23,50,Disaster Review
1139740030038,1619763,C,2017-08-23,50,Disaster Review
1139740030039,1619764,C,2017-08-23,50,Disaster Review
1139740030040,1619765,C,2017-08-23,50,Disaster Review
1139740030041,1619766,C,2017-08-23,50,Disaster Review
1139740030042,1619767,C,2017-08-23,50,Disaster Review
1139740030043,1619768,C,2017-08-23,50,Disaster Review
1139740030044,1157882,C,2008-07-18,32,"Paving, Parking Lot, Slab"
1139740030044,1158052,C,2008-07-24,31,"Addtns, Remodels, Lease Space"
1139740030045,1,C,2004-12-13,32,"Paving, Parking Lot, Slab"
1139740030045,1360181,C,2013-07-01,32,"Paving, Parking Lot, Slab"
1139740030045,1530836,C,2017-03-27,30,New Building
1139740030047,2,C,2004-06-26,39,New Construction w/o Permit
1139740030047,970594,C,2004-03-25,30,New Building
1139740030047,970595,C,2004-03-25,31,"Addtns, Remodels, Lease Space"
1139740030047,970596,C,2004-03-25,32,"Paving, Parking Lot, Slab"
1139740030047,1016445,C,2005-06-30,31,"Addtns, Remodels, Lease Space"
1139740030047,1063823,C,2006-11-07,31,"Addtns, Remodels, Lease Space"
1139740030047,1070592,C,2006-05-19,31,"Addtns, Remodels, Lease Space"
1139740030047,1530837,C,2017-03-28,31,"Addtns, Remodels, Lease Space"
1139740030047,1976229,C,2024-04-26,31,"Addtns, Remodels, Lease Space"
1139740030048,1,C,2017-03-27,32,"Paving, Parking Lot, Slab"
1139740030048,2,C,2017-03-27,30,New Building
1139740030050,1,C,2019-09-24,32,"Paving, Parking Lot, Slab"
1139740030050,1844616,C,2021-09-02,32,"Paving, Parking Lot, Slab"
1139740030050,1901272,C,2022-10-14,30,New Building
1139740030050,1952934,C,2023-10-11,31,"Addtns, Remodels, Lease Space"
1139740030050,1952935,C,2023-09-18,31,"Addtns, Remodels, Lease Space"
1139740030050,1998540,C,2024-09-03,31,"Addtns, Remodels, Lease Space"
1139740030050,2043884,C,2025-08-06,31,"Addtns, Remodels, Lease Space"
1139740040001,1,C,1899-12-30,50,Disaster Review
1139740040025,1,C,2011-10-17,12,Repairs (Foundation / GM)
1139740040038,1664124,C,2018-05-10,50,Disaster Review
1139740040041,1619769,C,2017-08-23,50,Disaster Review
1139740040042,1619770,C,2017-08-23,50,Disaster Review
1139740040043,1619771,C,2017-08-23,50,Disaster Review
1139740040044,1619772,C,2017-08-23,50,Disaster Review
1139740040045,1619773,C,2017-08-23,50,Disaster Review
1139740040046,1619774,C,2017-08-23,50,Disaster Review
1139740040046,1664125,C,2018-05-10,17,Disaster Repair
1139740040047,1,C,2018-12-18,11,Additions or Remodeling
1139740050008,1,C,2014-11-20,12,Repairs (Foundation / GM)
1139740050009,1964681,C,2024-01-18,07,Extra Features (OB&Y)
1139740050012,1944287,C,2023-08-18,11,Additions or Remodeling
1139740050019,1,C,1899-12-30,11,Additions or Remodeling
1139740050022,1,C,2017-01-01,11,Additions or Remodeling
1139740050028,1,C,2026-01-01,11,Additions or Remodeling
1139740050037,1667697,C,2018-06-11,10,New Dwelling - permit
1139740050038,1152285,C,2008-04-15,10,New Dwelling - permit
1139740050044,2,C,2024-02-11,12,Repairs (Foundation / GM)
1139740060002,986033,C,2005-02-16,17,Disaster Repair
1139740060017,940529,C,2004-06-18,11,Additions or Remodeling
1139740060017,993305,C,2005-05-26,17,Disaster Repair
1139740060018,940532,C,2004-06-21,10,New Dwelling - permit
1139740060019,1,C,2003-04-10,10,New Dwelling - permit
1139740060020,1,C,2003-04-10,10,New Dwelling - permit
1139740060039,1,C,2011-09-12,16,Fire Reports
1139740070012,2026812,C,2025-04-29,11,Additions or Remodeling
1139740070027,1,C,1899-12-30,12,Repairs (Foundation / GM)
1139740070035,1,C,2017-01-01,11,Additions or Remodeling
1139740080014,1,C,2003-01-10,10,New Dwelling - permit
1139740080016,1,C,2002-12-10,10,New Dwelling - permit
1139740080022,1,C,2008-09-13,50,Disaster Review
1139740080023,2,C,2008-09-13,50,Disaster Review
1139740080024,1,C,2008-09-13,50,Disaster Review
1139740080038,1754390,C,2019-12-09,11,Additions or Remodeling
1139740090005,1,C,2002-12-10,10,New Dwelling - permit
1139740090006,1,C,2003-04-10,10,New Dwelling - permit
1139740090007,936396,C,2004-03-17,10,New Dwelling - permit
1139740090008,1,C,2003-12-06,10,New Dwelling - permit
1139740090009,1,C,2003-09-25,10,New Dwelling - permit
1139740090010,1,C,2003-01-10,10,New Dwelling - permit
1139740090011,940534,C,2004-06-21,10,New Dwelling - permit
1139740090012,1,C,2003-09-26,10,New Dwelling - permit
1139740090013,1,C,2003-01-10,10,New Dwelling - permit
1139740090014,1,C,2003-12-06,10,New Dwelling - permit
1139740090015,1,C,2003-09-26,10,New Dwelling - permit
1139740090016,1,C,2004-03-10,09,New Dwelling - no permit
1139740090017,1,C,2003-09-26,10,New Dwelling - permit
1139740090018,1,C,2002-10-11,10,New Dwelling - permit
1139740090021,1677971,C,2018-08-22,50,Disaster Review
1139740090026,1,C,2026-01-01,11,Additions or Remodeling
1139740090027,1,C,2011-10-17,12,Repairs (Foundation / GM)
1139740090031,1,C,2002-10-11,10,New Dwelling - permit
1139740090033,1,C,2003-02-25,10,New Dwelling - permit
1139740090034,1,C,2003-04-10,10,New Dwelling - permit
1139740090036,1,C,2003-03-24,10,New Dwelling - permit
1139740100001,1619775,C,2017-08-23,50,Disaster Review
1139740100002,1619776,C,2017-08-23,50,Disaster Review
1139740100003,1619777,C,2017-08-23,50,Disaster Review
1139740100004,1619778,C,2017-08-23,50,Disaster Review
1139740100005,1619779,C,2017-08-23,50,Disaster Review
1139740100006,1619780,C,2017-08-23,50,Disaster Review
1139740100007,1619781,C,2017-08-23,50,Disaster Review
1139740100008,1619782,C,2017-08-23,50,Disaster Review
1139740100009,1,C,2019-03-11,50,Disaster Review
1139740100009,1619783,C,2017-08-23,50,Disaster Review
1139740100010,1619784,C,2017-08-23,50,Disaster Review
1139740100011,1619785,C,2017-08-23,50,Disaster Review
1139740100012,1619786,C,2017-08-23,50,Disaster Review
1139740100021,1460618,C,2015-09-17,11,Additions or Remodeling
1139740100023,991719,C,2005-05-04,11,Additions or Remodeling
1139740110001,1619787,C,2017-08-23,50,Disaster Review
1139740110002,1619788,C,2017-08-23,50,Disaster Review
1139740110003,1619789,C,2017-08-23,50,Disaster Review
1139740110004,1619790,C,2017-08-23,50,Disaster Review
1139740110005,1619791,C,2017-08-23,50,Disaster Review
1139740110006,1619792,C,2017-08-23,50,Disaster Review
1139740110007,1619793,C,2017-08-23,50,Disaster Review
1139740110008,1619794,C,2017-08-23,50,Disaster Review
1139740110009,1619795,C,2017-08-23,50,Disaster Review
1139740110010,1619796,C,2017-08-23,50,Disaster Review
1139740110011,1619797,C,2017-08-23,50,Disaster Review
1139740110012,1619798,C,2017-08-23,50,Disaster Review
1139740110018,1,C,2023-01-30,12,Repairs (Foundation / GM)
1139740110023,1,C,2026-01-01,11,Additions or Remodeling
1139740110037,1619799,C,2017-08-23,50,Disaster Review
1139740110038,1619800,C,2017-08-23,50,Disaster Review
1139740110039,1619801,C,2017-08-23,50,Disaster Review
1139740110040,1619802,C,2017-08-23,50,Disaster Review
1139740110041,1,C,2024-02-13,12,Repairs (Foundation / GM)
1139740110041,1619803,C,2017-08-23,50,Disaster Review
1139740110042,1,C,2003-11-03,10,New Dwelling - permit
1139740110044,1619804,C,2017-08-23,50,Disaster Review
1139740110054,1,C,2003-11-03,10,New Dwelling - permit
1139740110055,1,C,2011-10-14,12,Repairs (Foundation / GM)
1139740110056,940533,C,2004-06-21,10,New Dwelling - permit
1139740110059,1619805,C,2017-08-23,50,Disaster Review
1139740110060,1,C,2002-12-10,10,New Dwelling - permit
1139740120012,1664132,C,2018-05-09,17,Disaster Repair
1139740120018,1,M,2026-02-17,11,Additions or Remodeling
1139740120023,1,C,2003-10-29,07,Extra Features (OB&Y)
1139740120028,1451119,C,2015-07-24,07,Extra Features (OB&Y)
1139740120036,1270991,C,2011-05-04,07,Extra Features (OB&Y)
1139740120038,1619806,C,2017-08-23,50,Disaster Review
1154650000001,1426178,C,2014-12-29,32,"Paving, Parking Lot, Slab"
1154650000006,939663,C,2004-05-24,07,Extra Features (OB&Y)
1154650000010,1,C,2008-10-03,12,Repairs (Foundation / GM)
1154650000010,1874311,C,2022-04-13,07,Extra Features (OB&Y)
1154650000011,1,C,2022-12-29,07,Extra Features (OB&Y)
1154650000011,1844646,C,2021-09-20,11,Additions or Remodeling
1154650000017,1454350,C,2015-05-15,12,Repairs (Foundation / GM)
1154650000017,1724428,C,2019-06-04,10,New Dwelling - permit
1154650000017,1728925,C,2019-07-09,07,Extra Features (OB&Y)
1154650000022,1,C,2011-02-15,11,Additions or Remodeling
1154650000022,1233027,C,2010-06-04,11,Additions or Remodeling
1154650000022,1496308,C,2016-06-09,07,Extra Features (OB&Y)
1154650000022,1496309,C,2016-06-09,11,Additions or Remodeling
1154650000026,1667776,C,2018-06-22,07,Extra Features (OB&Y)
1154650000026,1754430,C,2019-12-12,10,New Dwelling - permit
1154650000027,1,C,1899-12-30,14,RP Mobile Home w/ Land
1154650000028,1311490,C,2012-05-18,14,RP Mobile Home w/ Land
1154650000028,1454326,C,2015-06-11,11,Additions or Remodeling
1154650000028,2031522,M,2025-05-08,10,New Dwelling - permit
1154650000030,1344014,C,2013-03-01,14,RP Mobile Home w/ Land
1154650000032,1429590,C,2015-01-15,14,RP Mobile Home w/ Land
1154650000033,1,C,2014-10-24,08,Tangible (PP) Mobile Home
1154650000033,2,C,2020-06-26,08,Tangible (PP) Mobile Home
1154650000033,1561063,C,2017-10-30,07,Extra Features (OB&Y)
1154650000036,1339437,C,2013-01-09,14,RP Mobile Home w/ Land
1154650000036,1468725,C,2015-11-17,07,Extra Features (OB&Y)
1154650000036,1501227,C,2016-07-27,07,Extra Features (OB&Y)
1154650000042,1,C,2025-10-15,09,New Dwelling - no permit
1154650000045,1157891,C,2008-07-18,11,Additions or Remodeling
1154650000047,1038670,C,2006-03-22,14,RP Mobile Home w/ Land
1154650000048,1,C,2010-04-22,14,RP Mobile Home w/ Land
1154650000055,1796957,C,2020-10-19,10,New Dwelling - permit
1154650000056,1916513,C,2023-02-03,10,New Dwelling - permit
1154650000061,1796958,C,2020-10-21,12,Repairs (Foundation / GM)
1154650000063,1684652,C,2018-09-13,11,Additions or Remodeling
1154650000072,1743719,C,2019-10-04,07,Extra Features (OB&Y)
1154650000072,1743720,C,2019-10-04,11,Additions or Remodeling
1154650000074,1503462,C,2016-08-02,07,Extra Features (OB&Y)
1154650000079,1836164,C,2021-07-14,07,Extra Features (OB&Y)
1154650000082,1,C,2006-03-03,07,Extra Features (OB&Y)
1154650000082,997656,C,2005-07-11,14,RP Mobile Home w/ Land
1154650000082,1857868,C,2021-12-15,14,RP Mobile Home w/ Land
1154650000086,1,C,2009-06-24,15,Relocation / Bldg Move
1154650000089,1265272,C,2011-04-01,07,Extra Features (OB&Y)
1154650000089,1265273,C,2011-04-01,07,Extra Features (OB&Y)
1154650000092,1316372,C,2012-07-13,14,RP Mobile Home w/ Land
1154650000099,1355120,C,2013-05-06,14,RP Mobile Home w/ Land
1154650000100,2,C,1899-12-30,11,Additions or Remodeling
1154650000100,1239186,C,2010-08-03,14,RP Mobile Home w/ Land
1154650000112,1,C,2003-07-22,07,Extra Features (OB&Y)
1154650000123,1247952,C,2010-11-01,11,Additions or Remodeling
1154650000131,1043642,C,2006-06-06,16,Fire Reports
1154650000133,1016981,C,2005-02-10,14,RP Mobile Home w/ Land
1154650000134,1054061,C,2006-09-06,07,Extra Features (OB&Y)
1154650000135,1270879,C,2011-05-02,07,Extra Features (OB&Y)
1154650000136,1443611,C,2015-05-22,14,RP Mobile Home w/ Land
1154650000138,1,C,2009-02-19,15,Relocation / Bldg Move
1154650000141,2035467,M,2025-06-02,14,RP Mobile Home w/ Land
1154650000145,1008216,C,2005-11-29,14,RP Mobile Home w/ Land
1154650000145,1678031,C,2018-08-06,08,Tangible (PP) Mobile Home
1154650000146,1478668,C,2016-01-14,11,Additions or Remodeling
1154650000152,2,C,2007-02-23,10,New Dwelling - permit
1154650000155,1501271,C,2016-07-28,14,RP Mobile Home w/ Land
1154650000161,1,C,2017-01-01,14,RP Mobile Home w/ Land
1154650000162,1,C,2003-02-24,07,Extra Features (OB&Y)
1154650000168,1,C,1899-12-30,08,Tangible (PP) Mobile Home
1154650000175,1,C,2010-04-22,14,RP Mobile Home w/ Land
1154650000178,1322291,C,2012-08-10,14,RP Mobile Home w/ Land
1154650000183,1,M,2025-01-11,12,Repairs (Foundation / GM)
1154650000187,1853640,C,2021-11-22,07,Extra Features (OB&Y)
1154650000189,1,C,2011-02-15,13,Residential Demolition
1154650000189,1728930,C,2019-07-08,14,RP Mobile Home w/ Land
1154650000189,1733458,C,2019-08-13,07,Extra Features (OB&Y)
1154650000191,1724430,C,2019-06-04,14,RP Mobile Home w/ Land
1154650000194,1,C,2014-09-03,10,New Dwelling - permit
1154650000194,2,C,2017-08-16,09,New Dwelling - no permit
1154650000194,1314619,C,2012-06-04,10,New Dwelling - permit
1154650000195,1702954,C,2019-01-30,11,Additions or Remodeling
1154650000195,1796959,C,2020-10-22,11,Additions or Remodeling
1154650000201,1,C,2024-01-17,13,Residential Demolition
1154650000201,936833,C,2004-03-29,09,New Dwelling - no permit
1154650000201,1305719,C,2012-04-30,11,Additions or Remodeling
1154650000201,1920600,C,2023-03-07,10,New Dwelling - permit
1154650000203,2003524,C,2024-10-21,07,Extra Features (OB&Y)
1154650000205,1501036,C,2016-07-22,14,RP Mobile Home w/ Land
1154650000208,1451237,C,2015-07-29,14,RP Mobile Home w/ Land
1154650000210,1,C,2023-01-23,11,Additions or Remodeling
1154650000210,2,C,2023-01-23,11,Additions or Remodeling
1154650000210,1759238,C,2020-01-10,10,New Dwelling - permit
1154650000211,2010839,C,2024-12-27,07,Extra Features (OB&Y)
1154650000212,2014808,M,2025-01-28,07,Extra Features (OB&Y)
1154650000212,2014809,M,2025-01-28,11,Additions or Remodeling
1154650000218,1045415,C,2006-06-30,14,RP Mobile Home w/ Land
1154650000227,1,C,2002-12-12,07,Extra Features (OB&Y)
1154650000232,1796960,C,2020-10-19,07,Extra Features (OB&Y)
1154650000232,1796961,C,2020-10-19,07,Extra Features (OB&Y)
1154650000232,1796962,C,2020-10-19,11,Additions or Remodeling
1154650000237,1,C,2013-02-28,14,RP Mobile Home w/ Land
1154650000245,1415717,C,2014-09-12,14,RP Mobile Home w/ Land
1154650000245,1796964,C,2020-10-27,07,Extra Features (OB&Y)
1154650000245,1796965,C,2020-10-27,07,Extra Features (OB&Y)
1154650000254,1000806,C,2005-08-25,14,RP Mobile Home w/ Land
1154650000254,1203145,C,2009-10-30,11,Additions or Remodeling
1154650000254,1339939,C,2013-01-18,11,Additions or Remodeling
1154650000255,1916515,C,2023-02-21,14,RP Mobile Home w/ Land
1154650000257,1425689,C,2014-12-11,07,Extra Features (OB&Y)
1154650000259,1,C,2017-01-01,11,Additions or Remodeling
1154650000265,1226698,C,2010-04-30,07,Extra Features (OB&Y)
1154650000268,1,C,2023-01-23,07,Extra Features (OB&Y)
1154650000268,1883166,C,2022-06-07,08,Tangible (PP) Mobile Home
1154650000272,1187981,C,2009-08-31,11,Additions or Remodeling
1154650000272,1187982,C,2009-08-31,07,Extra Features (OB&Y)
1154650000273,1,C,2014-05-14,08,Tangible (PP) Mobile Home
1154650000287,1826245,C,2021-05-28,14,RP Mobile Home w/ Land
1154650000293,1,C,2008-09-13,50,Disaster Review
1154650000294,1,C,2010-04-23,14,RP Mobile Home w/ Land
1154650000296,1294151,C,2011-12-06,14,RP Mobile Home w/ Land
1154650000298,1,C,2008-09-13,50,Disaster Review
1154650000300,1,C,2008-09-13,50,Disaster Review
1154650000301,1331467,C,2012-11-29,14,RP Mobile Home w/ Land
1154650000302,1456895,C,2015-08-03,14,RP Mobile Home w/ Land
1154650000314,1,C,2009-05-07,15,Relocation / Bldg Move
1154650000319,1272422,C,2011-06-06,14,RP Mobile Home w/ Land
1154650000320,1272421,C,2011-06-06,14,RP Mobile Home w/ Land
1154650000320,1782875,C,2020-07-30,07,Extra Features (OB&Y)
1154650000320,1782876,C,2020-07-30,12,Repairs (Foundation / GM)
1154650000327,1180498,C,2009-04-23,50,Disaster Review
1154650000328,1,C,2016-04-14,07,Extra Features (OB&Y)
1154650000333,1429831,C,2015-01-23,14,RP Mobile Home w/ Land
1154650000334,1158637,C,2008-08-01,14,RP Mobile Home w/ Land
1154650000340,989908,C,2005-04-08,07,Extra Features (OB&Y)
1154650000342,1,C,1899-12-30,07,Extra Features (OB&Y)
1154650000343,1724432,C,2019-06-19,14,RP Mobile Home w/ Land
1154650000345,1,C,2024-09-11,12,Repairs (Foundation / GM)
1154650000347,1350921,C,2013-04-08,14,RP Mobile Home w/ Land
1154650000348,1565908,C,2017-11-02,14,RP Mobile Home w/ Land
1154650000351,1412823,C,2014-08-19,14,RP Mobile Home w/ Land
1154650000355,1534407,C,2017-04-26,14,RP Mobile Home w/ Land
1154650000358,1431269,C,2015-03-04,14,RP Mobile Home w/ Land
1154650000369,1404154,C,2014-06-06,14,RP Mobile Home w/ Land
1154650000373,1052715,C,2006-06-29,14,RP Mobile Home w/ Land
1154650000373,1534408,C,2017-04-19,11,Additions or Remodeling
1154650000374,1865551,C,2022-02-08,14,RP Mobile Home w/ Land
1154650000383,1460843,C,2015-09-24,14,RP Mobile Home w/ Land
1154650000384,1180280,C,2009-04-17,07,Extra Features (OB&Y)
1154650000393,1149726,C,2008-02-29,07,Extra Features (OB&Y)
1154650000400,1,C,2012-02-13,09,New Dwelling - no permit
1154650000401,1,C,2003-01-14,10,New Dwelling - permit
1154650000401,1180872,C,2009-05-05,11,Additions or Remodeling
1154650000407,1920603,C,2023-03-14,14,RP Mobile Home w/ Land
1154650000420,941858,C,2004-08-02,07,Extra Features (OB&Y)
1154650000421,1500185,C,2016-07-06,14,RP Mobile Home w/ Land
1154650000427,1273031,C,2011-06-20,14,RP Mobile Home w/ Land
1154650000429,2043927,C,2025-08-26,10,New Dwelling - permit
1154650000432,1181853,C,2009-05-27,07,Extra Features (OB&Y)
1154650000432,1181854,C,2009-05-27,09,New Dwelling - no permit
1154650000432,1181855,C,2009-05-27,09,New Dwelling - no permit
1154650000437,1264729,C,2011-03-21,14,RP Mobile Home w/ Land
1154650000439,1007297,C,2005-11-03,07,Extra Features (OB&Y)
1154650000447,1361554,C,2013-07-31,14,RP Mobile Home w/ Land
1154650000448,1,C,2010-04-23,15,Relocation / Bldg Move
1154650000454,2048131,M,2025-09-24,11,Additions or Remodeling
1154650000454,2048133,M,2025-09-24,10,New Dwelling - permit
1154650000458,1,C,1899-12-30,13,Residential Demolition
1154650000459,1088049,C,2007-02-05,07,Extra Features (OB&Y)
1154650000462,1154914,C,2008-05-30,14,RP Mobile Home w/ Land
1154650000462,1816616,C,2021-03-16,14,RP Mobile Home w/ Land
1154650000462,1821371,C,2021-04-01,07,Extra Features (OB&Y)
1154650000479,1,C,2009-06-24,15,Relocation / Bldg Move
1154650000482,1,C,1899-12-30,07,Extra Features (OB&Y)
1154650000482,1496217,C,2016-06-07,14,RP Mobile Home w/ Land
1154650000482,1496218,C,2016-06-07,14,RP Mobile Home w/ Land
1154650000483,3,C,1899-12-30,07,Extra Features (OB&Y)
1154650000483,1492727,C,2016-05-27,14,RP Mobile Home w/ Land
1154650000485,1,C,2020-03-30,07,Extra Features (OB&Y)
1154650000486,1,C,1899-12-30,07,Extra Features (OB&Y)
1154650000486,1479308,C,2016-02-01,14,RP Mobile Home w/ Land
1155100010001,1,C,2016-09-21,31,"Addtns, Remodels, Lease Space"
1155100010001,2,C,2016-11-08,31,"Addtns, Remodels, Lease Space"
1155100010001,3,C,2018-04-27,31,"Addtns, Remodels, Lease Space"
1085900000006,1,C,1899-12-30,12,Repairs (Foundation / GM)
1085900000013,1,C,2017-01-01,11,Additions or Remodeling
1085900000014,1,C,2022-12-12,12,Repairs (Foundation / GM)
1085900000017,1,C,2010-06-07,12,Repairs (Foundation / GM)
1085910000001,1804992,C,2020-12-30,12,Repairs (Foundation / GM)
1085910000010,1,C,2017-01-01,11,Additions or Remodeling
1085910000038,1762681,C,2020-02-10,07,Extra Features (OB&Y)
1085910000038,1762682,C,2020-02-10,11,Additions or Remodeling
1085920000001,2003446,C,2024-10-24,12,Repairs (Foundation / GM)
1085920000004,1,C,2012-12-14,12,Repairs (Foundation / GM)
1085920000004,1934560,C,2023-06-19,10,New Dwelling - permit
1085950000023,1,C,2011-11-08,11,Additions or Remodeling
1085950000043,1,C,2003-05-13,07,Extra Features (OB&Y)
1085960000006,1,C,2017-01-01,11,Additions or Remodeling
1085970000001,1960422,C,2023-12-22,07,Extra Features (OB&Y)
1085980000002,1,C,2003-09-04,17,Disaster Repair
1085980000011,1,C,1899-12-30,12,Repairs (Foundation / GM)
1085980000014,1,C,2017-01-01,11,Additions or Remodeling
1096870000022,1,C,2008-09-13,50,Disaster Review
1096880000016,1,C,2017-01-01,11,Additions or Remodeling
1096880000019,1,C,2023-11-06,11,Additions or Remodeling
1096880000029,1,C,2008-09-13,50,Disaster Review
1096880000034,1,C,1899-12-30,12,Repairs (Foundation / GM)
1096880000034,2,C,2022-01-11,11,Additions or Remodeling
1096880000040,1501085,C,2016-07-25,07,Extra Features (OB&Y)
1096880000042,1394151,C,2014-03-14,10,New Dwelling - permit
1096900000018,1,C,2019-10-01,11,Additions or Remodeling
1096910000016,1,C,2017-01-01,11,Additions or Remodeling
1096910000017,1,C,2010-05-18,16,Fire Reports
1096920000044,1,C,2024-02-12,11,Additions or Remodeling
1096920000050,2048065,C,2025-09-04,07,Extra Features (OB&Y)
1096930000009,1,C,2015-09-03,12,Repairs (Foundation / GM)
1096930000013,1,C,2008-09-13,50,Disaster Review
1096930000018,2053977,M,2025-11-07,07,Extra Features (OB&Y)
1096930000021,1,C,2015-12-03,12,Repairs (Foundation / GM)
1096930000030,1738172,C,2019-09-26,50,Disaster Review
1096930000032,1,C,2008-09-13,50,Disaster Review
1096930000049,1,C,2011-06-17,12,Repairs (Foundation / GM)
1096930000049,2,C,2011-10-31,12,Repairs (Foundation / GM)
1096940000009,1,C,2017-01-01,11,Additions or Remodeling
1096950000006,1,C,2025-05-28,12,Repairs (Foundation / GM)
1110170000002,1,C,2003-11-20,17,Disaster Repair
1110170000002,1615438,C,2017-08-23,50,Disaster Review
1110170000005,1046973,C,2006-07-26,10,New Dwelling - permit
1110170000022,1,C,1899-12-30,12,Repairs (Foundation / GM)
1110170000025,1,C,2012-11-02,12,Repairs (Foundation / GM)
1110170000036,1096805,C,2007-06-08,31,"Addtns, Remodels, Lease Space"
1110170000036,1119969,C,2007-12-20,31,"Addtns, Remodels, Lease Space"
1110170000037,1004307,C,2005-10-10,31,"Addtns, Remodels, Lease Space"
1110170000037,1092301,C,2007-03-20,31,"Addtns, Remodels, Lease Space"
1110170000037,1092302,C,2007-03-20,31,"Addtns, Remodels, Lease Space"
1110170000037,1092303,C,2007-03-20,31,"Addtns, Remodels, Lease Space"
1110170000037,1092304,C,2007-03-20,31,"Addtns, Remodels, Lease Space"
1110170000037,1294540,C,2012-01-05,31,"Addtns, Remodels, Lease Space"
1110180000001,1,C,1899-12-30,11,Additions or Remodeling
1110180000001,1168461,C,2008-11-17,11,Additions or Remodeling
1110180000020,1,C,2017-01-01,11,Additions or Remodeling
1110190000004,1,C,2010-11-11,11,Additions or Remodeling
1110190000006,1,C,2003-03-11,07,Extra Features (OB&Y)
1110190000015,1615439,C,2017-08-23,50,Disaster Review
1110190000034,1,C,2008-09-13,50,Disaster Review
1110190000052,1,C,2003-07-25,11,Additions or Remodeling
1110200000008,1,C,2021-03-30,11,Additions or Remodeling
1110210000001,1,C,2019-08-21,11,Additions or Remodeling
1110210000003,1,C,2017-08-23,50,Disaster Review
1110210000004,1,C,2017-08-23,50,Disaster Review
1110210000015,1285007,C,2011-09-20,11,Additions or Remodeling
1110210000018,1,C,2001-06-08,17,Disaster Repair
1110210000025,1615440,C,2017-08-23,50,Disaster Review
1110210000026,1615441,C,2017-08-23,50,Disaster Review
1110210000027,1615442,C,2017-08-23,50,Disaster Review
1110210000055,1,C,2004-06-16,15,Relocation / Bldg Move
1110210000060,1896946,C,2022-09-28,32,"Paving, Parking Lot, Slab"
1110220000002,1,C,2010-11-11,12,Repairs (Foundation / GM)
1110230000008,1154001,C,2008-05-14,11,Additions or Remodeling
1110230000011,1,C,2026-01-01,11,Additions or Remodeling
1110230000033,1,C,2018-10-23,12,Repairs (Foundation / GM)
1110230000033,2,C,2019-04-08,07,Extra Features (OB&Y)
1110230000048,1,C,2015-02-17,11,Additions or Remodeling
1110230000054,1,C,2010-11-12,12,Repairs (Foundation / GM)
1110240000023,1210137,C,2009-11-13,12,Repairs (Foundation / GM)
1110250000013,1,C,1899-12-30,50,Disaster Review
1110260000008,1,C,2008-09-13,50,Disaster Review
1110260000013,1504552,C,2016-08-24,17,Disaster Repair
1110260000025,1,C,1899-12-30,12,Repairs (Foundation / GM)
1110260000028,2,C,1899-12-30,11,Additions or Remodeling
1118380000005,1,C,2011-10-25,07,Extra Features (OB&Y)
1118380000012,1,C,2019-07-11,12,Repairs (Foundation / GM)
1118400000002,1,C,2024-02-09,11,Additions or Remodeling
1118410000016,1,C,2015-04-10,07,Extra Features (OB&Y)
1118410000018,1,C,2003-02-12,07,Extra Features (OB&Y)
1118410000018,2,C,2008-02-04,11,Additions or Remodeling
1118420000002,1,C,2009-11-10,12,Repairs (Foundation / GM)
1118430000012,1,C,2018-01-23,11,Additions or Remodeling
1118440000016,1,C,2018-04-27,11,Additions or Remodeling
1118440000016,2,C,2018-03-09,07,Extra Features (OB&Y)
1118440000018,1,C,2017-01-01,11,Additions or Remodeling
1118440000022,1,C,2007-10-23,12,Repairs (Foundation / GM)
1118440000049,1,C,2011-05-10,11,Additions or Remodeling
1118450000004,1,C,2009-07-24,16,Fire Reports
1118450000014,1,C,2012-11-09,11,Additions or Remodeling
1118450000017,1,C,2014-12-24,12,Repairs (Foundation / GM)
1118450000018,1,C,2022-11-07,12,Repairs (Foundation / GM)
1118460000005,1,C,2014-11-12,12,Repairs (Foundation / GM)
1118460000020,1,C,2012-11-07,11,Additions or Remodeling
1118460000032,1,C,2009-06-22,11,Additions or Remodeling
1118460000035,1,C,2015-12-21,12,Repairs (Foundation / GM)
1118480000004,1,C,2023-02-10,12,Repairs (Foundation / GM)
1118480000012,1,C,2008-01-04,11,Additions or Remodeling
1118490000012,2,C,2004-03-17,11,Additions or Remodeling
1118490000015,1,C,2009-06-05,12,Repairs (Foundation / GM)
1118490000020,1,C,2022-01-31,09,New Dwelling - no permit
1118490000020,2,C,2023-01-12,13,Residential Demolition
1122140000015,1,C,2002-06-12,10,New Dwelling - permit
1122140000016,2,C,2007-06-21,10,New Dwelling - permit
1122140000020,1,C,2019-01-29,11,Additions or Remodeling
1122140000020,2,C,2007-05-31,10,New Dwelling - permit
1122140000023,2,C,2004-05-24,10,New Dwelling - permit
1122140000025,1,C,2015-08-24,07,Extra Features (OB&Y)
1122140000025,2,C,2006-11-20,10,New Dwelling - permit
1122140000030,1,M,2026-02-19,50,Disaster Review
1122150000012,1,C,2016-06-14,10,New Dwelling - permit
1122160000003,2,C,2014-12-30,12,Repairs (Foundation / GM)
1122160000007,1,C,2012-12-17,11,Additions or Remodeling
1122160000008,1,C,2006-11-02,11,Additions or Remodeling
1122160000023,1,C,2023-08-10,11,Additions or Remodeling
1122160000025,1,C,2017-01-01,11,Additions or Remodeling
1122160000027,1,C,2023-06-15,11,Additions or Remodeling
1122160000028,2,C,2005-04-15,07,Extra Features (OB&Y)
1122170000003,2,C,2004-08-10,12,Repairs (Foundation / GM)
1122170000025,1,M,2026-02-14,11,Additions or Remodeling
1122180000005,1,C,2007-10-24,10,New Dwelling - permit
1122180000020,1,C,2004-08-19,10,New Dwelling - permit
1122180000024,1,C,2004-09-24,09,New Dwelling - no permit
1122180000024,2,C,2016-02-09,07,Extra Features (OB&Y)
1122180000027,2,C,2004-06-24,10,New Dwelling - permit
1122180000028,1,C,2020-06-24,11,Additions or Remodeling
1122180000035,1,C,2003-10-22,10,New Dwelling - permit
1122180000037,1,C,2005-01-05,10,New Dwelling - permit
1122190000003,1,C,2012-01-01,12,Repairs (Foundation / GM)
1122190000007,1,C,2009-07-01,11,Additions or Remodeling
1122200000005,2,C,2005-05-19,10,New Dwelling - permit
1122200000006,1,C,2003-01-07,10,New Dwelling - permit
1122200000010,1,C,2006-08-06,11,Additions or Remodeling
1122200000014,1,C,2009-09-04,11,Additions or Remodeling
1122200000016,1,C,2003-04-30,10,New Dwelling - permit
1122200000016,2,C,2005-06-17,07,Extra Features (OB&Y)
1122200000020,1,C,2010-05-17,07,Extra Features (OB&Y)
1122200000036,1,C,2002-08-20,10,New Dwelling - permit
1122200000038,1,C,2002-03-20,10,New Dwelling - permit
1122200000040,1,C,2008-12-12,11,Additions or Remodeling
1122210000001,1,C,2003-08-19,17,Disaster Repair
1122210000001,2,C,2004-03-19,12,Repairs (Foundation / GM)
1122210000001,3,C,2004-07-08,12,Repairs (Foundation / GM)
1122210000003,1,C,2006-04-04,10,New Dwelling - permit
1122210000005,1,C,2003-02-10,07,Extra Features (OB&Y)
1122210000008,1,C,2001-10-01,10,New Dwelling - permit
1122210000009,1,C,2007-08-06,11,Additions or Remodeling
1122210000009,2,C,2008-01-01,07,Extra Features (OB&Y)
1122210000012,2,C,2005-10-04,11,Additions or Remodeling
1122210000013,2,C,2005-09-01,07,Extra Features (OB&Y)
1124290000028,984272,C,2005-01-18,07,Extra Features (OB&Y)
1124290000044,1,C,1899-12-30,12,Repairs (Foundation / GM)
1124290000052,1,C,1899-12-30,12,Repairs (Foundation / GM)
1124290000058,1920550,C,2023-03-01,11,Additions or Remodeling
1143700110037,1,C,2016-06-29,10,New Dwelling - permit
1143700110052,1,C,2017-01-01,11,Additions or Remodeling
1143700130048,1,C,2008-01-01,07,Extra Features (OB&Y)
1143700130056,1,C,2015-10-09,11,Additions or Remodeling
1143700130067,1,C,2017-01-01,11,Additions or Remodeling
1143700140009,1620742,C,2017-08-23,50,Disaster Review
1143700140010,1620743,C,2017-08-23,50,Disaster Review
1143700140011,1620744,C,2017-08-23,50,Disaster Review
1143700140012,1620745,C,2017-08-23,50,Disaster Review
1143700140013,1,C,2006-02-24,11,Additions or Remodeling
1143700140013,1620746,C,2017-08-23,50,Disaster Review
1143700140014,1,C,2014-01-01,12,Repairs (Foundation / GM)
1143700140014,1620747,C,2017-08-23,50,Disaster Review
1143700140015,1620748,C,2017-08-23,50,Disaster Review
1143700140016,1620749,C,2017-08-23,50,Disaster Review
1143700140017,1620750,C,2017-08-23,50,Disaster Review
1143700140018,1620751,C,2017-08-23,50,Disaster Review
1143700140024,2,C,2005-05-09,07,Extra Features (OB&Y)
1143700140027,3,C,2023-05-19,12,Repairs (Foundation / GM)
1143700150020,1620752,C,2017-08-23,50,Disaster Review
1143700150021,1620753,C,2017-08-23,50,Disaster Review
1143700150022,1,C,2018-02-28,12,Repairs (Foundation / GM)
1143700150022,1620754,C,2017-08-23,50,Disaster Review
1143700150023,1620755,C,2017-08-23,50,Disaster Review
1143700150024,1620756,C,2017-08-23,50,Disaster Review
1143700150025,1620757,C,2017-08-23,50,Disaster Review
1143700150026,1620758,C,2017-08-23,50,Disaster Review
1143700150027,1620759,C,2017-08-23,50,Disaster Review
1143700150028,1620760,C,2017-08-23,50,Disaster Review
1143700150029,1620761,C,2017-08-23,50,Disaster Review
1143700150030,1620762,C,2017-08-23,50,Disaster Review
1143700150033,1,C,2012-11-07,12,Repairs (Foundation / GM)
1145680070036,1621015,C,2017-08-23,50,Disaster Review
1145680070037,1621016,C,2017-08-23,50,Disaster Review
1145680070038,1621017,C,2017-08-23,50,Disaster Review
1145680070039,1621018,C,2017-08-23,50,Disaster Review
1145680070040,1621019,C,2017-08-23,50,Disaster Review
1145680070041,1621020,C,2017-08-23,50,Disaster Review
1145680070042,1621021,C,2017-08-23,50,Disaster Review
1145680070043,1621022,C,2017-08-23,50,Disaster Review
1145680070044,1621023,C,2017-08-23,50,Disaster Review
1145680070045,1621024,C,2017-08-23,50,Disaster Review
1145680070046,1621025,C,2017-08-23,50,Disaster Review
1145680070047,1621026,C,2017-08-23,50,Disaster Review
1145680070048,1621027,C,2017-08-23,50,Disaster Review
1145680070049,1621028,C,2017-08-23,50,Disaster Review
1145680070050,1621029,C,2017-08-23,50,Disaster Review
1145680070052,1,C,2018-07-18,50,Disaster Review
1145680070052,2,C,2019-04-08,11,Additions or Remodeling
1145680070054,1570388,C,2017-08-23,50,Disaster Review
1145680070056,1,C,2008-09-13,50,Disaster Review
1145680070056,2,C,2012-11-07,12,Repairs (Foundation / GM)
1145680070056,3,C,2017-01-01,11,Additions or Remodeling
1145680150016,1,C,2018-06-14,07,Extra Features (OB&Y)
1145680150016,1621030,C,2017-08-23,50,Disaster Review
1145680150017,1,C,2015-10-09,07,Extra Features (OB&Y)
1145680160011,1,C,2018-07-06,12,Repairs (Foundation / GM)
1145680200009,1,C,2011-05-26,07,Extra Features (OB&Y)
1145680220001,1,C,2003-10-15,07,Extra Features (OB&Y)
1145680220023,1,C,2015-07-09,07,Extra Features (OB&Y)
1145680220026,1,C,2017-01-01,11,Additions or Remodeling
1145680240009,1621031,C,2017-08-23,50,Disaster Review
1145680240010,1621032,C,2017-08-23,50,Disaster Review
1145680240015,1,C,2018-06-21,50,Disaster Review
1145680240023,1,C,2002-09-04,07,Extra Features (OB&Y)
1145680240026,1,C,2017-01-01,11,Additions or Remodeling
1145680280001,1621033,C,2017-08-23,50,Disaster Review
1145680280002,1621034,C,2017-08-23,50,Disaster Review
1145680280005,1,C,2009-07-22,07,Extra Features (OB&Y)
1145680280022,1,C,2004-01-01,07,Extra Features (OB&Y)
1145680280022,2,C,2024-09-12,11,Additions or Remodeling
1148060010009,1,C,2017-01-01,11,Additions or Remodeling
1148060010018,1,C,2008-09-13,50,Disaster Review
1148060010020,1,C,2008-09-13,50,Disaster Review
1148060020005,1137140,C,2008-02-20,12,Repairs (Foundation / GM)
1148060020007,1,C,2008-09-13,50,Disaster Review
1148060020013,1856381,C,2021-12-28,10,New Dwelling - permit
1148060020013,1873309,C,2022-04-18,13,Residential Demolition
1148060020016,1,C,2003-11-04,11,Additions or Remodeling
1148060020019,1,C,2003-10-22,10,New Dwelling - permit
1148060020021,1,C,1899-12-30,11,Additions or Remodeling
1148060020021,966381,C,2004-12-22,10,New Dwelling - permit
1148060020024,1,C,2008-09-13,50,Disaster Review
1148060020025,1,C,2008-09-13,50,Disaster Review
1148060020025,2,C,2012-08-06,16,Fire Reports
1148060020025,1320493,C,2012-08-15,12,Repairs (Foundation / GM)
1148060020027,1,C,2008-09-13,50,Disaster Review
1148060020029,1,C,2008-09-13,50,Disaster Review
1148060020030,1790920,C,2020-09-25,11,Additions or Remodeling
1148060020031,1,C,2008-09-13,50,Disaster Review
1148060020034,925227,C,2004-02-10,16,Fire Reports
1148060020037,1,C,2008-09-13,50,Disaster Review
1148060020039,1,C,2008-09-13,50,Disaster Review
1148060020040,1,C,2008-09-13,50,Disaster Review
1148060020040,2,C,2011-11-19,17,Disaster Repair
1148060020040,3,C,2012-03-22,11,Additions or Remodeling
1148060020044,1455388,C,2015-05-26,12,Repairs (Foundation / GM)
1148060020045,1,C,2003-03-10,16,Fire Reports
1148060020045,2,C,2004-03-24,11,Additions or Remodeling
1148060020047,1,C,2008-09-13,50,Disaster Review
1148060020049,1216243,C,2010-01-15,12,Repairs (Foundation / GM)
1148060020050,1286936,C,2011-10-07,11,Additions or Remodeling
1148060020051,1208966,C,2009-10-01,12,Repairs (Foundation / GM)
1148060020052,1681372,C,2018-08-02,11,Additions or Remodeling
1148060020055,1,C,2008-09-13,50,Disaster Review
1148060020056,1,C,2008-09-13,50,Disaster Review
1148060020057,1,C,2008-09-13,50,Disaster Review
1148060020057,1761731,C,2020-02-14,12,Repairs (Foundation / GM)
1148060020062,1,C,1899-12-30,13,Residential Demolition
1148060020062,1997174,C,2024-09-06,10,New Dwelling - permit
1148060020063,1881729,C,2022-06-30,10,New Dwelling - permit
1148060020063,1891457,C,2022-08-24,13,Residential Demolition
1148060020070,1839204,C,2021-08-24,07,Extra Features (OB&Y)
1148060040032,2058217,M,2025-12-29,11,Additions or Remodeling
1148060040036,1543953,C,2017-06-05,07,Extra Features (OB&Y)
1148060040048,1790921,C,2020-09-09,12,Repairs (Foundation / GM)
1148060040054,1537318,C,2017-05-09,11,Additions or Remodeling
1148060040054,1537319,C,2017-05-15,11,Additions or Remodeling
1148060040056,932643,C,2004-08-16,11,Additions or Remodeling
1148060040060,1834601,C,2021-07-13,50,Disaster Review
1148060040060,1847766,C,2021-10-05,12,Repairs (Foundation / GM)
1148060040061,926604,C,2004-03-05,11,Additions or Remodeling
1148060040076,1333243,C,2012-11-27,12,Repairs (Foundation / GM)
1148060040083,1,C,1899-12-30,11,Additions or Remodeling
1148060040084,1829553,C,2021-06-09,11,Additions or Remodeling
1148060040090,1,C,2008-09-13,50,Disaster Review
1148060040104,1839205,C,2021-08-26,07,Extra Features (OB&Y)
1148060050001,1971312,C,2024-03-05,11,Additions or Remodeling
1148060050009,1742350,C,2019-10-25,07,Extra Features (OB&Y)
1148060050014,1852317,C,2021-11-29,07,Extra Features (OB&Y)
1148060060007,1,C,2008-09-13,50,Disaster Review
1148060070006,1,C,2008-09-13,50,Disaster Review
1148060070016,1843534,C,2021-09-16,11,Additions or Remodeling
1149020000001,1490950,C,2016-03-28,07,Extra Features (OB&Y)
1149020000002,1655250,C,2018-04-19,07,Extra Features (OB&Y)
1149020000010,2,C,2006-05-22,07,Extra Features (OB&Y)
1149020000010,1371294,C,2013-09-20,14,RP Mobile Home w/ Land
1149020000012,1,C,1899-12-30,13,Residential Demolition
1149020000012,2,C,2020-03-16,07,Extra Features (OB&Y)
1149020000012,1561042,C,2017-10-04,10,New Dwelling - permit
1149020000013,1,C,2018-01-01,07,Extra Features (OB&Y)
1149020000015,1,C,2006-05-22,07,Extra Features (OB&Y)
1149020000016,1934650,C,2023-06-13,07,Extra Features (OB&Y)
1149020000038,1415823,C,2014-09-16,14,RP Mobile Home w/ Land
1149020000045,2,C,2024-04-01,07,Extra Features (OB&Y)
1149020000047,1,C,2009-07-16,15,Relocation / Bldg Move
1149020000048,1766887,C,2020-03-09,14,RP Mobile Home w/ Land
1149020000057,1503571,C,2016-08-04,14,RP Mobile Home w/ Land
1149020000058,1177988,C,2009-02-10,12,Repairs (Foundation / GM)
1149020000060,1265399,C,2011-04-06,10,New Dwelling - permit
1149020000061,1738297,C,2019-09-24,50,Disaster Review
1149020000062,1149382,C,2008-02-22,11,Additions or Remodeling
1149020000062,1678011,C,2018-08-22,14,RP Mobile Home w/ Land
1149020000069,1154475,C,2008-05-23,10,New Dwelling - permit
1149020000071,1738298,C,2019-09-24,50,Disaster Review
1149020000079,1416127,C,2014-09-23,14,RP Mobile Home w/ Land
1149020000079,1530863,C,2017-03-03,14,RP Mobile Home w/ Land
1149020000082,937766,C,2004-04-13,11,Additions or Remodeling
1149020000084,1,C,2014-02-24,13,Residential Demolition
1149020000084,1365347,C,2013-08-23,10,New Dwelling - permit
1149020000087,1,C,2020-11-13,12,Repairs (Foundation / GM)
1149020000087,2,C,2020-11-10,07,Extra Features (OB&Y)
1149020000088,1948741,C,2023-09-07,14,RP Mobile Home w/ Land
1149020000088,2018604,C,2025-02-03,10,New Dwelling - permit
1149020000093,1,C,2003-11-21,11,Additions or Remodeling
1149020000093,2,C,2017-05-25,12,Repairs (Foundation / GM)
1149020000093,1640895,C,2017-08-23,50,Disaster Review
1149020000095,1743708,C,2019-10-17,14,RP Mobile Home w/ Land
1149020000101,1904840,C,2022-11-04,14,RP Mobile Home w/ Land
1149020000102,1,C,2017-07-19,08,Tangible (PP) Mobile Home
1149020000102,1359411,C,2013-06-14,14,RP Mobile Home w/ Land
1149020000105,1678013,C,2018-08-10,14,RP Mobile Home w/ Land
1149020000107,1874299,C,2022-04-22,10,New Dwelling - permit
1149020000108,1,C,1899-12-30,14,RP Mobile Home w/ Land
1149020000123,1,C,2008-09-13,50,Disaster Review
1149020000125,1728904,C,2019-07-25,07,Extra Features (OB&Y)
1149020000133,1,C,1899-12-30,13,Residential Demolition
1149020000139,2003491,C,2024-10-04,14,RP Mobile Home w/ Land
1149020000144,1,C,1899-12-30,14,RP Mobile Home w/ Land
1149020000147,1438713,C,2015-04-06,07,Extra Features (OB&Y)
1149020000151,1003204,C,2005-06-09,07,Extra Features (OB&Y)
1149020000154,1678014,C,2018-08-30,14,RP Mobile Home w/ Land
1149020000156,1,C,2004-11-08,14,RP Mobile Home w/ Land
1149020000169,1,C,2003-11-20,14,RP Mobile Home w/ Land
1149020000174,1622301,C,2017-08-23,50,Disaster Review
1149340290001,1,C,2016-03-09,09,New Dwelling - no permit
1149340290003,1,C,2018-03-29,09,New Dwelling - no permit
1149340310012,1,C,2014-01-01,12,Repairs (Foundation / GM)
1149430010027,1,C,2011-10-17,11,Additions or Remodeling
1149430010028,1,C,1899-12-30,12,Repairs (Foundation / GM)
1149440130015,991913,C,2005-05-05,10,New Dwelling - permit
1149440130020,1,C,2008-01-01,12,Repairs (Foundation / GM)
1149440130031,1,C,1899-12-30,11,Additions or Remodeling
1149440130031,2,C,2013-03-21,12,Repairs (Foundation / GM)
1149440130039,1,C,2008-03-19,07,Extra Features (OB&Y)
1149440130039,1090841,C,2007-03-15,12,Repairs (Foundation / GM)
1149440180003,1,C,1899-12-30,12,Repairs (Foundation / GM)
1149440180015,1,C,1899-12-30,11,Additions or Remodeling
1149440180059,1,C,2009-10-19,12,Repairs (Foundation / GM)
1149440180059,2,C,2017-01-01,11,Additions or Remodeling
1149440180062,1,C,2017-01-01,11,Additions or Remodeling
1149450180029,1,C,2019-02-09,12,Repairs (Foundation / GM)
1149450180032,1,C,1899-12-30,11,Additions or Remodeling
1149450180042,1,C,2017-01-01,11,Additions or Remodeling
1149450180043,1,C,2017-01-01,11,Additions or Remodeling
1149450180050,1,C,2011-10-19,12,Repairs (Foundation / GM)
1149450180050,1364860,C,2013-08-14,12,Repairs (Foundation / GM)
1149450180074,1738299,C,2019-09-24,50,Disaster Review
1149450180075,1738300,C,2019-09-24,50,Disaster Review
1149460010002,1715303,C,2019-04-30,11,Additions or Remodeling
1149460130013,1622441,C,2017-08-23,50,Disaster Review
1149460150029,1403867,C,2014-06-02,07,Extra Features (OB&Y)
1149460150031,1,C,1899-12-30,13,Residential Demolition
1149460150038,987155,C,2005-03-02,11,Additions or Remodeling
1149460160016,1,C,2012-11-21,12,Repairs (Foundation / GM)
1149460160027,1,C,2017-01-01,11,Additions or Remodeling
1149470110018,1,C,1899-12-30,17,Disaster Repair
1149470120019,1,C,1899-12-30,11,Additions or Remodeling
1149470120022,1,C,2024-03-25,11,Additions or Remodeling
1149470140013,1,C,2017-01-01,11,Additions or Remodeling
1149470140025,1,C,2021-11-16,11,Additions or Remodeling
1149470140030,1,C,1899-12-30,11,Additions or Remodeling
1149470140031,1,C,2024-01-24,11,Additions or Remodeling
1149470140045,1,C,2013-12-20,11,Additions or Remodeling
1149470150007,1,M,2025-02-05,11,Additions or Remodeling
1149470150010,1,C,1899-12-30,11,Additions or Remodeling
1152120010001,1,C,2008-04-24,31,"Addtns, Remodels, Lease Space"
1158480000001,1,C,2002-05-03,32,"Paving, Parking Lot, Slab"
1158480000001,2,C,2006-04-26,31,"Addtns, Remodels, Lease Space"
1158480000001,1534412,C,2017-04-20,32,"Paving, Parking Lot, Slab"
1158480000001,1538242,C,2017-05-05,32,"Paving, Parking Lot, Slab"
1158480000093,1,C,2002-05-03,32,"Paving, Parking Lot, Slab"
1158480000093,1345159,C,2013-03-25,32,"Paving, Parking Lot, Slab"
1158960000014,1,C,2007-03-05,30,New Building
1158960000015,1,C,2007-01-11,30,New Building
1158960000016,1,C,2008-01-15,39,New Construction w/o Permit
1162690010008,1,C,2011-11-21,30,New Building
1162690010010,1,C,2007-08-16,31,"Addtns, Remodels, Lease Space"
1162690010010,3,C,2009-06-30,30,New Building
1162690020004,2,C,2011-04-15,31,"Addtns, Remodels, Lease Space"
1162690020008,1,C,2012-10-24,31,"Addtns, Remodels, Lease Space"
1162690030001,1,C,2005-05-04,41,"Rep, Addtn, Rmdl, Fire Dam"
1162690030002,2,C,2004-03-05,41,"Rep, Addtn, Rmdl, Fire Dam"
1162690030003,1,C,2003-10-06,31,"Addtns, Remodels, Lease Space"
1221220000001,1,C,2020-10-25,35,Fire Reports
1221220000001,1917848,C,2023-02-01,31,"Addtns, Remodels, Lease Space"
1222040010001,1007640,C,2005-11-10,10,New Dwelling - permit
1222040010003,1,C,2003-01-14,10,New Dwelling - permit
1222040010004,1,C,2003-01-14,10,New Dwelling - permit
1222040010005,1,C,2003-02-07,10,New Dwelling - permit
1222040010007,1,C,2002-10-09,10,New Dwelling - permit
1222040010009,1,C,2003-01-31,10,New Dwelling - permit
1222040010010,1,C,2002-11-11,09,New Dwelling - no permit
1222040010011,1,C,2002-08-26,10,New Dwelling - permit
1222040010012,1096750,C,2007-06-07,07,Extra Features (OB&Y)
1222040010014,1,C,2002-11-05,09,New Dwelling - no permit
1222040010015,1,C,2003-01-14,10,New Dwelling - permit
1222040010015,1326067,C,2012-09-20,17,Disaster Repair
1222040010017,1,C,2003-01-08,10,New Dwelling - permit
1222040010018,1096540,C,2007-06-04,11,Additions or Remodeling
1222040010020,1,C,2002-11-15,09,New Dwelling - no permit
1222040010021,1,C,2002-09-25,10,New Dwelling - permit
1222040010022,1,C,2002-10-09,10,New Dwelling - permit
1222040010023,1,C,2002-09-03,10,New Dwelling - permit
1222040010028,1,C,2002-10-23,10,New Dwelling - permit
1222040010029,1,C,2002-10-23,10,New Dwelling - permit
1222040010031,1,C,2008-09-13,50,Disaster Review
1222040010034,1,C,2003-02-24,10,New Dwelling - permit
1222040010034,1224222,C,2010-03-10,11,Additions or Remodeling
1222040010035,1,C,2003-02-24,10,New Dwelling - permit
1222040010036,1,C,2003-01-29,10,New Dwelling - permit
1222040010037,1,C,2002-10-23,10,New Dwelling - permit
1222040010039,1,C,2002-10-11,10,New Dwelling - permit
1222040010040,1,C,2002-10-11,10,New Dwelling - permit
1222040010045,1,C,2002-03-28,10,New Dwelling - permit
1222040010058,958582,C,2004-12-13,10,New Dwelling - permit
1222040010061,1,C,2003-10-21,10,New Dwelling - permit
1222040020006,1,C,2023-02-16,07,Extra Features (OB&Y)
1222040020006,1874417,C,2022-04-27,11,Additions or Remodeling
1222040020012,1,C,2002-10-02,10,New Dwelling - permit
1222040020012,1500080,C,2016-07-05,11,Additions or Remodeling
1222040020014,1,C,2002-10-23,10,New Dwelling - permit
1222040020015,1,C,2002-11-08,09,New Dwelling - no permit
1222040020018,1,C,2002-11-05,10,New Dwelling - permit
1222040020020,1,C,2003-01-31,10,New Dwelling - permit
1222040030001,1288932,C,2011-11-03,31,"Addtns, Remodels, Lease Space"
1222040030001,1404158,C,2014-06-06,30,New Building
1222040030001,1667940,C,2018-06-22,30,New Building
1222050010001,935863,C,2004-03-04,10,New Dwelling - permit
1222050010002,1,C,2003-10-28,10,New Dwelling - permit
1222050010003,933583,C,2004-01-08,10,New Dwelling - permit
1222050010004,1,C,2003-12-04,10,New Dwelling - permit
1222050010007,1,C,2003-08-21,10,New Dwelling - permit
1222050010008,937740,C,2004-04-13,10,New Dwelling - permit
1222050010008,1792191,C,2020-09-18,07,Extra Features (OB&Y)
1222050010009,1,C,2002-01-08,10,New Dwelling - permit
1222050010009,2,C,2004-04-13,10,New Dwelling - permit
1222050010014,1054844,C,2006-09-20,12,Repairs (Foundation / GM)
1222050010019,1703129,C,2019-01-22,07,Extra Features (OB&Y)
1222050010025,988237,C,2005-03-17,11,Additions or Remodeling
1222050010026,1,C,2003-02-14,10,New Dwelling - permit
1222050010032,1,C,2002-02-07,09,New Dwelling - no permit
1222050020004,1,C,2002-11-07,10,New Dwelling - permit
1222050020004,1953100,C,2023-10-25,11,Additions or Remodeling
1222050020005,1,C,2002-11-14,10,New Dwelling - permit
1222050020016,2061357,A,2026-03-11,07,Extra Features (OB&Y)
1222050030008,1,C,1899-12-30,11,Additions or Remodeling
1222050030011,1,C,1899-12-30,12,Repairs (Foundation / GM)
1222060010001,940730,C,2004-06-25,10,New Dwelling - permit
1222060010002,941221,C,2004-07-13,10,New Dwelling - permit
1222060010003,936435,C,2004-03-19,10,New Dwelling - permit
1222060010008,1,C,2002-08-30,10,New Dwelling - permit
1222060010010,1,C,2002-11-19,10,New Dwelling - permit
1222060010010,1840747,C,2021-08-03,07,Extra Features (OB&Y)
1222060010011,1,C,2003-01-14,10,New Dwelling - permit
1222060010012,1,C,2003-03-03,10,New Dwelling - permit
1222060020009,1,C,2002-11-11,10,New Dwelling - permit
1222060020009,1038762,C,2006-04-03,07,Extra Features (OB&Y)
1222060020010,1,C,2002-10-15,10,New Dwelling - permit
1222060020012,1,C,2002-11-11,10,New Dwelling - permit
1222060020015,1,C,2002-04-08,10,New Dwelling - permit
1222060020016,1,C,2002-12-04,10,New Dwelling - permit
1222060020024,1438743,C,2015-04-07,07,Extra Features (OB&Y)
1222060020025,1,C,2002-08-23,10,New Dwelling - permit
1222060020026,1,C,2002-06-14,10,New Dwelling - permit
1222060020030,1,C,2003-02-07,10,New Dwelling - permit
1222060020031,1,C,2003-01-17,10,New Dwelling - permit
1222060020032,1,C,2003-02-07,10,New Dwelling - permit
1222060020033,1,C,2002-09-10,10,New Dwelling - permit
1222060030001,1,C,2002-06-14,10,New Dwelling - permit
1222060030003,1,C,2002-09-10,10,New Dwelling - permit
1222060030004,1,C,2002-10-11,10,New Dwelling - permit
1222060030005,1,C,2002-10-30,10,New Dwelling - permit
1222060030006,938896,C,2004-05-06,10,New Dwelling - permit
1222060030006,1158178,C,2008-07-25,07,Extra Features (OB&Y)
1222060030009,1,C,2003-03-20,10,New Dwelling - permit
1222060030013,1,C,2002-07-22,10,New Dwelling - permit
1222060030016,1696575,C,2018-12-13,11,Additions or Remodeling
1222060030019,1,C,2002-12-19,10,New Dwelling - permit
1222060030020,1,C,2002-09-16,10,New Dwelling - permit
1222060030021,1,C,2003-04-04,10,New Dwelling - permit
1222060030022,1,C,2003-04-04,10,New Dwelling - permit
1222060030022,2,C,1899-12-30,50,Disaster Review
1222060030023,1,C,2002-08-23,10,New Dwelling - permit
1222060030024,1,C,2003-01-14,10,New Dwelling - permit
1222060030027,1,C,2002-12-18,10,New Dwelling - permit
1222060030028,1,C,2003-01-14,10,New Dwelling - permit
1222060030029,1,C,2002-10-11,10,New Dwelling - permit
1222060030031,1,C,2002-09-30,10,New Dwelling - permit
1222060030031,1412683,C,2014-08-15,11,Additions or Remodeling
1222060030032,1,C,2002-03-21,10,New Dwelling - permit
1222060030041,1316956,C,2012-07-26,17,Disaster Repair
1222060030041,1394608,C,2014-03-24,07,Extra Features (OB&Y)
1222060030042,1,C,2002-10-01,10,New Dwelling - permit
1222060030044,1,C,2002-07-29,10,New Dwelling - permit
1222060030047,1004653,C,2005-10-19,07,Extra Features (OB&Y)
1222060030048,1,C,2002-10-11,10,New Dwelling - permit
1230390010001,1,C,2003-03-03,10,New Dwelling - permit
1230390010002,1,C,2003-02-17,10,New Dwelling - permit
1230390010003,1,C,2003-07-14,10,New Dwelling - permit
1230390010004,1,C,2003-07-14,10,New Dwelling - permit
1230390010005,1,C,2003-07-14,10,New Dwelling - permit
1230390010006,1,C,2003-04-11,10,New Dwelling - permit
1230390010007,1,C,2003-05-02,10,New Dwelling - permit
1230390010008,1,C,2003-04-11,10,New Dwelling - permit
1230390010008,1398065,C,2014-04-08,07,Extra Features (OB&Y)
1230390010009,1,C,2003-05-22,10,New Dwelling - permit
1230390010010,1,C,2003-04-25,10,New Dwelling - permit
1230390010010,1060342,C,2006-10-11,10,New Dwelling - permit
1230390010011,1,C,2003-04-21,10,New Dwelling - permit
1230390010012,1,C,2003-04-21,10,New Dwelling - permit
1230390010012,1826372,C,2021-05-03,07,Extra Features (OB&Y)
1230390010013,1,C,2003-04-24,10,New Dwelling - permit
1230390010014,1,C,2003-05-16,10,New Dwelling - permit
1230390010015,1,C,2003-05-01,10,New Dwelling - permit
1230390010016,1,C,2003-06-05,10,New Dwelling - permit
1230390010017,1,C,2003-04-24,10,New Dwelling - permit
1230390010018,1,C,2003-08-07,10,New Dwelling - permit
1230390010019,1,C,2003-07-22,10,New Dwelling - permit
1230390010020,1,C,2003-06-16,10,New Dwelling - permit
1230390010021,1,C,2003-06-27,10,New Dwelling - permit
1230390010022,1,C,2003-05-16,10,New Dwelling - permit
1230390010023,1,C,2003-05-16,10,New Dwelling - permit
1230390010024,1,C,2003-06-19,10,New Dwelling - permit
1230390010025,1,C,2003-05-16,10,New Dwelling - permit
1230390010026,1,C,2003-06-19,10,New Dwelling - permit
1230390010027,1,C,2003-07-22,10,New Dwelling - permit
1230390010028,1,C,2003-11-14,10,New Dwelling - permit
1230390010029,1,C,2003-07-23,10,New Dwelling - permit
1230390010030,1,C,2003-05-20,10,New Dwelling - permit
1230390010031,1,C,2003-06-16,10,New Dwelling - permit
1230390010032,1,C,2003-07-14,10,New Dwelling - permit
1230390010033,1,C,2003-06-11,10,New Dwelling - permit
1230390010034,1040205,C,2006-04-24,10,New Dwelling - permit
1230390010035,1,C,2003-11-17,10,New Dwelling - permit
1230390010036,1,C,2003-07-31,10,New Dwelling - permit
1230390010037,986828,C,2005-02-25,10,New Dwelling - permit
1230390010038,1044932,C,2006-06-23,10,New Dwelling - permit
1230390010039,1,C,2003-06-06,10,New Dwelling - permit
1230390010040,1,C,2003-08-21,10,New Dwelling - permit
1230390010041,947757,C,2004-06-04,10,New Dwelling - permit
1230390010042,953407,C,2004-02-18,10,New Dwelling - permit
1230390010043,1,C,2003-08-28,10,New Dwelling - permit
1230390010043,991661,C,2005-05-04,10,New Dwelling - permit
1230390010044,1,C,2003-01-27,10,New Dwelling - permit
1230390010044,947477,C,2004-02-06,10,New Dwelling - permit
1230390010045,951757,C,2004-05-24,10,New Dwelling - permit
1230390010045,1386489,C,2014-01-13,07,Extra Features (OB&Y)
1230390010046,1,C,2003-04-08,10,New Dwelling - permit
1230390010047,1,C,2003-05-08,10,New Dwelling - permit
1230390010048,1,C,2003-05-08,10,New Dwelling - permit
1230390010048,2,C,2004-01-21,10,New Dwelling - permit
1230390010049,949807,C,2004-06-22,10,New Dwelling - permit
1230390010049,988892,C,2005-03-29,07,Extra Features (OB&Y)
1230390010050,948010,C,2004-06-08,10,New Dwelling - permit
1230390010051,1,C,2022-12-29,07,Extra Features (OB&Y)
1230390010051,948136,C,2004-05-10,10,New Dwelling - permit
1230390010051,1870231,C,2022-03-15,11,Additions or Remodeling
1230390010052,1,C,2003-07-03,10,New Dwelling - permit
1230390010053,946569,C,2004-06-01,10,New Dwelling - permit
1230390010054,1,C,2003-06-06,10,New Dwelling - permit
1230390010054,2,C,2004-04-29,10,New Dwelling - permit
1230390010054,970030,C,2004-12-10,07,Extra Features (OB&Y)
1230390010055,1,C,2003-04-04,10,New Dwelling - permit
1230390010055,1271779,C,2011-05-20,07,Extra Features (OB&Y)
1230390010056,1,C,2003-05-16,10,New Dwelling - permit
1230390010057,948604,C,2004-04-07,10,New Dwelling - permit
1230390010058,1,C,2003-09-11,10,New Dwelling - permit
1230390010058,947138,C,2004-03-03,10,New Dwelling - permit
1230390010061,1865660,C,2022-02-09,32,"Paving, Parking Lot, Slab"
1230390020001,1,C,2003-02-14,10,New Dwelling - permit
1230390020002,1,C,2003-02-14,10,New Dwelling - permit
1230390020002,1411834,C,2014-07-29,07,Extra Features (OB&Y)
1230390020003,1,C,2003-02-24,10,New Dwelling - permit
1230390020004,1,C,2003-02-17,10,New Dwelling - permit
1230390020005,1,C,2003-07-14,10,New Dwelling - permit
1230390020006,1,C,2003-02-24,10,New Dwelling - permit
1230390020006,1503943,C,2016-08-11,07,Extra Features (OB&Y)
1230390020007,1,C,2003-03-03,10,New Dwelling - permit
1230390020008,1,C,2003-03-07,10,New Dwelling - permit
1230390020009,1,C,2003-02-14,10,New Dwelling - permit
1230390020010,1,C,2003-07-14,10,New Dwelling - permit
1230390020011,1,C,2003-07-23,10,New Dwelling - permit
1230390020012,1,C,2003-05-20,10,New Dwelling - permit
1230390020013,1,C,2003-04-25,10,New Dwelling - permit
1230390020014,1,C,2003-05-22,10,New Dwelling - permit
1230390020014,1904940,C,2022-11-11,07,Extra Features (OB&Y)
1230390020015,1,C,2003-05-15,10,New Dwelling - permit
1230390020016,1,C,2003-06-11,10,New Dwelling - permit
1230390020017,1036622,C,2006-03-09,10,New Dwelling - permit
1230390020018,1,C,2003-07-31,10,New Dwelling - permit
1230390020019,1,C,2003-07-14,10,New Dwelling - permit
1230390020020,1,C,2003-12-19,09,New Dwelling - no permit
1230390020021,1,C,2003-08-07,10,New Dwelling - permit
1230390020022,1,C,2003-07-14,10,New Dwelling - permit
1230390020022,948362,C,2004-03-04,10,New Dwelling - permit
1230390020023,1,C,2003-05-01,10,New Dwelling - permit
1230390020024,964732,C,2004-04-26,10,New Dwelling - permit
1230390020025,1,C,2003-08-12,10,New Dwelling - permit
1230390020026,952635,C,2004-03-22,10,New Dwelling - permit
1230390020027,990860,C,2005-04-25,10,New Dwelling - permit
1230390020028,947606,C,2004-01-21,10,New Dwelling - permit
1230390020029,984599,C,2005-01-25,10,New Dwelling - permit
1230390020029,1004305,C,2005-10-10,07,Extra Features (OB&Y)
1230390020029,1351788,C,2013-04-24,07,Extra Features (OB&Y)
1230390020030,963688,C,2004-05-10,10,New Dwelling - permit
1230390020031,1,C,2003-12-30,10,New Dwelling - permit
1230390020032,947478,C,2004-02-06,10,New Dwelling - permit
1230390020033,965017,C,2004-04-29,10,New Dwelling - permit
1230390020033,965093,C,2004-04-29,10,New Dwelling - permit
1230390020033,995949,C,2005-06-21,07,Extra Features (OB&Y)
1230390020034,1,C,2020-06-24,07,Extra Features (OB&Y)
1230390020034,964733,C,2004-04-26,10,New Dwelling - permit
1230390020034,1245228,C,2010-10-05,07,Extra Features (OB&Y)
1230390020035,947604,C,2004-01-21,10,New Dwelling - permit
1230390020035,1037690,C,2006-03-21,07,Extra Features (OB&Y)
1230390020036,950183,C,2004-04-13,10,New Dwelling - permit
1230390020036,959874,C,2004-04-13,10,New Dwelling - permit
1230390020036,1001434,C,2005-09-08,07,Extra Features (OB&Y)
1230390020036,1279608,C,2011-08-18,07,Extra Features (OB&Y)
1230390020037,954686,C,2004-02-26,10,New Dwelling - permit
1230390020037,1360048,C,2013-06-28,07,Extra Features (OB&Y)
1230390020038,948605,C,2004-04-07,10,New Dwelling - permit
1230390020039,1,C,2003-08-12,10,New Dwelling - permit
1230390020040,1,C,2003-07-07,10,New Dwelling - permit
1230390020041,1,C,2003-07-15,10,New Dwelling - permit
1230390020042,1,C,2003-08-28,10,New Dwelling - permit
1230390020042,1797041,C,2020-10-05,07,Extra Features (OB&Y)
1230390020043,1,C,2003-09-11,10,New Dwelling - permit
1230390020043,2,C,2011-11-30,07,Extra Features (OB&Y)
1230390020044,1,C,2003-09-11,10,New Dwelling - permit
1230390020045,1,C,2003-07-23,10,New Dwelling - permit
1230390020045,2,C,2020-06-24,07,Extra Features (OB&Y)
1230390020046,1,C,2003-07-15,10,New Dwelling - permit
1230390020047,1,C,2008-01-01,07,Extra Features (OB&Y)
1230390020047,971908,C,2004-04-26,10,New Dwelling - permit
1230390020047,1098096,C,2007-06-29,11,Additions or Remodeling
1230390020048,1,C,2003-07-07,10,New Dwelling - permit
1230390020049,1,C,2003-11-14,10,New Dwelling - permit
1230390020050,948863,C,2004-01-26,10,New Dwelling - permit
1230390020051,1,C,2003-06-06,10,New Dwelling - permit
1230390020052,1,C,2003-06-06,10,New Dwelling - permit
1230390020053,948864,C,2004-01-26,10,New Dwelling - permit
1230390020054,947607,C,2004-01-21,10,New Dwelling - permit
1230390020055,953373,C,2004-03-30,10,New Dwelling - permit
1230390020056,1,C,2003-03-06,10,New Dwelling - permit
1230390020057,1,C,2003-04-04,10,New Dwelling - permit
1230390020058,2,C,2005-12-15,09,New Dwelling - no permit
1230390020059,1,C,2003-04-04,10,New Dwelling - permit
1230390020060,1,C,2003-06-06,10,New Dwelling - permit
1230390020061,1,C,2003-04-04,10,New Dwelling - permit
1230390020062,1,C,2003-06-11,10,New Dwelling - permit
1230390020063,1,C,2003-07-15,10,New Dwelling - permit
1230390020064,1,C,2003-05-02,10,New Dwelling - permit
1230390020065,1,C,2003-06-09,10,New Dwelling - permit
1230390020066,953374,C,2004-03-30,10,New Dwelling - permit
1230390020066,1773433,C,2020-05-20,11,Additions or Remodeling
1230390020067,1033998,C,2006-02-03,10,New Dwelling - permit
1230390020068,1,C,2003-05-20,10,New Dwelling - permit
1230390020069,1,C,2003-02-05,10,New Dwelling - permit
1230390020070,995976,C,2005-06-21,10,New Dwelling - permit
1230390020070,1265010,C,2011-03-28,07,Extra Features (OB&Y)
1230390020070,2014915,C,2025-01-17,11,Additions or Remodeling
1230390020071,1012582,C,2005-12-29,10,New Dwelling - permit
1230390020072,995975,C,2005-06-21,10,New Dwelling - permit
1234760010001,1,C,2003-05-19,10,New Dwelling - permit
1234760010002,1,C,2003-03-06,10,New Dwelling - permit
1234760010003,1,C,2003-03-26,10,New Dwelling - permit
1234760010004,1,C,2003-05-13,10,New Dwelling - permit
1234760010005,1,C,2003-05-16,10,New Dwelling - permit
1234760010006,1,C,2003-03-27,10,New Dwelling - permit
1234760010006,1095696,C,2007-05-21,07,Extra Features (OB&Y)
1234760010007,1,C,2003-03-07,10,New Dwelling - permit
1234760010008,1,C,2003-05-19,10,New Dwelling - permit
1234760010009,1,C,2003-03-31,10,New Dwelling - permit
1234760010010,1,C,2003-03-31,10,New Dwelling - permit
1234760010011,1,C,2003-04-21,10,New Dwelling - permit
1234760010012,1,C,2003-07-09,10,New Dwelling - permit
1234760010012,1684724,C,2018-09-26,11,Additions or Remodeling
1234760010012,1703162,C,2019-02-15,07,Extra Features (OB&Y)
1234760010013,1,C,2003-03-06,10,New Dwelling - permit
1234760010014,1,C,2003-03-06,10,New Dwelling - permit
1234760010015,1,C,2003-02-20,10,New Dwelling - permit
1234760010016,1,C,2003-04-21,10,New Dwelling - permit
1234760010017,1,C,2003-02-19,10,New Dwelling - permit
1234760010018,1,C,2003-12-30,09,New Dwelling - no permit
1234760010019,1,C,2003-07-09,10,New Dwelling - permit
1234760010020,1,C,2003-02-17,10,New Dwelling - permit
1234760010020,2,C,2012-05-31,07,Extra Features (OB&Y)
1234760010021,1,C,2003-03-27,10,New Dwelling - permit
1234760010022,1,C,2003-03-27,10,New Dwelling - permit
1234760010023,1,C,2003-05-13,10,New Dwelling - permit
1234760010024,1,C,2003-09-18,10,New Dwelling - permit
1234760010025,1,C,2003-09-18,10,New Dwelling - permit
1234760010026,949664,C,2004-06-11,10,New Dwelling - permit
1234760010027,949430,C,2004-08-19,10,New Dwelling - permit
1234760010028,1,C,2003-08-07,10,New Dwelling - permit
1234760010030,1,C,2003-09-26,10,New Dwelling - permit
1234760010031,1,C,2003-12-15,10,New Dwelling - permit
1234760010032,949329,C,2004-05-14,10,New Dwelling - permit
1234760010033,1,C,2003-08-25,10,New Dwelling - permit
1234760010033,943657,C,2004-06-25,07,Extra Features (OB&Y)
1234760010034,1,C,2003-08-05,10,New Dwelling - permit
1234760010035,1,C,2003-12-30,09,New Dwelling - no permit
1234760010036,1,C,2005-05-27,09,New Dwelling - no permit
1234760010037,1,C,2003-12-30,09,New Dwelling - no permit
1234760010038,1,C,2003-10-21,10,New Dwelling - permit
1234760010039,949663,C,2004-06-11,10,New Dwelling - permit
1234760010040,2,C,2003-12-02,10,New Dwelling - permit
1234760010041,1,C,2003-08-07,10,New Dwelling - permit
1234760010042,1,C,2003-08-07,10,New Dwelling - permit
1234760010043,1,C,2003-09-19,10,New Dwelling - permit
1234760010044,959935,C,2004-04-14,10,New Dwelling - permit
1234760010045,1,C,2003-10-28,10,New Dwelling - permit
1234760010045,2,C,2012-11-20,07,Extra Features (OB&Y)
1234760010046,1,C,2003-10-21,10,New Dwelling - permit
1234760010047,946609,C,2004-04-01,10,New Dwelling - permit
1234760010048,1,C,2003-05-08,09,New Dwelling - no permit
1234760010049,1,C,2003-06-04,10,New Dwelling - permit
1234760010050,1,C,2003-03-20,10,New Dwelling - permit
1234760010051,1,C,2003-10-21,10,New Dwelling - permit
1234760010052,1,C,2003-11-14,10,New Dwelling - permit
1234760010053,1,C,2003-03-21,10,New Dwelling - permit
1234760010054,1,C,2003-04-28,10,New Dwelling - permit
1234760010055,1,C,2003-09-18,10,New Dwelling - permit
1234760020001,1,C,2003-02-20,10,New Dwelling - permit
1234760020002,1,C,2003-02-20,10,New Dwelling - permit
1234760020002,1976400,C,2024-04-11,11,Additions or Remodeling
1234760030001,1,C,2003-09-18,10,New Dwelling - permit
1234760030002,1,C,2003-11-04,10,New Dwelling - permit
1234760030003,1,C,2003-10-21,10,New Dwelling - permit
1234760030004,1,C,2003-11-04,10,New Dwelling - permit
1234760030005,1,C,2003-03-07,10,New Dwelling - permit
1234760030006,1,C,2003-03-07,10,New Dwelling - permit
1234760030007,1,C,2003-11-04,10,New Dwelling - permit
1234760030007,943449,C,2004-05-14,10,New Dwelling - permit
1234760030008,1,C,2003-03-07,10,New Dwelling - permit
1234760030009,1,C,2003-07-11,10,New Dwelling - permit
1234760030010,1,C,2003-03-20,10,New Dwelling - permit
1234760030011,1,C,2003-08-22,10,New Dwelling - permit
1234760030012,1,C,2003-09-19,10,New Dwelling - permit
1234760030013,1,C,2003-09-18,10,New Dwelling - permit
1234760030014,1,C,2003-09-18,10,New Dwelling - permit
1234760030014,947574,C,2004-08-09,10,New Dwelling - permit
1234760030015,953436,C,2004-02-20,10,New Dwelling - permit
1234760030016,949328,C,2004-05-14,10,New Dwelling - permit
1234760030017,1,C,2003-09-18,10,New Dwelling - permit
1234760030018,952605,C,2004-02-13,10,New Dwelling - permit
1234760030019,1,C,2003-09-19,10,New Dwelling - permit
1234760030020,1,C,2003-12-30,09,New Dwelling - no permit
1234760030021,1,C,2003-09-18,10,New Dwelling - permit
1234760030022,952607,C,2004-02-13,10,New Dwelling - permit
1234760030024,947143,C,2004-03-03,10,New Dwelling - permit
1234760030025,1,C,2003-10-21,10,New Dwelling - permit
1234760030026,953435,C,2004-02-20,10,New Dwelling - permit
1234760030027,1,C,2003-03-26,10,New Dwelling - permit
1234760030028,1,C,2003-03-26,10,New Dwelling - permit
1234760030029,1,C,2003-07-09,10,New Dwelling - permit
1234760030030,1,C,2003-04-21,10,New Dwelling - permit
1234760030031,1,C,2003-03-06,10,New Dwelling - permit
1234760030032,1,C,2003-07-31,10,New Dwelling - permit
1234760030033,1,C,2003-04-29,10,New Dwelling - permit
1234760030033,1301082,C,2012-03-12,17,Disaster Repair
1234760030034,1,C,2003-07-31,10,New Dwelling - permit
1234760030035,948008,C,2004-06-08,10,New Dwelling - permit
1234760030036,1,C,2003-05-09,10,New Dwelling - permit
1234760030037,1,C,2003-04-08,10,New Dwelling - permit
1234760030038,1,C,2003-06-02,10,New Dwelling - permit
1234760030039,951768,C,2004-05-24,10,New Dwelling - permit
1234760030040,1,C,2003-07-31,10,New Dwelling - permit
1234760030041,1,C,2003-09-02,10,New Dwelling - permit
1234760030041,1561147,C,2017-10-18,07,Extra Features (OB&Y)
1234760030042,1,C,2003-04-08,10,New Dwelling - permit
1234760030043,1,C,2003-05-30,10,New Dwelling - permit
1234760030043,1460744,C,2015-09-22,07,Extra Features (OB&Y)
1234760030044,1,C,2003-05-13,10,New Dwelling - permit
1234760030045,952606,C,2004-02-13,10,New Dwelling - permit
1239800010001,1,C,2003-08-25,10,New Dwelling - permit
1239800010002,1,C,2003-06-09,10,New Dwelling - permit
1239800010003,1,C,2003-08-25,10,New Dwelling - permit
1239800010003,1439032,C,2015-04-14,07,Extra Features (OB&Y)
1239800010004,1,C,2003-11-19,10,New Dwelling - permit
1239800010005,1,C,2003-06-02,10,New Dwelling - permit
1239800010006,1,C,2003-06-09,10,New Dwelling - permit
1239800010007,1,C,2003-06-09,10,New Dwelling - permit
1239800010008,1,C,2003-08-12,10,New Dwelling - permit
1239800010009,1,C,2003-08-12,10,New Dwelling - permit
1239800010010,1,C,2003-10-01,10,New Dwelling - permit
1239800010011,1,C,2003-11-18,10,New Dwelling - permit
1239800010012,936279,C,2004-03-16,10,New Dwelling - permit
1239800010013,939950,C,2004-06-02,10,New Dwelling - permit
1239800010014,938414,C,2004-04-29,10,New Dwelling - permit
1239800010015,1,C,2003-12-03,10,New Dwelling - permit
1239800010016,1,C,2003-07-14,10,New Dwelling - permit
1239800010017,1,C,2003-10-01,10,New Dwelling - permit
1239800010018,934844,C,2004-02-12,10,New Dwelling - permit
1239800010019,1,C,2003-10-01,10,New Dwelling - permit
1239800010020,936277,C,2004-03-16,10,New Dwelling - permit
1239800010021,937910,C,2004-04-16,10,New Dwelling - permit
1239800010022,939951,C,2004-06-02,10,New Dwelling - permit
1239800010023,939952,C,2004-06-02,10,New Dwelling - permit
1239800010024,1,C,2003-10-24,10,New Dwelling - permit
1239800010025,936794,C,2004-03-26,10,New Dwelling - permit
1239800010026,936280,C,2004-03-16,10,New Dwelling - permit
1239800010027,936278,C,2004-03-16,10,New Dwelling - permit
1239800010028,1,C,2003-08-25,10,New Dwelling - permit
1239800010028,2,C,2004-03-22,10,New Dwelling - permit
1239800010029,1,C,2003-12-11,10,New Dwelling - permit
1239800010030,1,C,2003-12-29,09,New Dwelling - no permit
1239800010031,1,C,2003-12-03,10,New Dwelling - permit
1239800010032,942127,C,2004-08-11,10,New Dwelling - permit
1239800010032,990768,C,2005-04-21,07,Extra Features (OB&Y)
1239800010033,2,C,2004-02-27,10,New Dwelling - permit
1239800010034,1,C,2003-12-29,09,New Dwelling - no permit
1239800010034,1315965,C,2012-07-03,07,Extra Features (OB&Y)
1239800010035,1,C,2003-12-29,09,New Dwelling - no permit
1239800010036,937933,C,2004-04-19,10,New Dwelling - permit
1239800010037,1,C,2003-12-29,09,New Dwelling - no permit
1239800010038,1,C,2003-06-09,10,New Dwelling - permit
1239800010038,1777743,C,2020-06-10,07,Extra Features (OB&Y)
1239800010038,1777744,C,2020-06-10,07,Extra Features (OB&Y)
1239800010039,1,C,2003-06-09,10,New Dwelling - permit
1239800010040,1,C,2003-07-07,10,New Dwelling - permit
1239800010041,1,C,2007-04-19,09,New Dwelling - no permit
1239800020001,1,C,2003-12-29,09,New Dwelling - no permit
1239800020002,1,C,2003-11-18,10,New Dwelling - permit
1239800020002,943940,C,2004-10-13,10,New Dwelling - permit
1239800020003,939949,C,2004-06-02,10,New Dwelling - permit
1239800020004,1,C,2003-12-29,09,New Dwelling - no permit
1239800020005,1,C,2003-12-29,09,New Dwelling - no permit
1239800020006,1,C,2003-12-29,09,New Dwelling - no permit
1239800020007,1,C,2003-10-01,10,New Dwelling - permit
1239800020008,1,C,2003-12-29,09,New Dwelling - no permit
1239800020008,1858055,C,2021-12-21,07,Extra Features (OB&Y)
1239800020009,1,C,2003-12-29,09,New Dwelling - no permit
1239800020010,936581,C,2004-03-22,10,New Dwelling - permit
1239800020011,1,C,2003-11-19,10,New Dwelling - permit
1239800020012,1,C,2003-06-09,10,New Dwelling - permit
1239800020012,1853767,C,2021-11-29,07,Extra Features (OB&Y)
1239800020013,1,C,2003-10-20,10,New Dwelling - permit
1239800020014,1,C,2003-10-16,10,New Dwelling - permit
1239800020015,1,C,2004-02-06,10,New Dwelling - permit
1239800020015,2,C,2004-02-12,10,New Dwelling - permit
1239800020016,1,C,2012-05-31,07,Extra Features (OB&Y)
1239800020016,937595,C,2004-04-07,10,New Dwelling - permit
1239800020017,1,C,2003-12-03,10,New Dwelling - permit
1239800020018,1,C,2003-06-06,10,New Dwelling - permit
1239800020019,1,C,2003-06-02,10,New Dwelling - permit
1239800020020,1,C,2003-11-25,10,New Dwelling - permit
1239800020021,936281,C,2004-03-16,10,New Dwelling - permit
1239800020022,937909,C,2004-04-16,10,New Dwelling - permit
1239800020023,1,C,2003-11-25,10,New Dwelling - permit
1239800020024,1,C,2003-12-12,10,New Dwelling - permit
1239800020025,934843,C,2004-02-12,10,New Dwelling - permit
1239800020026,940610,C,2004-06-22,10,New Dwelling - permit
1239800020027,1,C,2003-06-06,10,New Dwelling - permit
1239800020028,1,C,2003-12-31,09,New Dwelling - no permit
1239800020028,2,C,2004-03-29,07,Extra Features (OB&Y)
1239800020029,937596,C,2004-04-07,10,New Dwelling - permit
1239800020030,934845,C,2004-02-12,10,New Dwelling - permit
1239800020030,1273302,C,2011-06-27,11,Additions or Remodeling
1239800020031,1,C,2003-10-01,10,New Dwelling - permit
1240570000001,1,C,2003-11-03,31,"Addtns, Remodels, Lease Space"
1240570000002,1,C,2003-11-03,31,"Addtns, Remodels, Lease Space"
1240570000003,1,C,2003-11-03,31,"Addtns, Remodels, Lease Space"
1240570000004,1,C,2003-11-03,31,"Addtns, Remodels, Lease Space"
1240570000005,1,C,2003-11-03,31,"Addtns, Remodels, Lease Space"
1240570000006,1,C,2003-11-03,31,"Addtns, Remodels, Lease Space"
1240570000007,1,C,2003-11-03,31,"Addtns, Remodels, Lease Space"
1240570000008,1,C,2003-11-03,31,"Addtns, Remodels, Lease Space"
1240570000009,1,C,2003-11-03,31,"Addtns, Remodels, Lease Space"
1240570000010,1,C,2003-11-03,31,"Addtns, Remodels, Lease Space"
1240570000011,1,C,2003-11-03,31,"Addtns, Remodels, Lease Space"
1240570000012,1,C,2003-11-03,31,"Addtns, Remodels, Lease Space"
1240570000013,1,C,2003-11-03,31,"Addtns, Remodels, Lease Space"
1240570000014,1,C,2003-11-03,31,"Addtns, Remodels, Lease Space"
1240570000015,1,C,2003-11-03,31,"Addtns, Remodels, Lease Space"
1240570000016,1,C,2003-11-03,31,"Addtns, Remodels, Lease Space"
1240570000017,1,C,2003-11-03,31,"Addtns, Remodels, Lease Space"
1240570000018,1,C,2003-11-03,31,"Addtns, Remodels, Lease Space"
1240570000019,1,C,2003-11-03,31,"Addtns, Remodels, Lease Space"
1240570000020,1,C,2003-11-03,31,"Addtns, Remodels, Lease Space"
1240570000021,1,C,2003-11-03,31,"Addtns, Remodels, Lease Space"
1240570000022,1,C,2003-11-03,31,"Addtns, Remodels, Lease Space"
1240570000023,1,C,2003-11-03,31,"Addtns, Remodels, Lease Space"
1240570000024,1,C,2003-11-03,31,"Addtns, Remodels, Lease Space"
1240570000025,1,C,2003-11-03,31,"Addtns, Remodels, Lease Space"
1240650010001,1,C,2003-10-03,39,New Construction w/o Permit
1240650010001,957233,C,2004-04-13,31,"Addtns, Remodels, Lease Space"
1240650010001,957234,C,2004-04-13,32,"Paving, Parking Lot, Slab"
1240650010001,957237,C,2004-05-18,31,"Addtns, Remodels, Lease Space"
1240650010001,957248,C,2004-01-12,31,"Addtns, Remodels, Lease Space"
1240650010001,957249,C,2004-01-16,31,"Addtns, Remodels, Lease Space"
1240650010001,1238776,C,2010-07-21,31,"Addtns, Remodels, Lease Space"
1240650010001,1422748,C,2014-11-12,31,"Addtns, Remodels, Lease Space"
1240650010001,1531005,C,2017-03-14,31,"Addtns, Remodels, Lease Space"
1240650010001,1664699,C,2018-05-08,31,"Addtns, Remodels, Lease Space"
1240650010001,1664700,C,2018-05-01,31,"Addtns, Remodels, Lease Space"
1240650010001,1684731,C,2018-09-04,31,"Addtns, Remodels, Lease Space"
1240650010001,1724600,C,2019-06-17,31,"Addtns, Remodels, Lease Space"
1240650010001,1729080,C,2019-07-06,31,"Addtns, Remodels, Lease Space"
1240650010001,2022439,C,2025-03-06,31,"Addtns, Remodels, Lease Space"
1240650010002,1,C,2003-11-03,39,New Construction w/o Permit
1240650010002,1055926,C,2006-06-16,31,"Addtns, Remodels, Lease Space"
1240650010002,1069967,C,2006-12-14,31,"Addtns, Remodels, Lease Space"
1240650010002,1101764,C,2007-08-01,31,"Addtns, Remodels, Lease Space"
1240650010002,1148895,C,2008-02-12,31,"Addtns, Remodels, Lease Space"
1240650010002,1148896,C,2008-02-12,31,"Addtns, Remodels, Lease Space"
1240650010002,1150424,C,2008-03-13,31,"Addtns, Remodels, Lease Space"
1240650010002,1163124,C,2008-10-09,31,"Addtns, Remodels, Lease Space"
1240650010002,1168238,C,2008-11-11,31,"Addtns, Remodels, Lease Space"
1240650010002,1224014,C,2010-03-05,31,"Addtns, Remodels, Lease Space"
1240650010002,1314515,C,2012-06-01,31,"Addtns, Remodels, Lease Space"
1240650010002,1464470,C,2015-10-05,31,"Addtns, Remodels, Lease Space"
1240650010002,1515178,C,2016-11-18,31,"Addtns, Remodels, Lease Space"
1240650010002,1531006,C,2017-03-09,31,"Addtns, Remodels, Lease Space"
1240650010002,1555277,C,2017-09-11,31,"Addtns, Remodels, Lease Space"
1240650010002,1684732,C,2018-09-20,31,"Addtns, Remodels, Lease Space"
1240650010002,1715420,C,2019-04-09,31,"Addtns, Remodels, Lease Space"
1240650010002,1925212,C,2023-04-10,31,"Addtns, Remodels, Lease Space"
1240650010003,957242,C,2004-02-02,30,New Building
1240650010003,957243,C,2004-02-02,30,New Building
1240650010003,957250,C,2004-02-02,31,"Addtns, Remodels, Lease Space"
1240650010003,1174238,C,2008-12-03,31,"Addtns, Remodels, Lease Space"
1240650010003,1174239,C,2008-12-03,31,"Addtns, Remodels, Lease Space"
1240650010003,1527495,C,2017-02-01,30,New Building
1240650010004,1,C,2003-11-03,39,New Construction w/o Permit
1240650010004,1496372,C,2016-06-09,31,"Addtns, Remodels, Lease Space"
1240650010004,1500141,C,2016-07-06,31,"Addtns, Remodels, Lease Space"
1240650010006,1,C,2006-02-27,39,New Construction w/o Permit
1240650010006,1055893,C,2006-07-28,31,"Addtns, Remodels, Lease Space"
1240650010007,2,C,2006-02-27,39,New Construction w/o Permit
1240650010007,1468933,C,2015-11-23,31,"Addtns, Remodels, Lease Space"
1240650010007,1500687,C,2016-07-18,31,"Addtns, Remodels, Lease Space"
1240650010007,1956880,C,2023-11-03,31,"Addtns, Remodels, Lease Space"
1240650010007,2014928,C,2025-01-07,31,"Addtns, Remodels, Lease Space"
1174960010007,1,C,2011-01-02,11,Additions or Remodeling
1174960020012,1,C,1899-12-30,11,Additions or Remodeling
1174960020015,1,C,2017-10-24,11,Additions or Remodeling
1174960020021,1939485,C,2023-07-07,07,Extra Features (OB&Y)
1174960020022,1460794,C,2015-09-23,11,Additions or Remodeling
1174960020028,1,C,2017-01-01,11,Additions or Remodeling
1174960020029,1,C,2017-01-01,11,Additions or Remodeling
1176720010004,1,C,2017-01-01,11,Additions or Remodeling
1176720020009,1766970,C,2020-03-19,11,Additions or Remodeling
1176720020013,1221710,C,2010-01-06,11,Additions or Remodeling
1179670020016,1,C,2024-08-08,11,Additions or Remodeling
1184130010002,1,C,2023-01-04,07,Extra Features (OB&Y)
1184130020001,1870172,C,2022-03-30,11,Additions or Remodeling
1184130020006,1897033,C,2022-09-26,11,Additions or Remodeling
1184130050008,1,C,2002-06-10,11,Additions or Remodeling
1184130050011,1964769,C,2024-01-05,11,Additions or Remodeling
1187010010001,1276577,C,2011-07-22,31,"Addtns, Remodels, Lease Space"
1188720010021,1925136,C,2023-04-29,11,Additions or Remodeling
1188720020001,1,C,2013-08-01,11,Additions or Remodeling
1188720020012,1,C,1899-12-30,11,Additions or Remodeling
1188720030017,987834,C,2005-03-11,07,Extra Features (OB&Y)
1188720030033,1,C,2018-08-22,50,Disaster Review
1192230010001,2,C,2016-10-05,30,New Building
1192240000001,1,C,2003-10-06,31,"Addtns, Remodels, Lease Space"
1193610010003,2,C,2007-06-19,07,Extra Features (OB&Y)
1203010010001,1849312,C,2021-10-06,30,New Building
1203010010001,1849313,C,2021-10-01,32,"Paving, Parking Lot, Slab"
1203010010001,1888475,C,2022-07-08,84,Exempt Property
1205700010001,1873421,C,2022-04-15,30,New Building
1211300010005,958496,C,2004-12-07,14,RP Mobile Home w/ Land
1211300010006,1925172,C,2023-04-04,10,New Dwelling - permit
1211300010007,1,C,2014-04-10,13,Residential Demolition
1211300010007,2,C,2014-01-01,14,RP Mobile Home w/ Land
1211300010007,1381885,C,2013-12-02,14,RP Mobile Home w/ Land
1211300010007,1425813,C,2014-12-16,14,RP Mobile Home w/ Land
1211300010012,1382696,C,2013-12-27,14,RP Mobile Home w/ Land
1211300010012,1980862,C,2024-05-15,14,RP Mobile Home w/ Land
1211300010013,1457193,C,2015-08-11,14,RP Mobile Home w/ Land
1211300010014,1446408,C,2015-06-08,14,RP Mobile Home w/ Land
1211300010015,1232503,C,2010-05-27,14,RP Mobile Home w/ Land
1211300010019,1497749,C,2016-06-30,14,RP Mobile Home w/ Land
1211300010029,1469100,C,2015-12-01,08,Tangible (PP) Mobile Home
1211300010033,2,C,2015-06-03,07,Extra Features (OB&Y)
1211300010037,1,C,2005-05-25,09,New Dwelling - no permit
1211300010037,972864,C,2004-09-28,10,New Dwelling - permit
1211300010038,972874,C,2004-09-28,10,New Dwelling - permit
1211300010039,942119,C,2004-08-10,14,RP Mobile Home w/ Land
1211300010041,1,C,2004-08-11,14,RP Mobile Home w/ Land
1211300010043,2051787,C,2025-10-21,10,New Dwelling - permit
1211300010049,1500170,C,2016-07-06,14,RP Mobile Home w/ Land
1211300010051,1,C,2018-04-30,07,Extra Features (OB&Y)
1211300010052,942115,C,2004-08-10,14,RP Mobile Home w/ Land
1211300010053,942116,C,2004-08-10,14,RP Mobile Home w/ Land
1211300010054,1501118,C,2016-07-25,14,RP Mobile Home w/ Land
1211300010055,4,C,2010-01-01,12,Repairs (Foundation / GM)
1211300020007,940638,C,2004-06-23,14,RP Mobile Home w/ Land
1211300020008,1,C,1899-12-30,15,Relocation / Bldg Move
1211300020008,943279,C,2004-09-28,14,RP Mobile Home w/ Land
1211300020014,942114,C,2004-08-10,14,RP Mobile Home w/ Land
1211300020018,2,C,2004-11-05,14,RP Mobile Home w/ Land
1211300020018,998970,C,2005-07-28,14,RP Mobile Home w/ Land
1211300020020,939251,C,2004-05-14,14,RP Mobile Home w/ Land
1211300020021,1527465,C,2017-02-27,14,RP Mobile Home w/ Land
1211300020024,1107361,C,2007-10-09,14,RP Mobile Home w/ Land
1211300030003,1461165,C,2015-10-02,14,RP Mobile Home w/ Land
1211300030005,1344467,C,2013-03-11,14,RP Mobile Home w/ Land
1211300030009,1964813,C,2024-01-24,32,"Paving, Parking Lot, Slab"
1211300040001,1,C,2014-04-04,07,Extra Features (OB&Y)
1211300040001,1340356,C,2013-01-30,11,Additions or Remodeling
1211300050002,939499,C,2004-05-20,14,RP Mobile Home w/ Land
1211300050004,2,C,2005-11-22,14,RP Mobile Home w/ Land
1211300050004,3,C,2010-01-01,07,Extra Features (OB&Y)
1211300050005,1,C,2003-12-30,14,RP Mobile Home w/ Land
1211300050007,938182,C,2004-04-23,14,RP Mobile Home w/ Land
1211300050009,938181,C,2004-04-23,14,RP Mobile Home w/ Land
1211300050011,2,C,2010-01-01,07,Extra Features (OB&Y)
1211300050014,1001640,C,2005-09-12,07,Extra Features (OB&Y)
1211300060008,995218,C,2005-06-09,14,RP Mobile Home w/ Land
1211300060009,1321879,C,2012-08-01,14,RP Mobile Home w/ Land
1211300060010,1,C,2010-01-01,07,Extra Features (OB&Y)
1211300060011,1865628,C,2022-02-22,14,RP Mobile Home w/ Land
1211300060012,941274,C,2004-07-15,14,RP Mobile Home w/ Land
1211300060013,943278,C,2004-09-28,14,RP Mobile Home w/ Land
1211300060014,949856,C,2004-07-28,14,RP Mobile Home w/ Land
1211300060016,941273,C,2004-07-15,14,RP Mobile Home w/ Land
1211300060017,941272,C,2004-07-15,14,RP Mobile Home w/ Land
1211300060018,938184,C,2004-04-23,14,RP Mobile Home w/ Land
1211300060019,938183,C,2004-04-23,10,New Dwelling - permit
1211300060020,2,C,2010-01-01,15,Relocation / Bldg Move
1211300060021,1,C,2010-01-01,11,Additions or Remodeling
1211300070001,1,C,1899-12-30,15,Relocation / Bldg Move
1211300080001,1,C,2010-01-01,07,Extra Features (OB&Y)
1212760010001,1,C,2001-04-12,84,Exempt Property
1212760010001,948424,C,2004-02-27,84,Exempt Property
1212760010001,1401739,C,2014-05-28,30,New Building
1214080010001,1971788,C,2024-03-11,31,"Addtns, Remodels, Lease Space"
1216200010001,1,C,2009-02-11,35,Fire Reports
1216200010001,2,C,2010-11-25,35,Fire Reports
1216200010001,3,C,2025-09-27,35,Fire Reports
1216200010001,1769495,C,2020-04-20,31,"Addtns, Remodels, Lease Space"
1216200010001,1769496,C,2020-04-20,31,"Addtns, Remodels, Lease Space"
1216200010001,1769497,C,2020-04-20,31,"Addtns, Remodels, Lease Space"
1216200010001,1769498,C,2020-04-20,31,"Addtns, Remodels, Lease Space"
1216200010001,1769499,C,2020-04-20,31,"Addtns, Remodels, Lease Space"
1216200010001,1769500,C,2020-04-20,31,"Addtns, Remodels, Lease Space"
1216200010001,1769501,C,2020-04-20,31,"Addtns, Remodels, Lease Space"
1216200010001,1769502,C,2020-04-20,31,"Addtns, Remodels, Lease Space"
1216200010001,1769503,C,2020-04-20,31,"Addtns, Remodels, Lease Space"
1216200010001,1769504,C,2020-04-20,31,"Addtns, Remodels, Lease Space"
1216200010001,1769505,C,2020-04-20,31,"Addtns, Remodels, Lease Space"
1216200010001,1769506,C,2020-04-20,31,"Addtns, Remodels, Lease Space"
1216200010001,1769507,C,2020-04-20,31,"Addtns, Remodels, Lease Space"
1216200010001,1769508,C,2020-04-20,31,"Addtns, Remodels, Lease Space"
1216200010001,1769509,C,2020-04-20,31,"Addtns, Remodels, Lease Space"
1218220010001,1154867,C,2008-05-02,30,New Building
1218220010001,1394719,C,2014-03-26,31,"Addtns, Remodels, Lease Space"
1218220010001,1719992,C,2019-05-01,31,"Addtns, Remodels, Lease Space"
1220080000001,2,C,2022-01-24,30,New Building
1223000010001,1,C,2002-09-26,10,New Dwelling - permit
1223000010002,1,C,2003-01-22,10,New Dwelling - permit
1223000010003,1,C,2002-09-26,10,New Dwelling - permit
1223000010004,1,C,2002-09-26,10,New Dwelling - permit
1223000010005,1,C,2002-09-26,10,New Dwelling - permit
1223000010006,1,C,2003-02-17,10,New Dwelling - permit
1223000010007,1,C,2003-01-07,10,New Dwelling - permit
1223000020005,1,C,2003-01-07,10,New Dwelling - permit
1223000020008,1,C,2003-01-07,10,New Dwelling - permit
1223000020011,1,C,2003-03-27,10,New Dwelling - permit
1223000020012,1,C,2012-11-02,12,Repairs (Foundation / GM)
1223000020013,1,C,2002-09-26,10,New Dwelling - permit
1223000020014,1,C,2003-01-07,10,New Dwelling - permit
1223000020015,1,C,2002-09-26,10,New Dwelling - permit
1223000020016,1,C,2003-02-10,10,New Dwelling - permit
1223000020017,2,C,2004-09-24,09,New Dwelling - no permit
1223000020018,1,C,1899-12-30,09,New Dwelling - no permit
1223000020019,1,C,2015-07-13,10,New Dwelling - permit
1223000020020,1,C,2016-01-19,10,New Dwelling - permit
1223000030001,1,C,2003-01-23,10,New Dwelling - permit
1223000030002,1,C,2003-01-07,10,New Dwelling - permit
1223000030003,1,C,2003-01-07,10,New Dwelling - permit
1223000030004,1,C,2003-01-07,10,New Dwelling - permit
1223000030005,1,C,2003-12-22,09,New Dwelling - no permit
1223000030006,1,C,2003-12-22,09,New Dwelling - no permit
1223000030007,1,C,2003-02-17,10,New Dwelling - permit
1223000030008,1,C,2003-12-22,09,New Dwelling - no permit
1223000030009,1,C,2003-02-10,10,New Dwelling - permit
1223000030010,1,C,2003-02-17,10,New Dwelling - permit
1223000030010,3,C,2004-04-20,07,Extra Features (OB&Y)
1223000030011,1,C,2003-01-31,10,New Dwelling - permit
1223000030012,1,C,2003-12-22,09,New Dwelling - no permit
1223000030013,1,C,2003-02-17,10,New Dwelling - permit
1223000030014,1,C,2003-12-22,09,New Dwelling - no permit
1223000030015,1,C,2003-12-22,09,New Dwelling - no permit
1225440010001,1144431,C,2008-05-23,31,"Addtns, Remodels, Lease Space"
1227530010001,2,C,1899-12-30,30,New Building
1227530010003,1964826,C,2024-01-24,32,"Paving, Parking Lot, Slab"
1227530010003,1968544,C,2024-02-07,31,"Addtns, Remodels, Lease Space"
1227530010003,2018721,C,2025-02-03,30,New Building
1227530010005,1405076,C,2014-06-26,31,"Addtns, Remodels, Lease Space"
1227530010007,1070371,C,2006-09-18,32,"Paving, Parking Lot, Slab"
1227530010007,1696584,C,2018-12-17,31,"Addtns, Remodels, Lease Space"
1227530010007,1733564,C,2019-08-07,30,New Building
1227530010007,1767031,C,2020-03-06,31,"Addtns, Remodels, Lease Space"
1227530010008,1,C,2006-01-19,30,New Building
1227530010008,2,C,2006-01-19,32,"Paving, Parking Lot, Slab"
1227530010008,3,C,2006-01-19,30,New Building
1227530010008,4,C,2005-12-16,30,New Building
1227530010008,5,C,2004-12-16,31,"Addtns, Remodels, Lease Space"
1227530010009,1,C,2007-05-08,32,"Paving, Parking Lot, Slab"
1227530010009,2,C,2007-05-08,30,New Building
1227530010009,1777721,C,2020-06-25,31,"Addtns, Remodels, Lease Space"
1227530010012,2,C,1899-12-30,30,New Building
1227530010012,3,C,2007-05-08,32,"Paving, Parking Lot, Slab"
1227530010012,4,C,2007-05-08,30,New Building
1227530010013,2,C,1899-12-30,30,New Building
1227530010013,1696585,C,2018-12-20,32,"Paving, Parking Lot, Slab"
1227530010013,1901401,C,2022-10-13,32,"Paving, Parking Lot, Slab"
1227530010013,1912600,C,2023-01-11,30,New Building
1227530010013,1912601,C,2023-01-11,30,New Building
1227530010013,1929797,C,2023-05-10,31,"Addtns, Remodels, Lease Space"
1230260010001,1,C,2003-06-02,39,New Construction w/o Permit
1230260010001,1462983,C,2015-09-17,31,"Addtns, Remodels, Lease Space"
1231650010001,1,C,2002-08-20,10,New Dwelling - permit
1231650010002,1,C,2002-11-19,10,New Dwelling - permit
1231650010003,1371849,C,2013-10-03,10,New Dwelling - permit
1231650010004,1,C,2003-02-10,10,New Dwelling - permit
1231650020002,996225,C,2005-06-23,10,New Dwelling - permit
1231650020003,1,C,2002-09-30,10,New Dwelling - permit
1231650020004,1,C,2003-11-07,09,New Dwelling - no permit
1231650030001,1,C,2003-02-10,10,New Dwelling - permit
1231650030002,951868,C,2004-05-27,10,New Dwelling - permit
1231650030003,1,C,2003-11-07,09,New Dwelling - no permit
1231650030004,934337,C,2004-01-16,10,New Dwelling - permit
1231650030004,952456,C,2004-11-17,07,Extra Features (OB&Y)
1231650030005,1,C,2003-07-18,10,New Dwelling - permit
1231650030006,1,C,2003-04-04,09,New Dwelling - no permit
1231650030006,1294914,C,2012-01-17,07,Extra Features (OB&Y)
1231650030006,1294915,C,2012-01-17,07,Extra Features (OB&Y)
1231650030007,1,C,2003-04-07,09,New Dwelling - no permit
1231650030008,1,C,2003-04-07,09,New Dwelling - no permit
1231650030009,1,C,2003-10-10,10,New Dwelling - permit
1231650040001,1,C,2002-09-06,10,New Dwelling - permit
1231650040002,1,C,2003-04-07,09,New Dwelling - no permit
1231650040002,3,C,2006-02-15,07,Extra Features (OB&Y)
1231650040003,1,C,2003-04-15,10,New Dwelling - permit
1231650040004,1,C,2003-12-30,10,New Dwelling - permit
1231650040005,1,C,2003-11-12,10,New Dwelling - permit
1231650040006,1,C,2002-09-06,10,New Dwelling - permit
1231650040006,1429286,C,2015-01-06,07,Extra Features (OB&Y)
1232200000001,1,C,2003-02-27,39,New Construction w/o Permit
1236180010001,1,C,2002-11-21,39,New Construction w/o Permit
1236180010001,3,C,2006-05-15,31,"Addtns, Remodels, Lease Space"
1236180010001,4,C,2006-05-15,31,"Addtns, Remodels, Lease Space"
1236180010001,5,C,2006-05-15,31,"Addtns, Remodels, Lease Space"
1236180010001,6,C,2006-05-15,31,"Addtns, Remodels, Lease Space"
1236180010001,957244,C,2004-08-03,31,"Addtns, Remodels, Lease Space"
1236180010001,957245,C,2004-08-03,31,"Addtns, Remodels, Lease Space"
1236180010001,957246,C,2004-08-03,31,"Addtns, Remodels, Lease Space"
1236180010001,957247,C,2004-08-03,31,"Addtns, Remodels, Lease Space"
1236180010001,1252878,C,2010-12-13,31,"Addtns, Remodels, Lease Space"
1236180010001,1412874,C,2014-08-20,31,"Addtns, Remodels, Lease Space"
1236180010001,1465185,C,2015-10-23,31,"Addtns, Remodels, Lease Space"
1236180010001,1724591,C,2019-06-11,31,"Addtns, Remodels, Lease Space"
1237620010001,1,C,2003-06-16,10,New Dwelling - permit
1237620010002,1,C,2003-06-16,10,New Dwelling - permit
1237620010003,1,C,2003-07-16,10,New Dwelling - permit
1237620010004,1,C,2003-06-16,10,New Dwelling - permit
1237620010005,1,C,2003-07-07,10,New Dwelling - permit
1237620010006,1,C,2003-06-16,10,New Dwelling - permit
1237620010007,1,C,2003-06-16,10,New Dwelling - permit
1237620010008,1,C,2003-06-16,10,New Dwelling - permit
1237620010009,1,C,2003-06-16,10,New Dwelling - permit
1237620010009,3,C,2007-05-23,07,Extra Features (OB&Y)
1237620010010,1,C,2003-07-07,10,New Dwelling - permit
1237620010011,1,C,2003-08-11,10,New Dwelling - permit
1237620010012,1,C,2003-07-18,10,New Dwelling - permit
1237620010013,1,C,2003-12-31,09,New Dwelling - no permit
1237620010014,1,C,2003-08-11,10,New Dwelling - permit
1237620010014,2,C,2012-11-05,12,Repairs (Foundation / GM)
1237620010015,1,C,2003-07-07,10,New Dwelling - permit
1237620010016,1,C,2003-07-07,10,New Dwelling - permit
1237620010016,2,C,2018-01-05,07,Extra Features (OB&Y)
1237620020001,1,C,2003-12-26,10,New Dwelling - permit
1237620020002,1,C,2003-12-31,09,New Dwelling - no permit
1237620020003,1,C,2003-12-31,09,New Dwelling - no permit
1237620020003,1630404,C,2017-08-23,50,Disaster Review
1237620020004,1,C,2004-02-11,10,New Dwelling - permit
1237620020004,1630405,C,2017-08-23,50,Disaster Review
1237620020005,1,C,2003-09-19,10,New Dwelling - permit
1237620020005,1630406,C,2017-08-23,50,Disaster Review
1237620020006,1,C,2003-12-26,10,New Dwelling - permit
1237620020006,1630407,C,2017-08-23,50,Disaster Review
1237620020007,1,C,2004-02-23,10,New Dwelling - permit
1237620020007,1630408,C,2017-08-23,50,Disaster Review
1237620020008,2,C,2004-02-23,10,New Dwelling - permit
1237620020008,1630409,C,2017-08-23,50,Disaster Review
1237620020009,2,C,2004-02-13,10,New Dwelling - permit
1237620020009,1630410,C,2017-08-23,50,Disaster Review
1237620020010,1,C,2004-02-23,10,New Dwelling - permit
1237620020011,2,C,2004-02-23,10,New Dwelling - permit
1237620020012,1,C,2004-02-23,10,New Dwelling - permit
1237620020013,1,C,2003-12-31,09,New Dwelling - no permit
1237620020014,1,C,2003-12-31,09,New Dwelling - no permit
1237620020015,1,C,2003-12-31,09,New Dwelling - no permit
1237620020015,2,C,2018-01-01,50,Disaster Review
1237620020016,2,C,2004-02-23,10,New Dwelling - permit
1237620030001,1,C,2016-02-01,10,New Dwelling - permit
1237620030002,1,C,1899-12-30,09,New Dwelling - no permit
1237620030003,1,C,1899-12-30,09,New Dwelling - no permit
1237620030005,1,C,1899-12-30,09,New Dwelling - no permit
1238900020002,1,C,2011-04-26,31,"Addtns, Remodels, Lease Space"
1238900020002,1295365,C,2012-01-19,32,"Paving, Parking Lot, Slab"
1238900020002,1311906,C,2012-05-25,30,New Building
1238900020002,1311907,C,2012-06-18,32,"Paving, Parking Lot, Slab"
1238900020002,1311908,C,2013-02-04,32,"Paving, Parking Lot, Slab"
1238900020002,1479306,C,2016-02-01,31,"Addtns, Remodels, Lease Space"
1238900020003,1504250,C,2016-08-18,31,"Addtns, Remodels, Lease Space"
1238900020003,1527488,C,2017-02-06,31,"Addtns, Remodels, Lease Space"
1238900020003,1527489,C,2017-02-06,31,"Addtns, Remodels, Lease Space"
1238900020003,1844745,C,2021-09-29,31,"Addtns, Remodels, Lease Space"
1238900020003,1870255,C,2022-03-21,31,"Addtns, Remodels, Lease Space"
1238900020003,1892744,C,2022-08-23,31,"Addtns, Remodels, Lease Space"
1238900020003,1976408,C,2024-04-03,31,"Addtns, Remodels, Lease Space"
1238910010001,1,C,2003-11-03,31,"Addtns, Remodels, Lease Space"
1238910010001,1259602,C,2011-02-24,30,New Building
1238910010001,1259603,C,2011-02-24,30,New Building
1238910010001,1259604,C,2011-02-24,30,New Building
1238910010001,1259605,C,2011-02-24,30,New Building
1238910010001,1430336,C,2015-02-05,32,"Paving, Parking Lot, Slab"
1238910010002,1,C,2003-11-03,31,"Addtns, Remodels, Lease Space"
1238910010002,1465612,C,2015-10-07,32,"Paving, Parking Lot, Slab"
1238910010002,1465613,C,2015-02-05,32,"Paving, Parking Lot, Slab"
1238910010003,1,C,2003-11-03,31,"Addtns, Remodels, Lease Space"
1268770010004,1387521,C,2014-02-06,10,New Dwelling - permit
1268770010005,1045160,C,2006-06-28,10,New Dwelling - permit
1268770010006,1,C,2010-01-01,11,Additions or Remodeling
1268770010006,1045312,C,2006-06-30,10,New Dwelling - permit
1268770010007,1045161,C,2006-06-28,10,New Dwelling - permit
1268770010008,1041244,C,2006-05-05,10,New Dwelling - permit
1268770010009,1041205,C,2006-05-05,10,New Dwelling - permit
1268770010010,1038495,C,2006-03-30,10,New Dwelling - permit
1268770010011,1040440,C,2006-04-25,10,New Dwelling - permit
1268770010012,1039036,C,2006-04-06,10,New Dwelling - permit
1268770010013,1089966,C,2007-03-05,10,New Dwelling - permit
1268770010014,1089964,C,2007-03-05,10,New Dwelling - permit
1268770010015,1402950,C,2014-05-16,10,New Dwelling - permit
1268770010016,1372671,C,2013-10-24,10,New Dwelling - permit
1268770010017,1359287,C,2013-06-11,10,New Dwelling - permit
1268770010018,1403482,C,2014-05-27,10,New Dwelling - permit
1268770010019,1404909,C,2014-06-23,10,New Dwelling - permit
1268770010020,1360621,C,2013-07-11,10,New Dwelling - permit
1268770010021,1360622,C,2013-07-11,10,New Dwelling - permit
1268770010022,1402951,C,2014-05-16,10,New Dwelling - permit
1268770010023,1293729,C,2011-12-16,10,New Dwelling - permit
1268770010024,1043772,C,2006-06-08,10,New Dwelling - permit
1268770010025,1043079,C,2006-05-26,10,New Dwelling - permit
1268770010026,1043081,C,2006-05-26,10,New Dwelling - permit
1268770010027,1,C,2005-10-03,10,New Dwelling - permit
1268770010028,1020358,C,2005-10-03,10,New Dwelling - permit
1268770010030,1330834,C,2012-11-12,10,New Dwelling - permit
1268770010031,1043080,C,2006-05-26,10,New Dwelling - permit
1268770010031,1402949,C,2014-05-16,10,New Dwelling - permit
1268770010032,1043078,C,2006-05-26,10,New Dwelling - permit
1268770010032,1239277,C,2010-08-04,10,New Dwelling - permit
1268770010033,1361427,C,2013-07-30,10,New Dwelling - permit
1268770010034,1422505,C,2014-11-04,10,New Dwelling - permit
1268770010035,1265954,C,2011-04-20,10,New Dwelling - permit
1268770010036,1201663,C,2009-09-25,10,New Dwelling - permit
1268770010037,1233261,C,2010-06-10,10,New Dwelling - permit
1268770010038,1238215,C,2010-07-06,10,New Dwelling - permit
1268770010039,1410730,C,2014-07-03,10,New Dwelling - permit
1268770010040,1422948,C,2014-11-19,10,New Dwelling - permit
1268770010041,1376244,C,2013-11-20,10,New Dwelling - permit
1268770010042,1398576,C,2014-04-17,10,New Dwelling - permit
1268770010043,1442802,C,2015-05-01,10,New Dwelling - permit
1268770010044,1398209,C,2014-04-10,10,New Dwelling - permit
1268770010045,1298214,C,2012-02-24,10,New Dwelling - permit
1268770010046,1415607,C,2014-09-10,10,New Dwelling - permit
1268770010048,1403333,C,2014-05-21,10,New Dwelling - permit
1268770010049,1210425,C,2009-11-20,10,New Dwelling - permit
1268770010050,1410840,C,2014-07-08,10,New Dwelling - permit
1268770020001,2014963,C,2025-01-03,10,New Dwelling - permit
1268770020002,2014964,C,2025-01-03,10,New Dwelling - permit
1268770020003,1045970,C,2006-07-11,10,New Dwelling - permit
1268770020004,1,C,2010-01-01,12,Repairs (Foundation / GM)
1268770020004,1046490,C,2006-07-19,10,New Dwelling - permit
1268770020005,1387520,C,2014-02-06,10,New Dwelling - permit
1268770020006,1043448,C,2006-06-01,10,New Dwelling - permit
1268770020007,1045162,C,2006-06-28,10,New Dwelling - permit
1268770020008,1046438,C,2006-07-18,10,New Dwelling - permit
1268770020009,1041261,C,2006-05-05,10,New Dwelling - permit
1268770020010,1040618,C,2006-04-27,10,New Dwelling - permit
1268770020011,1040619,C,2006-04-27,10,New Dwelling - permit
1268770020012,1038496,C,2006-03-30,10,New Dwelling - permit
1268770020013,1040620,C,2006-04-27,10,New Dwelling - permit
1268770020014,1040734,C,2006-04-28,10,New Dwelling - permit
1268770020015,1040735,C,2006-04-28,10,New Dwelling - permit
1268770020016,1,C,2013-12-19,12,Repairs (Foundation / GM)
1268770020016,1039037,C,2006-04-06,10,New Dwelling - permit
1268770020017,1040616,C,2006-04-27,10,New Dwelling - permit
1268770020018,1020359,C,2005-10-24,10,New Dwelling - permit
1268770020018,1041275,C,2006-05-05,10,New Dwelling - permit
1268770020019,1020344,C,2005-09-19,10,New Dwelling - permit
1268770020020,1020335,C,2005-09-15,10,New Dwelling - permit
1268770020021,1020341,C,2005-09-19,10,New Dwelling - permit
1268770020022,1020336,C,2005-09-19,10,New Dwelling - permit
1268770020023,1020349,C,2005-09-19,10,New Dwelling - permit
1268770020024,1020334,C,2005-09-15,10,New Dwelling - permit
1268770020025,1020340,C,2005-09-19,10,New Dwelling - permit
1268770020026,1020352,C,2005-09-19,10,New Dwelling - permit
1268770020027,1020347,C,2005-09-19,10,New Dwelling - permit
1268770020028,1020356,C,2005-09-29,10,New Dwelling - permit
1268770020029,1020339,C,2005-09-19,10,New Dwelling - permit
1268770020030,1,C,2010-01-01,12,Repairs (Foundation / GM)
1268770020030,1020348,C,2005-09-19,10,New Dwelling - permit
1268770020031,1020345,C,2005-09-19,10,New Dwelling - permit
1268770020032,1020353,C,2005-09-29,10,New Dwelling - permit
1268770020033,1020354,C,2005-09-29,10,New Dwelling - permit
1268770020034,1,C,2013-12-19,12,Repairs (Foundation / GM)
1268770020034,1020346,C,2005-09-19,10,New Dwelling - permit
1268770020035,1020355,C,2005-09-29,10,New Dwelling - permit
1268770020036,1020350,C,2005-09-19,10,New Dwelling - permit
1268770020037,1020343,C,2005-09-19,10,New Dwelling - permit
1268770020038,1,C,2005-09-19,10,New Dwelling - permit
1268770020038,2,C,2024-01-15,11,Additions or Remodeling
1268770020039,1020361,C,2005-10-27,10,New Dwelling - permit
1268770020040,1020337,C,2005-09-19,10,New Dwelling - permit
1268770020041,1020351,C,2005-09-19,10,New Dwelling - permit
1268770020042,1020338,C,2005-09-19,10,New Dwelling - permit
1268770020043,1038497,C,2006-03-30,10,New Dwelling - permit
1268770020044,1020360,C,2005-10-24,10,New Dwelling - permit
1268770020045,1089967,C,2007-03-05,10,New Dwelling - permit
1268770020046,1387519,C,2014-02-06,10,New Dwelling - permit
1268770020047,1403334,C,2014-05-21,10,New Dwelling - permit
1268770020048,1371101,C,2013-09-16,10,New Dwelling - permit
1268770020049,1341226,C,2013-02-19,10,New Dwelling - permit
1268770020050,1327468,C,2012-10-18,10,New Dwelling - permit
1268770020051,1285010,C,2011-09-20,10,New Dwelling - permit
1268770020052,1397957,C,2014-04-07,10,New Dwelling - permit
1268770020053,1381957,C,2013-12-03,10,New Dwelling - permit
1268770020054,1047841,C,2006-08-08,10,New Dwelling - permit
1268770020055,1047837,C,2006-08-08,10,New Dwelling - permit
1268770020056,1047836,C,2006-08-08,10,New Dwelling - permit
1268770020057,1047840,C,2006-08-08,10,New Dwelling - permit
1268770020058,1047839,C,2006-08-08,10,New Dwelling - permit
1268770020059,1047838,C,2006-08-08,10,New Dwelling - permit
1268770020060,1093555,C,2007-04-20,10,New Dwelling - permit
1268770020061,1093556,C,2007-04-20,10,New Dwelling - permit
1268770020062,1093557,C,2007-04-20,10,New Dwelling - permit
1268770020063,1087094,C,2007-01-22,10,New Dwelling - permit
1268770020064,1060862,C,2006-10-27,10,New Dwelling - permit
1268770020065,1093559,C,2007-04-20,10,New Dwelling - permit
1268770020066,1093560,C,2007-04-20,10,New Dwelling - permit
1268770020067,1093561,C,2007-04-20,10,New Dwelling - permit
1268770020068,1148774,C,2008-02-08,10,New Dwelling - permit
1268770020069,1148775,C,2008-02-08,10,New Dwelling - permit
1268770020070,1087093,C,2007-01-22,10,New Dwelling - permit
1268770020071,1148236,C,2008-01-30,10,New Dwelling - permit
1268770020072,1150119,C,2008-03-07,10,New Dwelling - permit
1268770020073,1150121,C,2008-03-07,10,New Dwelling - permit
1268770020074,1150120,C,2008-03-07,10,New Dwelling - permit
1268770020075,1150123,C,2008-03-07,10,New Dwelling - permit
1268770020076,1067041,C,2006-12-13,10,New Dwelling - permit
1268770020077,1150118,C,2008-03-07,10,New Dwelling - permit
1268770020078,1150122,C,2008-03-07,10,New Dwelling - permit
1268770020079,1151675,C,2008-04-03,10,New Dwelling - permit
1268770020080,1151677,C,2008-04-03,10,New Dwelling - permit
1268770020081,1154723,C,2008-05-29,10,New Dwelling - permit
1268770020082,1154719,C,2008-05-29,10,New Dwelling - permit
1268770020083,1151676,C,2008-04-03,10,New Dwelling - permit
1268770020084,1154720,C,2008-05-29,10,New Dwelling - permit
1268770020085,1154722,C,2008-05-29,10,New Dwelling - permit
1268770020086,1154721,C,2008-05-29,10,New Dwelling - permit
1268770020087,1202121,C,2009-10-05,10,New Dwelling - permit
1268770020088,1201664,C,2009-09-25,10,New Dwelling - permit
1268770020089,1224608,C,2010-03-17,10,New Dwelling - permit
1268770020090,1224609,C,2010-03-17,10,New Dwelling - permit
1268770020091,1245522,C,2010-10-15,10,New Dwelling - permit
1268770020092,1258295,C,2011-01-13,10,New Dwelling - permit
1268770020093,1245521,C,2010-10-15,10,New Dwelling - permit
1268770020094,1334802,C,2012-12-28,10,New Dwelling - permit
1268770020095,1334810,C,2012-12-28,10,New Dwelling - permit
1268770020096,1259125,C,2011-02-11,10,New Dwelling - permit
1268770020097,1402948,C,2014-05-16,10,New Dwelling - permit
1268770020098,1359283,C,2013-06-11,10,New Dwelling - permit
1268770020099,1370809,C,2013-09-06,10,New Dwelling - permit
1268770020100,1416162,C,2014-09-26,10,New Dwelling - permit
1268770020101,1297757,C,2012-02-14,10,New Dwelling - permit
1268770020102,1425981,C,2014-12-19,10,New Dwelling - permit
1268770020103,1393594,C,2014-03-05,10,New Dwelling - permit
1268770020104,1265403,C,2011-04-06,10,New Dwelling - permit
1268770020105,1316360,C,2012-07-13,10,New Dwelling - permit
1268770020106,1316362,C,2012-07-13,10,New Dwelling - permit
1268770020107,1264287,C,2011-03-10,10,New Dwelling - permit
1268770020108,1238488,C,2010-07-13,10,New Dwelling - permit
1268770020109,1344930,C,2013-03-20,10,New Dwelling - permit
1268770020110,1340060,C,2013-01-24,10,New Dwelling - permit
1268770020112,1098776,C,2007-07-11,84,Exempt Property
1268770020112,1098777,C,2007-07-11,84,Exempt Property
1268770020112,2048321,C,2025-09-24,32,"Paving, Parking Lot, Slab"
1268770030001,1,C,1899-12-30,10,New Dwelling - permit
1268770030001,1173476,C,2008-12-04,10,New Dwelling - permit
1268770030002,1168482,C,2008-11-17,10,New Dwelling - permit
1268770030003,1019218,C,2005-08-22,10,New Dwelling - permit
1268770030004,1020321,C,2005-09-13,10,New Dwelling - permit
1268770030005,1177303,C,2009-01-21,10,New Dwelling - permit
1268770030006,1168483,C,2008-11-17,10,New Dwelling - permit
1268770030007,1168484,C,2008-11-17,10,New Dwelling - permit
1268770030008,1179388,C,2009-03-25,10,New Dwelling - permit
1268770030009,1158096,C,2008-07-24,10,New Dwelling - permit
1268770030010,1158097,C,2008-07-24,10,New Dwelling - permit
1268770030011,1158101,C,2008-07-24,10,New Dwelling - permit
1268770030012,1149402,C,2008-02-22,10,New Dwelling - permit
1268770030013,1149404,C,2008-02-22,10,New Dwelling - permit
1268770030014,1149403,C,2008-02-22,10,New Dwelling - permit
1268770030015,1149401,C,2008-02-22,10,New Dwelling - permit
1268770030016,1089601,C,2007-02-28,10,New Dwelling - permit
1268770030017,1158100,C,2008-07-24,10,New Dwelling - permit
1268770030018,1158099,C,2008-07-24,10,New Dwelling - permit
1268770030020,1158098,C,2008-07-24,10,New Dwelling - permit
1268770030021,1037336,C,2006-03-17,10,New Dwelling - permit
1268770030022,1041857,C,2006-05-11,10,New Dwelling - permit
1268770030023,1041858,C,2006-05-11,10,New Dwelling - permit
1268770030024,1037330,C,2006-03-17,10,New Dwelling - permit
1268770030024,1273263,C,2011-06-24,17,Disaster Repair
1268770030025,1037331,C,2006-03-17,10,New Dwelling - permit
1268770030026,1037332,C,2006-03-17,10,New Dwelling - permit
1268770030027,1039750,C,2006-04-18,10,New Dwelling - permit
1268770030028,1020329,C,2005-09-13,10,New Dwelling - permit
1268770030029,1019121,C,2005-08-22,10,New Dwelling - permit
1268770030030,1019122,C,2005-08-22,10,New Dwelling - permit
1268770030031,1019123,C,2005-08-22,10,New Dwelling - permit
1268770030032,1019124,C,2005-08-22,10,New Dwelling - permit
1268770030033,1019125,C,2005-08-22,10,New Dwelling - permit
1268770040001,1048928,C,2006-08-28,10,New Dwelling - permit
1268770040002,1047844,C,2006-08-08,10,New Dwelling - permit
1268770040003,1047843,C,2006-08-08,10,New Dwelling - permit
1268770040004,1047842,C,2006-08-08,10,New Dwelling - permit
1268770040005,1047858,C,2006-08-08,10,New Dwelling - permit
1268770040006,1047857,C,2006-08-08,10,New Dwelling - permit
1268770040007,1047856,C,2006-08-08,10,New Dwelling - permit
1268770040008,1047855,C,2006-08-08,10,New Dwelling - permit
1268770040009,1047854,C,2006-08-08,10,New Dwelling - permit
1268770040010,1046206,C,2006-07-13,10,New Dwelling - permit
1268770040011,1043979,C,2006-06-12,10,New Dwelling - permit
1268770040012,1039856,C,2006-04-19,10,New Dwelling - permit
1268770040013,1060881,C,2006-10-27,10,New Dwelling - permit
1268770040014,1040408,C,2006-04-25,10,New Dwelling - permit
1268770040015,1043946,C,2006-06-12,10,New Dwelling - permit
1268770040016,1045127,C,2006-06-28,10,New Dwelling - permit
1268770040017,1041864,C,2006-05-11,10,New Dwelling - permit
1268770040018,1041865,C,2006-05-11,10,New Dwelling - permit
1268770040019,1041866,C,2006-05-11,10,New Dwelling - permit
1268770040020,1041867,C,2006-05-11,10,New Dwelling - permit
1268770040021,1039749,C,2006-04-18,10,New Dwelling - permit
1268770040022,1041868,C,2006-05-11,10,New Dwelling - permit
1268770040023,1041859,C,2006-05-11,10,New Dwelling - permit
1268770040024,1041860,C,2006-05-11,10,New Dwelling - permit
1268770040025,1,C,2022-07-12,11,Additions or Remodeling
1268770040025,1041861,C,2006-05-11,10,New Dwelling - permit
1268770040026,1041862,C,2006-05-11,10,New Dwelling - permit
1268770040027,1041863,C,2006-05-11,10,New Dwelling - permit
1268770040028,1041874,C,2006-05-11,10,New Dwelling - permit
1268770040029,1060080,C,2006-10-04,10,New Dwelling - permit
1268770040030,1060861,C,2006-10-27,10,New Dwelling - permit
1268770040031,1047853,C,2006-08-08,10,New Dwelling - permit
1268770040032,1048929,C,2006-08-28,10,New Dwelling - permit
1268770040033,1054176,C,2006-09-07,10,New Dwelling - permit
1268770040033,1351303,C,2013-04-15,12,Repairs (Foundation / GM)
1268770040034,1046207,C,2006-07-13,10,New Dwelling - permit
1268770040035,1047099,C,2006-07-28,10,New Dwelling - permit
1268770040036,1047852,C,2006-08-08,10,New Dwelling - permit
1268770040037,1039855,C,2006-04-19,10,New Dwelling - permit
1268770040038,1039747,C,2006-04-18,10,New Dwelling - permit
1268770040039,1047835,C,2006-08-08,10,New Dwelling - permit
1268770040040,1047834,C,2006-08-08,10,New Dwelling - permit
1268770040041,1047833,C,2006-08-08,10,New Dwelling - permit
1268770040042,1047851,C,2006-08-08,10,New Dwelling - permit
1268770040043,1047850,C,2006-08-08,10,New Dwelling - permit
1268770040044,1047849,C,2006-08-08,10,New Dwelling - permit
1268770040045,1047848,C,2006-08-08,10,New Dwelling - permit
1268770040046,1047832,C,2006-08-08,10,New Dwelling - permit
1268770040047,1047847,C,2006-08-08,10,New Dwelling - permit
1268770040048,1047846,C,2006-08-08,10,New Dwelling - permit
1268770040049,1047845,C,2006-08-08,10,New Dwelling - permit
1268770050001,1019126,C,2005-08-22,10,New Dwelling - permit
1268770050002,1020322,C,2005-09-13,10,New Dwelling - permit
1268770050003,1020323,C,2005-09-13,10,New Dwelling - permit
1268770050004,1019127,C,2005-08-22,10,New Dwelling - permit
1268770050005,1020324,C,2005-09-13,10,New Dwelling - permit
1268770050006,1037333,C,2006-03-17,10,New Dwelling - permit
1268770050007,1037334,C,2006-03-17,10,New Dwelling - permit
1268770050008,1037335,C,2006-03-17,10,New Dwelling - permit
1268770050009,1037340,C,2006-03-17,10,New Dwelling - permit
1268770050010,1037337,C,2006-03-17,10,New Dwelling - permit
1268770050011,1039751,C,2006-04-18,10,New Dwelling - permit
1268770050012,1037339,C,2006-03-17,10,New Dwelling - permit
1268770050013,1037338,C,2006-03-17,10,New Dwelling - permit
1268770050014,1032673,C,2006-01-18,10,New Dwelling - permit
1268770050015,1032674,C,2006-01-18,10,New Dwelling - permit
1268770050016,1032675,C,2006-01-18,10,New Dwelling - permit
1268770050017,1032676,C,2006-01-18,10,New Dwelling - permit
1268770050018,1032677,C,2006-01-18,10,New Dwelling - permit
1268770050019,1032678,C,2006-01-18,10,New Dwelling - permit
1268770050020,1019177,C,2005-08-22,10,New Dwelling - permit
1268770050021,1019178,C,2005-08-22,10,New Dwelling - permit
1268770050022,1020325,C,2005-09-13,10,New Dwelling - permit
1268770050023,1019179,C,2005-08-22,10,New Dwelling - permit
1268770050023,1177001,C,2009-01-08,07,Extra Features (OB&Y)
1268770050024,1020326,C,2005-09-13,10,New Dwelling - permit
1268770050025,1020327,C,2005-09-13,10,New Dwelling - permit
1268770050026,1019180,C,2005-08-22,10,New Dwelling - permit
1268770050027,1019181,C,2005-08-22,10,New Dwelling - permit
1268770050028,1019182,C,2005-08-22,10,New Dwelling - permit
1268770050029,1020328,C,2005-09-13,10,New Dwelling - permit
1268770050030,1020330,C,2005-09-13,10,New Dwelling - permit
1268770050031,1019183,C,2005-08-22,10,New Dwelling - permit
1268770050032,1019184,C,2005-08-22,10,New Dwelling - permit
1268770050033,1019185,C,2005-08-22,10,New Dwelling - permit
1268770050034,1020331,C,2005-09-13,10,New Dwelling - permit
1268770050035,1020332,C,2005-09-13,10,New Dwelling - permit
1268770050036,1019186,C,2005-08-22,10,New Dwelling - permit
1268770050037,1019187,C,2005-08-22,10,New Dwelling - permit
1268770050038,1019188,C,2005-08-22,10,New Dwelling - permit
1268770050039,1020333,C,2005-09-13,10,New Dwelling - permit
1268770050040,1019189,C,2005-08-22,10,New Dwelling - permit
1268770050041,1019190,C,2005-08-22,10,New Dwelling - permit
1268770060001,1238922,C,2010-07-27,10,New Dwelling - permit
1268770060002,1222002,C,2010-01-13,10,New Dwelling - permit
1268770060003,1259355,C,2011-02-18,10,New Dwelling - permit
1268770060004,1394894,C,2014-03-28,10,New Dwelling - permit
1268770060005,1,C,2012-02-01,10,New Dwelling - permit
1268770060005,1294790,C,2012-01-13,10,New Dwelling - permit
1268770060006,1355580,C,2013-05-14,10,New Dwelling - permit
1268770060007,1387060,C,2014-01-28,10,New Dwelling - permit
1268770060008,1376245,C,2013-11-20,10,New Dwelling - permit
1268770060009,1387061,C,2014-01-28,10,New Dwelling - permit
1268770060010,1248355,C,2010-11-15,10,New Dwelling - permit
1268770060011,1293687,C,2011-12-14,10,New Dwelling - permit
1268770060012,1316363,C,2012-07-13,10,New Dwelling - permit
1268770060013,1371100,C,2013-09-16,10,New Dwelling - permit
1268770060014,1394895,C,2014-03-28,10,New Dwelling - permit
1268770060015,1350639,C,2013-04-02,10,New Dwelling - permit
1268770060016,1344386,C,2013-03-08,10,New Dwelling - permit
1268770060017,1297991,C,2012-02-17,10,New Dwelling - permit
1268770060018,1316695,C,2012-07-20,10,New Dwelling - permit
1268770060019,1271964,C,2011-05-25,10,New Dwelling - permit
1270050010001,1059914,C,2006-10-02,10,New Dwelling - permit
1270050010002,1046870,C,2006-07-26,10,New Dwelling - permit
1270050010003,1041434,C,2006-05-09,10,New Dwelling - permit
1270050010004,1093149,C,2007-04-17,10,New Dwelling - permit
1270050010005,1088974,C,2007-02-19,10,New Dwelling - permit
1270050010006,1096046,C,2007-05-25,10,New Dwelling - permit
1270050010007,1046422,C,2006-07-18,10,New Dwelling - permit
1270050010008,1063607,C,2006-10-31,10,New Dwelling - permit
1270050010009,1086543,C,2007-01-11,10,New Dwelling - permit
1270050010010,1086542,C,2007-01-11,10,New Dwelling - permit
1270050010010,1650959,C,2018-03-28,12,Repairs (Foundation / GM)
1270050010011,1067152,C,2006-12-18,10,New Dwelling - permit
1270050010012,1067153,C,2006-12-18,10,New Dwelling - permit
1270050010013,1043420,C,2006-05-31,10,New Dwelling - permit
1270050010014,1059913,C,2006-10-02,10,New Dwelling - permit
1270050010015,1096047,C,2007-05-25,10,New Dwelling - permit
1270050010016,1089908,C,2007-03-02,10,New Dwelling - permit
1270050010017,1089909,C,2007-03-02,10,New Dwelling - permit
1270050010018,1088978,C,2007-02-19,10,New Dwelling - permit
1270050010019,1100898,C,2007-08-20,10,New Dwelling - permit
1270050010020,1089907,C,2007-03-02,10,New Dwelling - permit
1270050010021,1093150,C,2007-04-17,10,New Dwelling - permit
1270050010022,1060579,C,2006-10-18,10,New Dwelling - permit
1270050010023,1096048,C,2007-05-25,10,New Dwelling - permit
1270050010024,1086541,C,2007-01-11,10,New Dwelling - permit
1270050010025,1086193,C,2007-01-04,10,New Dwelling - permit
1270050010026,1042247,C,2006-05-18,10,New Dwelling - permit
1270050010027,1042248,C,2006-05-18,10,New Dwelling - permit
1270050010028,1042249,C,2006-05-18,10,New Dwelling - permit
1270050010029,1042595,C,2006-05-22,10,New Dwelling - permit
1270050010030,1042250,C,2006-05-18,10,New Dwelling - permit
1270050010031,1042251,C,2006-05-18,10,New Dwelling - permit
1270050010032,1042252,C,2006-05-18,10,New Dwelling - permit
1270050010033,1042253,C,2006-05-18,10,New Dwelling - permit
1270050010034,1042254,C,2006-05-18,10,New Dwelling - permit
1270050010035,1042255,C,2006-05-18,10,New Dwelling - permit
1270050010036,1041195,C,2006-05-05,10,New Dwelling - permit
1270050010037,1041194,C,2006-05-05,10,New Dwelling - permit
1270050010038,1097643,C,2007-06-21,10,New Dwelling - permit
1270050010039,1054943,C,2006-09-21,10,New Dwelling - permit
1270050010040,1066891,C,2006-12-08,10,New Dwelling - permit
1270050010041,1086194,C,2007-01-04,10,New Dwelling - permit
1270050010042,1054944,C,2006-09-21,10,New Dwelling - permit
1270050010043,1063936,C,2006-11-09,10,New Dwelling - permit
1270050010044,1047668,C,2006-08-03,10,New Dwelling - permit
1270050010045,1060798,C,2006-10-25,10,New Dwelling - permit
1270050010046,1048513,C,2006-08-22,10,New Dwelling - permit
1270050010047,1092936,C,2007-04-12,10,New Dwelling - permit
1270050010048,1092937,C,2007-04-12,10,New Dwelling - permit
1270050010049,1054945,C,2006-09-21,10,New Dwelling - permit
1270050010049,1284738,C,2011-09-12,11,Additions or Remodeling
1270050010050,1054946,C,2006-09-21,10,New Dwelling - permit
1270050010051,1067046,C,2006-12-13,10,New Dwelling - permit
1270050010052,1086195,C,2007-01-04,10,New Dwelling - permit
1270050010053,1063573,C,2006-10-30,10,New Dwelling - permit
1270050010054,1060409,C,2006-10-13,10,New Dwelling - permit
1270050010055,1178724,C,2009-03-06,10,New Dwelling - permit
1270050010056,1095512,C,2007-05-16,10,New Dwelling - permit
1270050010057,1095511,C,2007-05-16,10,New Dwelling - permit
1270050020001,1043421,C,2006-05-31,10,New Dwelling - permit
1270050020002,1,C,1899-12-30,12,Repairs (Foundation / GM)
1270050020002,1048303,C,2006-08-17,10,New Dwelling - permit
1270050020003,1048304,C,2006-08-17,10,New Dwelling - permit
1270050020004,1039786,C,2006-04-19,10,New Dwelling - permit
1270050020005,1038917,C,2006-04-05,10,New Dwelling - permit
1270050020006,1038918,C,2006-04-05,10,New Dwelling - permit
1270050020007,1019365,C,2005-11-01,10,New Dwelling - permit
1270050020008,1019366,C,2005-11-01,10,New Dwelling - permit
1270050020009,1019367,C,2005-11-01,10,New Dwelling - permit
1270050020010,1019368,C,2005-11-01,10,New Dwelling - permit
1270050020011,1020676,C,2005-11-01,10,New Dwelling - permit
1270050030001,1201148,C,2009-09-11,10,New Dwelling - permit
1270050030002,1178723,C,2009-03-06,10,New Dwelling - permit
1270050030003,1100897,C,2007-08-20,10,New Dwelling - permit
1270050030004,1178719,C,2009-03-06,10,New Dwelling - permit
1270050040001,1086196,C,2007-01-04,10,New Dwelling - permit
1270050040002,1066714,C,2006-12-04,10,New Dwelling - permit
1270050040003,1020601,C,2005-10-10,10,New Dwelling - permit
1270050040004,1020600,C,2005-10-10,10,New Dwelling - permit
1270050050001,1097644,C,2007-06-21,10,New Dwelling - permit
1270050050002,1097645,C,2007-06-21,10,New Dwelling - permit
1270120010001,2,C,2006-12-13,31,"Addtns, Remodels, Lease Space"
1274750010030,1037088,C,2006-03-15,10,New Dwelling - permit
1274750010031,1037089,C,2006-03-15,10,New Dwelling - permit
1274750010032,1037092,C,2006-03-15,10,New Dwelling - permit
1274750010033,1037752,C,2006-03-22,10,New Dwelling - permit
1274750010034,1037090,C,2006-03-15,10,New Dwelling - permit
1274750010035,1035319,C,2006-02-20,10,New Dwelling - permit
1274750010036,1034218,C,2006-02-08,10,New Dwelling - permit
1274750010037,1034217,C,2006-02-08,10,New Dwelling - permit
1274750010038,1034216,C,2006-02-08,10,New Dwelling - permit
1274750010039,1034212,C,2006-02-08,10,New Dwelling - permit
1274750010040,1034209,C,2006-02-08,10,New Dwelling - permit
1274750010041,1034208,C,2006-02-08,10,New Dwelling - permit
1274750010042,1034214,C,2006-02-08,10,New Dwelling - permit
1274750010042,2022477,C,2025-03-21,11,Additions or Remodeling
1274750010043,1034215,C,2006-02-08,10,New Dwelling - permit
1274750010044,1034220,C,2006-02-08,10,New Dwelling - permit
1274750020001,1048384,C,2006-08-18,10,New Dwelling - permit
1274750020002,1,C,2011-10-14,07,Extra Features (OB&Y)
1274750020002,1048383,C,2006-08-18,10,New Dwelling - permit
1274750020003,1048382,C,2006-08-18,10,New Dwelling - permit
1274750020004,1048209,C,2006-08-15,10,New Dwelling - permit
1274750020005,1048381,C,2006-08-18,10,New Dwelling - permit
1274750020006,1045886,C,2006-07-07,10,New Dwelling - permit
1274750020007,1046099,C,2006-07-12,10,New Dwelling - permit
1274750020008,1046103,C,2006-07-12,10,New Dwelling - permit
1274750020009,1046100,C,2006-07-12,10,New Dwelling - permit
1274750020010,1046101,C,2006-07-12,10,New Dwelling - permit
1274750020011,1046102,C,2006-07-12,10,New Dwelling - permit
1274750020012,1044895,C,2006-06-23,10,New Dwelling - permit
1274750020013,1044898,C,2006-06-23,10,New Dwelling - permit
1274750020014,1044903,C,2006-06-23,10,New Dwelling - permit
1274750020015,1044904,C,2006-06-23,10,New Dwelling - permit
1274750020016,1044905,C,2006-06-23,10,New Dwelling - permit
1274750020017,1044906,C,2006-06-23,10,New Dwelling - permit
1274750020018,1041352,C,2006-05-08,10,New Dwelling - permit
1274750020019,1041622,C,2006-05-10,10,New Dwelling - permit
1274750020020,1041350,C,2006-05-08,10,New Dwelling - permit
1274750020021,1041623,C,2006-05-10,10,New Dwelling - permit
1274750020022,1041349,C,2006-05-08,10,New Dwelling - permit
1274750020023,1040052,C,2006-04-21,10,New Dwelling - permit
1274750020024,1040111,C,2006-04-24,10,New Dwelling - permit
1274750020025,1039192,C,2006-04-10,10,New Dwelling - permit
1274750020026,1039193,C,2006-04-10,10,New Dwelling - permit
1274750020027,1040053,C,2006-04-21,10,New Dwelling - permit
1274750020027,1239055,C,2010-07-29,11,Additions or Remodeling
1274750020028,1034211,C,2006-02-08,10,New Dwelling - permit
1274750020029,1034213,C,2006-02-08,10,New Dwelling - permit
1274750020030,1035317,C,2006-02-20,10,New Dwelling - permit
1274750020031,1035318,C,2006-02-20,10,New Dwelling - permit
1274750020032,1035316,C,2006-02-20,10,New Dwelling - permit
1274750030001,1021091,C,2005-10-28,10,New Dwelling - permit
1274750030002,1021089,C,2005-10-28,10,New Dwelling - permit
1274750030003,1020994,C,2005-11-11,10,New Dwelling - permit
1274750030004,1020997,C,2005-11-16,10,New Dwelling - permit
1274750030005,1020995,C,2005-11-11,10,New Dwelling - permit
1274750030006,1020992,C,2005-11-11,10,New Dwelling - permit
1274750030007,1021055,C,2005-12-21,10,New Dwelling - permit
1274750030008,1,C,2007-01-29,09,New Dwelling - no permit
1274750030009,1021052,C,2005-12-21,10,New Dwelling - permit
1274750030010,1021053,C,2005-12-21,10,New Dwelling - permit
1274750030011,1021054,C,2005-12-21,10,New Dwelling - permit
1274750030012,1034079,C,2006-02-06,10,New Dwelling - permit
1274750030013,1034080,C,2006-02-06,10,New Dwelling - permit
1274750030014,1034081,C,2006-02-06,10,New Dwelling - permit
1274750030015,1034082,C,2006-02-06,10,New Dwelling - permit
1274750030016,1034219,C,2006-02-08,10,New Dwelling - permit
1274750030017,1021011,C,2005-12-29,10,New Dwelling - permit
1274750030018,1021012,C,2005-12-29,10,New Dwelling - permit
1274750030019,1021014,C,2005-12-29,10,New Dwelling - permit
1274750030020,1032205,C,2006-01-11,10,New Dwelling - permit
1274750030021,1021016,C,2005-12-29,10,New Dwelling - permit
1274750030022,1032029,C,2006-01-09,10,New Dwelling - permit
1274750030023,1032027,C,2006-01-09,10,New Dwelling - permit
1274750030024,1021015,C,2005-12-29,10,New Dwelling - permit
1274750030025,1032028,C,2006-01-09,10,New Dwelling - permit
1274750030026,1021013,C,2005-12-29,10,New Dwelling - permit
1274750030027,1034083,C,2006-02-06,10,New Dwelling - permit
1274750030028,1034071,C,2006-02-06,10,New Dwelling - permit
1274750030029,1034084,C,2006-02-06,10,New Dwelling - permit
1274750030030,1034072,C,2006-02-06,10,New Dwelling - permit
1274750030031,1034210,C,2006-02-08,10,New Dwelling - permit
1274750030032,1034073,C,2006-02-06,10,New Dwelling - permit
1274750030033,1032851,C,2006-01-20,10,New Dwelling - permit
1274750030034,1032852,C,2006-01-20,10,New Dwelling - permit
1274750030035,1032853,C,2006-01-20,10,New Dwelling - permit
1274750040001,1037354,C,2006-03-17,10,New Dwelling - permit
1274750040002,1037353,C,2006-03-17,10,New Dwelling - permit
1274750040003,1037350,C,2006-03-17,10,New Dwelling - permit
1274750040004,1037352,C,2006-03-17,10,New Dwelling - permit
1274750040005,1037351,C,2006-03-17,10,New Dwelling - permit
1274750040006,1037355,C,2006-03-17,10,New Dwelling - permit
1274750050001,1036505,C,2006-03-08,10,New Dwelling - permit
1274750050002,1037514,C,2006-03-20,10,New Dwelling - permit
1274750050003,1037515,C,2006-03-20,10,New Dwelling - permit
1274750050003,1689102,C,2018-10-15,11,Additions or Remodeling
1274750050004,1036235,C,2006-03-03,10,New Dwelling - permit
1274750050005,1035928,C,2006-03-01,10,New Dwelling - permit
1274750050006,1036506,C,2006-03-08,10,New Dwelling - permit
1274750050007,1035923,C,2006-03-01,10,New Dwelling - permit
1274750050008,1035924,C,2006-03-01,10,New Dwelling - permit
1274750050009,1035925,C,2006-03-01,10,New Dwelling - permit
1274750050010,1035926,C,2006-03-01,10,New Dwelling - permit
1274750050011,1035927,C,2006-03-01,10,New Dwelling - permit
1274750060001,1020996,C,2005-11-11,10,New Dwelling - permit
1274750060002,1021084,C,2005-10-21,10,New Dwelling - permit
1274750060003,1021092,C,2005-10-31,10,New Dwelling - permit
1274750060004,1021085,C,2005-10-21,10,New Dwelling - permit
1274750060005,1021086,C,2005-10-21,10,New Dwelling - permit
1274750060006,1021093,C,2005-10-28,10,New Dwelling - permit
1274750060007,1021090,C,2005-10-28,10,New Dwelling - permit
1274750060008,1020993,C,2005-11-11,10,New Dwelling - permit
1274750060009,1021088,C,2005-10-28,10,New Dwelling - permit
1274750060010,1021001,C,2005-09-29,10,New Dwelling - permit
1275160010001,1063935,C,2006-11-09,10,New Dwelling - permit
1275160010002,1067047,C,2006-12-13,10,New Dwelling - permit
1275160010003,1067048,C,2006-12-13,10,New Dwelling - permit
1275160010004,1041298,C,2006-05-05,10,New Dwelling - permit
1275160010005,1,C,1899-12-30,07,Extra Features (OB&Y)
1275160010005,1041297,C,2006-05-05,10,New Dwelling - permit
1275160010006,1039593,C,2006-04-17,10,New Dwelling - permit
1275160010007,1067049,C,2006-12-13,10,New Dwelling - permit
1275160010008,1067050,C,2006-12-13,10,New Dwelling - permit
1275160010009,1086189,C,2007-01-04,10,New Dwelling - permit
1275160010010,1033206,C,2006-01-25,10,New Dwelling - permit
1275160010011,1097404,C,2007-06-19,10,New Dwelling - permit
1275160010012,1089006,C,2007-02-19,10,New Dwelling - permit
1275160010013,1089007,C,2007-02-19,10,New Dwelling - permit
1275160010014,1039429,C,2006-04-12,10,New Dwelling - permit
1275160010015,1060402,C,2006-10-13,10,New Dwelling - permit
1275160010016,1,C,2007-01-04,10,New Dwelling - permit
1275160010017,1046632,C,2006-07-20,10,New Dwelling - permit
1275160010018,1048405,C,2006-08-18,10,New Dwelling - permit
1275160010019,1039599,C,2006-04-17,10,New Dwelling - permit
1275160010020,1048401,C,2006-08-18,10,New Dwelling - permit
1275160010021,1048400,C,2006-08-18,10,New Dwelling - permit
1275160010022,1048404,C,2006-08-18,10,New Dwelling - permit
1275160010023,1048402,C,2006-08-18,10,New Dwelling - permit
1275160020001,1060740,C,2006-10-24,10,New Dwelling - permit
1275160020002,1046427,C,2006-07-18,10,New Dwelling - permit
1275160020003,1086224,C,2007-01-05,10,New Dwelling - permit
1275160020004,1034100,C,2006-02-06,10,New Dwelling - permit
1275160020005,1033207,C,2006-01-25,10,New Dwelling - permit
1275160020006,1,C,1899-12-30,07,Extra Features (OB&Y)
1275160020006,1035658,C,2006-02-23,10,New Dwelling - permit
1275160020007,1060725,C,2006-10-24,10,New Dwelling - permit
1275160020008,1040162,C,2006-04-24,10,New Dwelling - permit
1275160020009,1033145,C,2006-01-24,10,New Dwelling - permit
1275160020010,1034098,C,2006-02-06,10,New Dwelling - permit
1275160020011,1060235,C,2006-10-06,10,New Dwelling - permit
1275160020012,1043537,C,2006-06-02,10,New Dwelling - permit
1275160020013,1046428,C,2006-07-18,10,New Dwelling - permit
1275160020014,1,C,2021-11-04,11,Additions or Remodeling
1275160020014,1063709,C,2006-11-02,10,New Dwelling - permit
1275160020015,1089074,C,2007-02-20,10,New Dwelling - permit
1275160020016,1098779,C,2007-07-11,10,New Dwelling - permit
1275160020017,1098780,C,2007-07-11,10,New Dwelling - permit
1275160020018,1033205,C,2006-01-25,10,New Dwelling - permit
1275160020019,1,C,2024-03-24,11,Additions or Remodeling
1275160020019,1034105,C,2006-02-06,10,New Dwelling - permit
1275160020020,1046719,C,2006-07-24,10,New Dwelling - permit
1275160020021,1040163,C,2006-04-24,10,New Dwelling - permit
1275160020022,1034099,C,2006-02-06,10,New Dwelling - permit
1275160020023,1,C,1899-12-30,07,Extra Features (OB&Y)
1275160020023,1033203,C,2006-01-25,10,New Dwelling - permit
1275160020024,1,C,2006-01-25,10,New Dwelling - permit
1275160030001,1098781,C,2007-07-11,10,New Dwelling - permit
1275160030002,1037575,C,2006-03-20,10,New Dwelling - permit
1275160030003,1054757,C,2006-09-18,10,New Dwelling - permit
1275160030004,1047740,C,2006-08-04,10,New Dwelling - permit
1275160030005,1047801,C,2006-08-08,10,New Dwelling - permit
1275250010001,1092935,C,2007-04-12,10,New Dwelling - permit
1275250010002,1093588,C,2007-04-23,10,New Dwelling - permit
1275250010003,1,C,2009-06-15,07,Extra Features (OB&Y)
1275250010003,1060519,C,2006-10-18,10,New Dwelling - permit
1275250010004,1054776,C,2006-09-19,10,New Dwelling - permit
1275250010004,1531050,C,2017-03-22,11,Additions or Remodeling
1275250010005,1,C,2009-08-26,07,Extra Features (OB&Y)
1275250010005,1086188,C,2007-01-04,10,New Dwelling - permit
1275250010006,1063522,C,2006-10-30,10,New Dwelling - permit
1275250010006,1403292,C,2014-05-20,07,Extra Features (OB&Y)
1275250010007,1,C,2010-09-09,07,Extra Features (OB&Y)
1275250010007,1033751,C,2006-02-01,10,New Dwelling - permit
1275250010008,1,C,2010-09-09,07,Extra Features (OB&Y)
1275250010008,1032518,C,2006-01-13,10,New Dwelling - permit
1275250010009,1092938,C,2007-04-12,10,New Dwelling - permit
1275250010009,1844800,C,2021-09-10,07,Extra Features (OB&Y)
1275250010010,1087315,C,2007-01-26,10,New Dwelling - permit
1275250010011,1086771,C,2007-01-17,10,New Dwelling - permit
1275250010012,1033752,C,2006-02-01,10,New Dwelling - permit
1275250010013,1042654,C,2006-05-22,10,New Dwelling - permit
1275250010014,1048464,C,2006-08-21,10,New Dwelling - permit
1275250010015,1,C,2008-01-01,07,Extra Features (OB&Y)
1275250010015,1093587,C,2007-04-23,10,New Dwelling - permit
1275250010016,1,C,2008-01-01,07,Extra Features (OB&Y)
1275250010016,1086649,C,2007-01-12,10,New Dwelling - permit
1275250010017,1087316,C,2007-01-26,10,New Dwelling - permit
1275250010018,1090805,C,2007-03-15,10,New Dwelling - permit
1275250010019,1063521,C,2006-10-30,10,New Dwelling - permit
1275250010020,1033753,C,2006-02-01,10,New Dwelling - permit
1275250010021,1035716,C,2006-02-27,10,New Dwelling - permit
1275250010022,1046716,C,2006-07-24,10,New Dwelling - permit
1275250010023,1088683,C,2007-02-13,10,New Dwelling - permit
1275250010024,1038580,C,2006-03-30,10,New Dwelling - permit
1275250010025,1042656,C,2006-05-22,10,New Dwelling - permit
1275250010026,1042655,C,2006-05-22,10,New Dwelling - permit
1275250010027,1046630,C,2006-07-20,10,New Dwelling - permit
1275250010027,1157636,C,2008-07-15,07,Extra Features (OB&Y)
1275250010027,1279057,C,2011-08-04,07,Extra Features (OB&Y)
1275250010027,1431376,C,2015-03-09,11,Additions or Remodeling
1275250010027,1689103,C,2018-10-17,11,Additions or Remodeling
1275250010028,1032941,C,2006-01-23,10,New Dwelling - permit
1275250010029,1032940,C,2006-01-23,10,New Dwelling - permit
1275250010029,1481736,C,2016-02-09,07,Extra Features (OB&Y)
1275250010030,1032942,C,2006-01-23,10,New Dwelling - permit
1275250010031,1033754,C,2006-02-01,10,New Dwelling - permit
1275250010032,1090806,C,2007-03-15,10,New Dwelling - permit
1275250010033,1048465,C,2006-08-21,10,New Dwelling - permit
1275250010034,1046629,C,2006-07-20,10,New Dwelling - permit
1275250010035,1090853,C,2007-03-16,10,New Dwelling - permit
1275250010035,1783082,C,2020-07-09,07,Extra Features (OB&Y)
1275250010036,1048469,C,2006-08-21,10,New Dwelling - permit
1275250010037,1067267,C,2006-12-21,10,New Dwelling - permit
1275250010038,1209924,C,2009-11-10,10,New Dwelling - permit
1307320080005,1388235,C,2014-02-20,10,New Dwelling - permit
1307320080006,1361444,C,2013-07-30,10,New Dwelling - permit
1307320080006,1826470,C,2021-05-25,07,Extra Features (OB&Y)
1307320080007,1,C,2014-01-01,09,New Dwelling - no permit
1307320080007,2,C,1899-12-30,07,Extra Features (OB&Y)
1307320080008,1356400,C,2013-05-13,10,New Dwelling - permit
1307320080008,1821624,C,2021-04-12,07,Extra Features (OB&Y)
1307320080009,1371042,C,2013-09-12,10,New Dwelling - permit
1307320080009,1816896,C,2021-03-31,07,Extra Features (OB&Y)
1307320080010,1,C,1899-12-30,07,Extra Features (OB&Y)
1307320080010,1339337,C,2013-01-08,10,New Dwelling - permit
1307330010001,1412226,C,2014-08-06,10,New Dwelling - permit
1307330010002,1351132,C,2013-04-11,10,New Dwelling - permit
1307330010002,1371998,C,2013-10-07,07,Extra Features (OB&Y)
1307330010003,1,C,1899-12-30,07,Extra Features (OB&Y)
1307330010003,1649400,C,2018-02-01,10,New Dwelling - permit
1307330010005,1,C,1899-12-30,07,Extra Features (OB&Y)
1307330010005,1297768,C,2012-02-14,10,New Dwelling - permit
1307330010008,1381937,C,2013-12-04,10,New Dwelling - permit
1307330010010,1359171,C,2013-06-07,10,New Dwelling - permit
1307330010010,1481732,C,2016-02-09,07,Extra Features (OB&Y)
1307330010011,1425724,C,2014-12-12,10,New Dwelling - permit
1307330010012,1488233,C,2016-03-24,10,New Dwelling - permit
1307330010013,1394876,C,2014-03-28,10,New Dwelling - permit
1307330010014,1460328,C,2015-09-02,10,New Dwelling - permit
1307330010016,1402903,C,2014-05-14,10,New Dwelling - permit
1307330010016,1402904,C,2014-05-14,07,Extra Features (OB&Y)
1307330010017,1372398,C,2013-10-18,10,New Dwelling - permit
1307330010018,1301010,C,2012-03-09,10,New Dwelling - permit
1307330010019,1326413,C,2012-09-28,10,New Dwelling - permit
1307330010020,1387962,C,2014-02-14,10,New Dwelling - permit
1307330010021,1259391,C,2011-02-21,10,New Dwelling - permit
1307330010022,1,C,2018-03-27,07,Extra Features (OB&Y)
1307330010022,1468246,C,2015-11-04,10,New Dwelling - permit
1307330010023,1450991,C,2015-07-22,10,New Dwelling - permit
1307330010024,1402677,C,2014-05-09,10,New Dwelling - permit
1307330010024,1431019,C,2015-02-24,07,Extra Features (OB&Y)
1307330010026,1805379,C,2020-12-03,10,New Dwelling - permit
1307330010027,1801083,C,2020-11-16,10,New Dwelling - permit
1307330010028,1689156,C,2018-10-07,10,New Dwelling - permit
1307330010029,1425465,C,2014-12-04,10,New Dwelling - permit
1307330010029,1439381,C,2015-04-22,07,Extra Features (OB&Y)
1307330010030,1430573,C,2015-02-12,10,New Dwelling - permit
1307330010031,1,C,2014-03-17,07,Extra Features (OB&Y)
1307330010031,1323027,C,2012-08-27,10,New Dwelling - permit
1307330010031,1668112,C,2018-06-05,07,Extra Features (OB&Y)
1307330010034,1394349,C,2014-03-19,10,New Dwelling - permit
1307330010036,2,C,2017-04-06,07,Extra Features (OB&Y)
1307330010037,1457562,C,2015-08-24,10,New Dwelling - permit
1307330010038,1524210,C,2017-01-26,10,New Dwelling - permit
1307330020001,1419156,C,2014-10-08,10,New Dwelling - permit
1307330020002,1491615,C,2016-05-06,10,New Dwelling - permit
1307340010001,1184836,C,2009-07-30,10,New Dwelling - permit
1307340010002,1360332,C,2013-07-03,10,New Dwelling - permit
1307340010003,1176304,C,2008-05-29,10,New Dwelling - permit
1307340010004,1182268,C,2009-06-03,10,New Dwelling - permit
1307340010005,1239037,C,2010-07-29,10,New Dwelling - permit
1307340010006,1224347,C,2010-03-11,10,New Dwelling - permit
1307340010007,1176307,C,2008-06-04,10,New Dwelling - permit
1307340010008,1176305,C,2008-05-29,10,New Dwelling - permit
1307340010008,1187190,C,2009-08-12,07,Extra Features (OB&Y)
1307340010009,1176322,C,2008-07-02,10,New Dwelling - permit
1307340010010,1176321,C,2008-07-02,10,New Dwelling - permit
1307340010011,1176303,C,2008-05-29,10,New Dwelling - permit
1307340010012,1176309,C,2008-06-04,10,New Dwelling - permit
1307340010013,1330784,C,2012-11-09,10,New Dwelling - permit
1307340010013,1388521,C,2014-02-26,11,Additions or Remodeling
1307340010014,1176310,C,2008-06-04,10,New Dwelling - permit
1307340010015,1176324,C,2008-08-04,10,New Dwelling - permit
1307340010016,1176302,C,2008-05-20,10,New Dwelling - permit
1307340010017,1176313,C,2008-06-05,10,New Dwelling - permit
1307340010018,1201442,C,2009-09-18,10,New Dwelling - permit
1307340010019,1176316,C,2008-06-05,10,New Dwelling - permit
1307340010020,1176315,C,2008-06-05,10,New Dwelling - permit
1307340010021,1176317,C,2008-06-05,10,New Dwelling - permit
1307340010022,1356009,C,2013-05-24,10,New Dwelling - permit
1307340010023,1264744,C,2011-03-22,10,New Dwelling - permit
1307340010024,1341092,C,2013-02-14,10,New Dwelling - permit
1307340010025,1245787,C,2010-10-25,10,New Dwelling - permit
1307340010026,1258632,C,2011-01-26,10,New Dwelling - permit
1307340010027,1242836,C,2010-09-27,10,New Dwelling - permit
1307340010028,1202314,C,2009-10-08,10,New Dwelling - permit
1307340010029,1293884,C,2011-12-20,10,New Dwelling - permit
1307340010029,1294884,C,2012-01-17,10,New Dwelling - permit
1307340010030,1176319,C,2008-06-25,10,New Dwelling - permit
1307340010031,1187391,C,2009-08-17,10,New Dwelling - permit
1307340010032,1340962,C,2013-02-13,10,New Dwelling - permit
1307340010033,1176318,C,2008-06-25,10,New Dwelling - permit
1307340010033,1549195,C,2017-08-16,11,Additions or Remodeling
1307340010034,1176330,C,2008-10-28,10,New Dwelling - permit
1307340010035,1181235,C,2009-05-13,10,New Dwelling - permit
1307340010036,1242838,C,2010-09-27,10,New Dwelling - permit
1307340010037,1180363,C,2009-04-21,10,New Dwelling - permit
1307340010038,1258301,C,2011-01-13,10,New Dwelling - permit
1307340010039,1210833,C,2009-12-03,10,New Dwelling - permit
1307340010040,1276514,C,2011-07-20,10,New Dwelling - permit
1307340010041,1355518,C,2013-05-13,10,New Dwelling - permit
1307340010042,1226635,C,2010-04-29,10,New Dwelling - permit
1307340010043,1231972,C,2010-05-17,10,New Dwelling - permit
1307340010044,1316596,C,2012-07-19,10,New Dwelling - permit
1307340010045,1322674,C,2012-08-17,10,New Dwelling - permit
1307340010046,1351767,C,2013-04-24,10,New Dwelling - permit
1307340010047,1293882,C,2011-12-20,10,New Dwelling - permit
1307340010048,1222216,C,2010-01-21,10,New Dwelling - permit
1307340010049,1298137,C,2012-02-23,10,New Dwelling - permit
1307340010050,1238848,C,2010-07-22,10,New Dwelling - permit
1307340010051,1330645,C,2012-11-06,10,New Dwelling - permit
1307340010052,2,C,2013-04-02,09,New Dwelling - no permit
1307340010052,1344726,C,2013-03-15,10,New Dwelling - permit
1307340010053,1176336,C,2008-11-12,10,New Dwelling - permit
1307340020001,1178198,C,2009-02-17,10,New Dwelling - permit
1307340020001,1684805,C,2018-09-24,07,Extra Features (OB&Y)
1307340020002,1339932,C,2013-01-18,10,New Dwelling - permit
1307340020003,1265848,C,2011-04-18,10,New Dwelling - permit
1307340020003,1655510,C,2018-04-26,11,Additions or Remodeling
1307340020004,1176312,C,2008-06-04,10,New Dwelling - permit
1307340020005,1,C,2009-03-04,07,Extra Features (OB&Y)
1307340020005,1176306,C,2008-06-04,10,New Dwelling - permit
1307340020006,1341094,C,2013-02-14,10,New Dwelling - permit
1307340020007,1341093,C,2013-02-14,10,New Dwelling - permit
1307340020008,1265847,C,2011-04-18,10,New Dwelling - permit
1307340020009,1334306,C,2012-12-13,10,New Dwelling - permit
1307340020010,1233524,C,2010-06-17,10,New Dwelling - permit
1307340020011,1355517,C,2013-05-13,10,New Dwelling - permit
1307340020012,1176314,C,2008-06-05,10,New Dwelling - permit
1307340020013,1258634,C,2011-01-26,10,New Dwelling - permit
1307340020014,1279727,C,2013-02-14,10,New Dwelling - permit
1307340020015,1176320,C,2008-06-30,10,New Dwelling - permit
1307340020015,1858185,C,2021-12-03,11,Additions or Remodeling
1307340020015,2018822,C,2025-02-28,07,Extra Features (OB&Y)
1307340020016,1,C,1899-12-30,07,Extra Features (OB&Y)
1307340020016,1222023,C,2010-01-14,10,New Dwelling - permit
1307340020017,1223990,C,2010-03-04,10,New Dwelling - permit
1307340020018,1211409,C,2009-12-21,10,New Dwelling - permit
1307340020019,1181161,C,2009-05-12,10,New Dwelling - permit
1307340020020,1339930,C,2013-01-18,10,New Dwelling - permit
1307340020021,1202384,C,2009-10-12,10,New Dwelling - permit
1307340020022,1233668,C,2010-06-22,10,New Dwelling - permit
1307340020023,1233231,C,2010-06-10,10,New Dwelling - permit
1307340020024,1360044,C,2013-06-28,10,New Dwelling - permit
1307340020025,1297965,C,2012-02-17,10,New Dwelling - permit
1307340020026,1327291,C,2012-10-15,10,New Dwelling - permit
1307340020027,1315284,C,2012-06-19,10,New Dwelling - permit
1307340020028,1297887,C,2012-02-16,10,New Dwelling - permit
1307340020029,1297966,C,2012-02-17,10,New Dwelling - permit
1307340020030,1351297,C,2013-04-15,10,New Dwelling - permit
1307340030001,1231974,C,2010-05-17,10,New Dwelling - permit
1307340030002,1181160,C,2009-05-12,10,New Dwelling - permit
1307340030003,1284976,C,2011-09-19,10,New Dwelling - permit
1307340030004,1297888,C,2012-02-16,10,New Dwelling - permit
1307340030005,1176332,C,2008-10-28,10,New Dwelling - permit
1307340030006,1176311,C,2008-06-04,10,New Dwelling - permit
1307340030007,1176308,C,2008-06-04,10,New Dwelling - permit
1307340030008,1202387,C,2009-10-12,10,New Dwelling - permit
1307340030009,1270942,C,2011-05-03,10,New Dwelling - permit
1307340030010,1232311,C,2010-05-24,10,New Dwelling - permit
1307340030011,1202806,C,2009-10-23,10,New Dwelling - permit
1307340030012,1176331,C,2008-10-28,10,New Dwelling - permit
1307340030013,1176329,C,2008-10-28,10,New Dwelling - permit
1307420010007,1,C,2011-01-06,30,New Building
1307420010007,2031766,C,2025-05-16,31,"Addtns, Remodels, Lease Space"
1307590010001,1210458,C,2009-11-20,31,"Addtns, Remodels, Lease Space"
1307590010001,1272691,C,2011-06-13,32,"Paving, Parking Lot, Slab"
1307590010001,1279205,C,2011-08-08,31,"Addtns, Remodels, Lease Space"
1307590010001,1279206,C,2011-08-08,31,"Addtns, Remodels, Lease Space"
1307590010001,1382043,C,2013-12-05,30,New Building
1307590010002,2,C,2008-12-18,31,"Addtns, Remodels, Lease Space"
1307590010002,1225125,C,2010-03-29,31,"Addtns, Remodels, Lease Space"
1307590010002,1245771,C,2010-10-25,31,"Addtns, Remodels, Lease Space"
1307590010004,2,C,2008-12-18,31,"Addtns, Remodels, Lease Space"
1307590010004,3,C,2010-03-29,31,"Addtns, Remodels, Lease Space"
1307590010004,4,C,2010-10-25,31,"Addtns, Remodels, Lease Space"
1307710010001,1,C,2008-04-09,30,New Building
1307710010001,2,C,2008-04-09,30,New Building
1307710010001,3,C,2008-04-09,32,"Paving, Parking Lot, Slab"
1307710010001,1821626,C,2021-04-15,31,"Addtns, Remodels, Lease Space"
1307710010001,1821627,C,2021-04-15,31,"Addtns, Remodels, Lease Space"
1307710010001,1821628,C,2021-04-15,31,"Addtns, Remodels, Lease Space"
1307710010001,1821629,C,2021-04-15,31,"Addtns, Remodels, Lease Space"
1307710010002,1,C,2007-12-07,32,"Paving, Parking Lot, Slab"
1307710010002,2,C,2006-09-13,30,New Building
1307710010002,1177638,C,2009-01-29,32,"Paving, Parking Lot, Slab"
1307710010002,1177639,C,2009-01-29,31,"Addtns, Remodels, Lease Space"
1307710010002,1177640,C,2009-01-29,31,"Addtns, Remodels, Lease Space"
1307710010002,1186798,C,2009-08-04,31,"Addtns, Remodels, Lease Space"
1307710010002,1186799,C,2009-08-04,32,"Paving, Parking Lot, Slab"
1307710010002,1186800,C,2016-09-28,32,"Paving, Parking Lot, Slab"
1307710010003,2,C,2016-05-09,30,New Building
1307710010003,4,C,2016-09-02,30,New Building
1307710010003,5,C,2016-08-29,32,"Paving, Parking Lot, Slab"
1307710010004,1,C,1899-12-30,30,New Building
1307710010005,1,C,2013-03-14,31,"Addtns, Remodels, Lease Space"
1307710010005,2,C,2013-03-14,32,"Paving, Parking Lot, Slab"
1307800010001,1272325,C,2011-06-03,31,"Addtns, Remodels, Lease Space"
1307800010001,1294825,C,2012-01-13,31,"Addtns, Remodels, Lease Space"
1307800010001,1311781,C,2012-05-23,31,"Addtns, Remodels, Lease Space"
1307800010001,1331441,C,2012-11-28,31,"Addtns, Remodels, Lease Space"
1307800010001,1419956,C,2014-10-31,30,New Building
1307800010001,1430432,C,2015-02-06,31,"Addtns, Remodels, Lease Space"
1307800010001,1439710,C,2015-04-29,31,"Addtns, Remodels, Lease Space"
1307800010001,1892851,C,2022-08-17,31,"Addtns, Remodels, Lease Space"
1307800010002,1,C,2011-12-09,31,"Addtns, Remodels, Lease Space"
1307800010002,2,C,2011-12-09,31,"Addtns, Remodels, Lease Space"
1307800010002,3,C,2011-10-18,31,"Addtns, Remodels, Lease Space"
1307800010002,4,C,2011-06-03,30,New Building
1307800010002,5,C,2011-06-03,30,New Building
1307800010002,6,C,2012-12-07,31,"Addtns, Remodels, Lease Space"
1307800010002,1372776,C,2013-10-29,31,"Addtns, Remodels, Lease Space"
1307800010002,1372800,C,2013-10-30,31,"Addtns, Remodels, Lease Space"
1307800010002,1372801,C,2013-01-23,31,"Addtns, Remodels, Lease Space"
1307800010002,1398149,C,2014-04-09,31,"Addtns, Remodels, Lease Space"
1307800010002,1398150,C,2015-04-29,31,"Addtns, Remodels, Lease Space"
1307800010002,1398151,C,2015-02-06,31,"Addtns, Remodels, Lease Space"
1307800010002,1398152,C,2015-02-18,31,"Addtns, Remodels, Lease Space"
1307800010002,1511895,C,2016-10-25,31,"Addtns, Remodels, Lease Space"
1307800010002,1524211,C,2017-01-03,31,"Addtns, Remodels, Lease Space"
1307800010002,1668115,C,2018-06-25,31,"Addtns, Remodels, Lease Space"
1307800010002,1853924,C,2021-11-05,31,"Addtns, Remodels, Lease Space"
1307800010002,1858188,C,2021-12-01,31,"Addtns, Remodels, Lease Space"
1307800010002,2022519,C,2025-03-14,31,"Addtns, Remodels, Lease Space"
1307800010003,1,C,2011-06-03,30,New Building
1307800010003,3,C,2016-03-21,31,"Addtns, Remodels, Lease Space"
1307800010003,1305696,C,2012-04-27,32,"Paving, Parking Lot, Slab"
1307800010003,1315445,C,2012-06-21,30,New Building
1307800010003,1361556,C,2013-07-31,31,"Addtns, Remodels, Lease Space"
1307800010003,1364319,C,2013-08-01,31,"Addtns, Remodels, Lease Space"
1307800010003,1371835,C,2013-10-02,31,"Addtns, Remodels, Lease Space"
1307800010003,1382431,C,2013-12-17,31,"Addtns, Remodels, Lease Space"
1307800010003,1405098,C,2014-06-26,31,"Addtns, Remodels, Lease Space"
1307800010003,1419387,C,2014-10-15,31,"Addtns, Remodels, Lease Space"
1307800010003,1454488,C,2015-01-02,31,"Addtns, Remodels, Lease Space"
1307800010003,1454494,C,2015-01-12,31,"Addtns, Remodels, Lease Space"
1307800010003,1454495,C,2015-04-29,31,"Addtns, Remodels, Lease Space"
1307800010003,1479205,C,2016-01-29,31,"Addtns, Remodels, Lease Space"
1307800010003,1491850,C,2016-05-11,31,"Addtns, Remodels, Lease Space"
1307800010003,1500505,C,2016-07-13,31,"Addtns, Remodels, Lease Space"
1307800010003,1500618,C,2016-07-15,31,"Addtns, Remodels, Lease Space"
1307800010003,1531158,C,2017-03-29,31,"Addtns, Remodels, Lease Space"
1307800010003,1664883,C,2018-05-05,31,"Addtns, Remodels, Lease Space"
1307800010003,1703332,C,2019-02-05,31,"Addtns, Remodels, Lease Space"
1307800010003,1759410,C,2020-01-08,31,"Addtns, Remodels, Lease Space"
1307800010003,1759411,C,2021-10-12,31,"Addtns, Remodels, Lease Space"
1307800010004,1,C,2013-12-10,30,New Building
1307800010004,2,C,2013-12-10,32,"Paving, Parking Lot, Slab"
1307800010004,3,C,2013-12-10,31,"Addtns, Remodels, Lease Space"
1307800010004,4,C,2014-07-31,31,"Addtns, Remodels, Lease Space"
1307800010004,1426129,C,2014-12-24,31,"Addtns, Remodels, Lease Space"
1307800010004,1430431,C,2015-02-06,31,"Addtns, Remodels, Lease Space"
1307800010004,1439001,C,2015-04-13,31,"Addtns, Remodels, Lease Space"
1307800010004,1460004,C,2015-08-19,31,"Addtns, Remodels, Lease Space"
1307800010004,1524212,C,2017-01-13,31,"Addtns, Remodels, Lease Space"
1307800010004,1555403,C,2017-09-28,31,"Addtns, Remodels, Lease Space"
1307800010004,1561266,C,2017-10-11,31,"Addtns, Remodels, Lease Space"
1307800010004,1566102,C,2017-11-22,31,"Addtns, Remodels, Lease Space"
1307800010004,1689157,C,2018-10-29,31,"Addtns, Remodels, Lease Space"
1307800010004,1801084,C,2020-11-23,31,"Addtns, Remodels, Lease Space"
1307800010004,1916693,C,2023-02-21,31,"Addtns, Remodels, Lease Space"
1307800010004,1929919,C,2023-05-03,31,"Addtns, Remodels, Lease Space"
1308060010001,2,C,2008-10-10,31,"Addtns, Remodels, Lease Space"
1308060010001,1150997,C,2008-03-25,32,"Paving, Parking Lot, Slab"
1308060010001,1150998,C,2008-03-25,07,Extra Features (OB&Y)
1308060010001,1150999,C,2008-03-25,30,New Building
1308060010001,1151000,C,2008-03-25,30,New Building
1308060010001,1151001,C,2008-03-25,30,New Building
1308060010001,1151002,C,2008-03-25,30,New Building
1308060010001,1151003,C,2008-03-25,30,New Building
1308060010001,1151004,C,2008-03-25,30,New Building
1308060010001,1151005,C,2008-03-25,30,New Building
1308060010001,1151006,C,2008-03-25,30,New Building
1308060010001,1151007,C,2008-03-25,30,New Building
1308060010001,1151008,C,2008-03-25,30,New Building
1308060010001,1151009,C,2008-03-25,30,New Building
1308060010001,1151010,C,2008-03-25,30,New Building
1308060010001,1151011,C,2008-03-25,31,"Addtns, Remodels, Lease Space"
1308060010001,1151012,C,2008-03-25,31,"Addtns, Remodels, Lease Space"
1308060010001,1151013,C,2008-03-25,31,"Addtns, Remodels, Lease Space"
1308060010001,1151014,C,2008-03-25,30,New Building
1308060010001,1151015,C,2008-03-25,30,New Building
1308060010001,1151016,C,2008-03-25,30,New Building
1308060010001,1151017,C,2008-03-25,30,New Building
1308060010001,1151018,C,2008-03-25,30,New Building
1308060010001,1151019,C,2008-03-25,30,New Building
1308060010001,1151020,C,2008-03-25,30,New Building
1308060010001,1151021,C,2008-03-25,30,New Building
1308060010001,1151022,C,2008-03-25,30,New Building
1308060010001,1151023,C,2008-03-25,30,New Building
1308060010001,1151024,C,2008-03-25,30,New Building
1308060010001,1151025,C,2008-03-25,30,New Building
1308060010001,1151026,C,2008-03-25,31,"Addtns, Remodels, Lease Space"
1308070020001,1315537,C,2012-06-22,10,New Dwelling - permit
1308070020001,1538493,C,2017-05-19,07,Extra Features (OB&Y)
1308070020002,1326777,C,2012-10-01,10,New Dwelling - permit
1308070020003,1,C,2012-08-06,10,New Dwelling - permit
1308070020004,1345420,C,2013-03-25,10,New Dwelling - permit
1308070020005,1331535,C,2012-11-12,10,New Dwelling - permit
1308070020006,1325361,C,2012-09-04,10,New Dwelling - permit
1308070020007,1,C,2012-07-02,10,New Dwelling - permit
1308070020008,1,C,2012-09-17,10,New Dwelling - permit
1308070020009,1,C,2012-09-17,10,New Dwelling - permit
1308070020009,2,C,2015-01-01,07,Extra Features (OB&Y)
1308070020009,3,C,2015-01-01,11,Additions or Remodeling
1308070020009,4,C,2015-01-01,07,Extra Features (OB&Y)
1308070020010,1345418,C,2013-03-25,10,New Dwelling - permit
1308070020010,1403291,C,2014-05-20,07,Extra Features (OB&Y)
1308070020010,1405213,C,2014-06-12,11,Additions or Remodeling
1308070020011,1334888,C,2012-12-11,10,New Dwelling - permit
1308070020012,1,C,2012-07-02,10,New Dwelling - permit
1308070020013,1331536,C,2012-11-12,10,New Dwelling - permit
1308070020013,1664884,C,2018-05-08,11,Additions or Remodeling
1308070020014,1340456,C,2013-01-31,10,New Dwelling - permit
1308070020015,1345421,C,2013-03-25,10,New Dwelling - permit
1308070020016,1,C,2012-09-04,10,New Dwelling - permit
1308070020017,1359189,C,2013-06-07,10,New Dwelling - permit
1308070020018,1,C,1899-12-30,07,Extra Features (OB&Y)
1308070020018,1355193,C,2013-05-06,10,New Dwelling - permit
1308070020019,1345419,C,2013-03-25,10,New Dwelling - permit
1308070020020,1,C,2012-09-04,10,New Dwelling - permit
1308070020021,1,C,2012-09-17,10,New Dwelling - permit
1308070020022,1351234,C,2013-04-15,10,New Dwelling - permit
1308070020023,1360436,C,2013-07-08,10,New Dwelling - permit
1308070020023,1464943,C,2015-10-16,07,Extra Features (OB&Y)
1308070020023,1478449,C,2016-01-07,07,Extra Features (OB&Y)
1308070020024,1326775,C,2012-10-01,10,New Dwelling - permit
1308070020025,1372001,C,2013-10-07,10,New Dwelling - permit
1308070020025,1797133,C,2020-10-23,07,Extra Features (OB&Y)
1308070020026,1350591,C,2013-04-01,10,New Dwelling - permit
1308070020027,1,C,2014-01-01,07,Extra Features (OB&Y)
1308070020027,1359187,C,2013-06-07,10,New Dwelling - permit
1308070020028,1359186,C,2013-06-07,10,New Dwelling - permit
1308070020029,1340368,C,2013-01-31,10,New Dwelling - permit
1308070020030,1355191,C,2013-05-06,10,New Dwelling - permit
1308070020031,1,C,2012-09-04,10,New Dwelling - permit
1308070020031,1412176,C,2014-08-05,07,Extra Features (OB&Y)
1308070020032,1,C,2012-12-06,09,New Dwelling - no permit
1308070020033,1340369,C,2013-01-31,10,New Dwelling - permit
1308070020034,1364652,C,2013-08-09,10,New Dwelling - permit
1308070020035,1355190,C,2013-05-06,10,New Dwelling - permit
1308070020036,1355462,C,2013-05-13,10,New Dwelling - permit
1308070020037,1344497,C,2013-03-11,10,New Dwelling - permit
1308070020038,1355192,C,2013-05-06,10,New Dwelling - permit
1308070020039,1351232,C,2013-04-15,10,New Dwelling - permit
1308070020040,1,C,2012-06-22,10,New Dwelling - permit
1308070020040,2,C,2023-03-06,07,Extra Features (OB&Y)
1308070020040,3,C,2023-04-11,11,Additions or Remodeling
1308070020040,1874549,C,2022-04-05,07,Extra Features (OB&Y)
1308070020041,1,C,2012-06-22,10,New Dwelling - permit
1308070020042,1,C,2012-06-22,10,New Dwelling - permit
1308070020043,1,C,2012-07-02,10,New Dwelling - permit
1308070020044,2,C,2012-07-10,10,New Dwelling - permit
1308070020045,1,C,2012-07-02,10,New Dwelling - permit
1308070020045,2,C,2020-01-01,07,Extra Features (OB&Y)
1308070020046,1,C,2012-07-10,10,New Dwelling - permit
1308070020046,1386488,C,2014-01-13,07,Extra Features (OB&Y)
1308070020047,1,C,2013-02-27,09,New Dwelling - no permit
1308070020048,1,C,2013-09-11,09,New Dwelling - no permit
1308070020048,2,C,2018-09-11,07,Extra Features (OB&Y)
1308070020049,1,C,2012-06-22,10,New Dwelling - permit
1308070020050,1359188,C,2013-06-07,10,New Dwelling - permit
1308070020050,1446644,C,2015-06-15,07,Extra Features (OB&Y)
1308070020051,1,C,2012-05-14,10,New Dwelling - permit
1308070020051,1394373,C,2014-03-20,07,Extra Features (OB&Y)
1313500010001,1276293,C,2011-07-14,10,New Dwelling - permit
1313500010002,1285369,C,2011-09-29,10,New Dwelling - permit
1313500010003,1286402,C,2011-10-27,10,New Dwelling - permit
1313500010004,1276014,C,2011-07-07,10,New Dwelling - permit
1313500010005,1211000,C,2009-12-09,10,New Dwelling - permit
1313500010006,1221831,C,2010-01-08,10,New Dwelling - permit
1313500010007,1211001,C,2009-12-09,10,New Dwelling - permit
1313500010008,1210967,C,2009-12-09,10,New Dwelling - permit
1313500010009,1233491,C,2010-06-16,10,New Dwelling - permit
1313500010010,1315525,C,2012-06-22,10,New Dwelling - permit
1313500010011,1203012,C,2009-10-28,10,New Dwelling - permit
1313500010012,1202490,C,2009-10-14,10,New Dwelling - permit
1313500010013,1186850,C,2009-08-05,10,New Dwelling - permit
1313500020001,1186863,C,2009-08-05,10,New Dwelling - permit
1313500020002,1233493,C,2010-06-16,10,New Dwelling - permit
1313500020003,1248081,C,2010-11-05,10,New Dwelling - permit
1313500020004,1187025,C,2009-08-07,10,New Dwelling - permit
1313500020005,1202489,C,2009-10-14,10,New Dwelling - permit
1313500020006,1202486,C,2009-10-14,10,New Dwelling - permit
1313500020007,1210965,C,2009-12-09,10,New Dwelling - permit
1313500020008,1258224,C,2011-01-12,10,New Dwelling - permit
1313500030001,1224245,C,2010-03-10,10,New Dwelling - permit
1313500030002,1224246,C,2010-03-10,10,New Dwelling - permit
1313500030003,1,C,1899-12-30,09,New Dwelling - no permit
1313500030004,1221721,C,2010-01-06,10,New Dwelling - permit
1313500030005,1225840,C,2010-04-14,10,New Dwelling - permit
1313500030006,1327784,C,2012-10-26,10,New Dwelling - permit
1313500030007,1285914,C,2011-10-13,10,New Dwelling - permit
1313500030008,1294088,C,2011-12-29,10,New Dwelling - permit
1313500030009,1225264,C,2010-03-31,10,New Dwelling - permit
1313500030010,1201011,C,2009-09-09,10,New Dwelling - permit
1313500030011,1202485,C,2009-10-14,10,New Dwelling - permit
1313500030012,1201012,C,2009-09-09,10,New Dwelling - permit
1313500030013,1201010,C,2009-09-09,10,New Dwelling - permit
1313500030014,1201009,C,2009-09-09,10,New Dwelling - permit
1313500030015,1186862,C,2009-08-05,10,New Dwelling - permit
1313500030016,1187024,C,2009-08-07,10,New Dwelling - permit
1313500030017,1211338,C,2009-12-17,10,New Dwelling - permit
1313500030018,1223652,C,2010-02-25,10,New Dwelling - permit
1313500030019,1294740,C,2012-01-12,10,New Dwelling - permit
1313500030020,1286141,C,2011-10-20,10,New Dwelling - permit
1313500030021,1178503,C,2009-02-25,10,New Dwelling - permit
1313500030022,1200873,C,2009-09-03,10,New Dwelling - permit
1313500030023,1285915,C,2011-10-13,10,New Dwelling - permit
1313500030024,1279090,C,2011-08-04,10,New Dwelling - permit
1313500030025,1211333,C,2009-12-17,10,New Dwelling - permit
1313500030026,1225712,C,2010-04-12,10,New Dwelling - permit
1313500030027,1201377,C,2009-09-17,10,New Dwelling - permit
1313500030028,1179152,C,2009-03-19,10,New Dwelling - permit
1313500030029,1183229,C,2009-06-25,10,New Dwelling - permit
1313500030030,1179151,C,2009-03-19,10,New Dwelling - permit
1313500030031,1284886,C,2011-09-15,10,New Dwelling - permit
1313500030032,1,C,2010-01-27,09,New Dwelling - no permit
1313500030033,1370818,C,2013-09-06,10,New Dwelling - permit
1313500030034,1284885,C,2011-09-15,10,New Dwelling - permit
1313500030035,1231636,C,2010-05-07,10,New Dwelling - permit
1313500030036,1225711,C,2010-04-12,10,New Dwelling - permit
1313500030037,1310786,C,2012-05-04,10,New Dwelling - permit
1313500030038,1,C,1899-12-30,09,New Dwelling - no permit
1313500030039,1187253,C,2009-08-13,10,New Dwelling - permit
1313500030040,1232202,C,2010-05-20,10,New Dwelling - permit
1313500030041,1202249,C,2009-10-07,10,New Dwelling - permit
1313500030042,1202484,C,2009-10-14,10,New Dwelling - permit
1313500030043,1202250,C,2009-10-07,10,New Dwelling - permit
1313500040001,1339579,C,2013-01-11,10,New Dwelling - permit
1313500040002,1331320,C,2012-11-26,10,New Dwelling - permit
1313500040003,1316640,C,2012-07-19,10,New Dwelling - permit
1313500040003,1340741,C,2013-02-08,10,New Dwelling - permit
1313500040004,1300622,C,2012-03-01,10,New Dwelling - permit
1313500040005,1365343,C,2013-08-23,10,New Dwelling - permit
1313500040006,1356064,C,2013-05-28,10,New Dwelling - permit
1313500040007,1356065,C,2013-05-28,10,New Dwelling - permit
1313500040008,1238336,C,2010-07-08,10,New Dwelling - permit
1313500050001,1311573,C,2012-05-21,10,New Dwelling - permit
1313500050002,1276016,C,2011-07-07,10,New Dwelling - permit
1313500050003,1304904,C,2012-04-13,10,New Dwelling - permit
1313500050004,1276015,C,2011-07-07,10,New Dwelling - permit
1313500050005,1224137,C,2010-03-09,10,New Dwelling - permit
1313500050006,1360247,C,2013-07-02,10,New Dwelling - permit
1313500050007,1365342,C,2013-08-23,10,New Dwelling - permit
1314470010001,1,C,2006-09-13,30,New Building
1314470010001,3,C,2008-11-26,32,"Paving, Parking Lot, Slab"
1314470010001,4,C,2008-11-26,31,"Addtns, Remodels, Lease Space"
1314470010001,5,C,2006-09-13,32,"Paving, Parking Lot, Slab"
1314470010001,6,C,2007-12-07,32,"Paving, Parking Lot, Slab"
1314470010001,1504774,C,2016-08-29,32,"Paving, Parking Lot, Slab"
1314470010001,1689190,C,2018-10-22,32,"Paving, Parking Lot, Slab"
1314470010001,1696747,C,2018-12-03,30,New Building
1314470010001,1696748,C,2018-12-03,30,New Building
1314470010001,1696749,C,2019-05-03,31,"Addtns, Remodels, Lease Space"
1314470010001,1787941,C,2020-08-26,31,"Addtns, Remodels, Lease Space"
1314470010001,1831279,C,2021-06-04,31,"Addtns, Remodels, Lease Space"
1314470010001,1878885,C,2022-05-05,31,"Addtns, Remodels, Lease Space"
1314470010001,1883599,C,2022-06-15,31,"Addtns, Remodels, Lease Space"
1314470010001,1993922,C,2024-08-30,31,"Addtns, Remodels, Lease Space"
1314470010003,2,C,2016-08-29,32,"Paving, Parking Lot, Slab"
1314470010003,3,C,2016-09-02,30,New Building
1314810010001,1359165,C,2013-06-07,10,New Dwelling - permit
1314810010002,1325740,C,2012-09-13,10,New Dwelling - permit
1314810010003,1323249,C,2012-08-31,10,New Dwelling - permit
1314810010004,1668129,C,2018-06-18,10,New Dwelling - permit
1314810010005,1285053,C,2011-09-20,10,New Dwelling - permit
1314810010006,1692699,C,2018-11-12,10,New Dwelling - permit
1314810010007,1323250,C,2012-08-31,10,New Dwelling - permit
1314810010008,1271441,C,2011-05-12,10,New Dwelling - permit
1314810010009,1272855,C,2011-06-15,10,New Dwelling - permit
1314810010009,1878886,C,2022-05-17,07,Extra Features (OB&Y)
1314810010010,1668130,C,2018-06-18,10,New Dwelling - permit
1314810020001,1327358,C,2012-10-16,10,New Dwelling - permit
1314810020002,1200722,C,2009-06-18,10,New Dwelling - permit
1314810020003,1200738,C,2009-08-07,10,New Dwelling - permit
1314810020004,1359800,C,2013-06-21,10,New Dwelling - permit
1314810020005,1351673,C,2013-04-23,10,New Dwelling - permit
1314980010001,1201897,C,2009-02-09,30,New Building
1314980010001,1274507,C,2011-06-14,30,New Building
1330050010021,1351292,C,2013-04-15,10,New Dwelling - permit
1330050010022,1339933,C,2013-01-18,10,New Dwelling - permit
1330050010023,1,C,1899-12-30,09,New Dwelling - no permit
1330050010024,1344725,C,2013-03-15,10,New Dwelling - permit
1330050010025,1351293,C,2013-04-15,10,New Dwelling - permit
1330050010026,1330931,C,2012-11-14,10,New Dwelling - permit
1330050010027,1305167,C,2012-04-19,10,New Dwelling - permit
1330050010028,1344982,C,2013-03-20,10,New Dwelling - permit
1330050010029,1,C,2013-09-18,09,New Dwelling - no permit
1330050010030,1339929,C,2013-01-18,10,New Dwelling - permit
1330050010031,1340385,C,2013-01-31,10,New Dwelling - permit
1330050010031,1724778,C,2019-06-03,11,Additions or Remodeling
1330050010032,1305166,C,2012-04-19,10,New Dwelling - permit
1330050010033,1315282,C,2012-06-19,10,New Dwelling - permit
1330050010034,1355521,C,2013-05-13,10,New Dwelling - permit
1330050010035,1344983,C,2013-03-20,10,New Dwelling - permit
1330050010036,1334301,C,2012-12-13,10,New Dwelling - permit
1330050010037,1334300,C,2012-12-13,10,New Dwelling - permit
1330050010038,1,C,2012-12-06,09,New Dwelling - no permit
1330050010038,1333857,C,2012-12-03,10,New Dwelling - permit
1330050010039,1314647,C,2012-06-05,10,New Dwelling - permit
1330050010040,1339562,C,2013-01-11,10,New Dwelling - permit
1330050010041,1333858,C,2012-12-03,10,New Dwelling - permit
1330050010042,1372509,C,2013-10-21,10,New Dwelling - permit
1330050010043,1330735,C,2012-11-08,10,New Dwelling - permit
1330050010044,1310823,C,2012-05-04,10,New Dwelling - permit
1330050010045,1376466,C,2013-11-26,10,New Dwelling - permit
1330050010046,1297959,C,2012-02-17,10,New Dwelling - permit
1330050010046,1315983,C,2012-07-03,10,New Dwelling - permit
1330050010047,1388557,C,2014-02-27,10,New Dwelling - permit
1330050010048,1304998,C,2012-04-16,10,New Dwelling - permit
1330050010049,1310947,C,2012-05-08,10,New Dwelling - permit
1330050010050,1294889,C,2012-01-17,10,New Dwelling - permit
1330050010051,1294891,C,2012-01-17,10,New Dwelling - permit
1330050010052,1295340,C,2012-01-31,10,New Dwelling - permit
1330050010053,1294890,C,2012-01-17,10,New Dwelling - permit
1330050010054,1298136,C,2012-02-23,10,New Dwelling - permit
1330050010055,1327833,C,2012-10-29,10,New Dwelling - permit
1330050010056,1,C,1899-12-30,07,Extra Features (OB&Y)
1330050010056,1316774,C,2012-07-23,10,New Dwelling - permit
1330050010057,1334070,C,2012-12-07,10,New Dwelling - permit
1330050010058,1310594,C,2012-05-01,10,New Dwelling - permit
1330050010059,1294342,C,2011-12-09,10,New Dwelling - permit
1330050010059,1330734,C,2012-11-08,10,New Dwelling - permit
1330050010060,1294882,C,2012-01-17,10,New Dwelling - permit
1330050010061,1294343,C,2011-12-09,10,New Dwelling - permit
1330050010062,1359722,C,2013-06-20,10,New Dwelling - permit
1330050010063,1382476,C,2013-12-18,10,New Dwelling - permit
1330050010064,1386334,C,2014-01-09,10,New Dwelling - permit
1330050010065,1344729,C,2013-03-15,10,New Dwelling - permit
1330670010001,1,C,2020-11-25,84,Exempt Property
1330670010001,1425133,C,2014-11-21,31,"Addtns, Remodels, Lease Space"
1330670010001,1436879,C,2015-03-12,31,"Addtns, Remodels, Lease Space"
1330670010001,1436880,C,2015-03-12,31,"Addtns, Remodels, Lease Space"
1330670010001,1436881,C,2015-03-12,31,"Addtns, Remodels, Lease Space"
1330670010001,1436882,C,2015-03-12,31,"Addtns, Remodels, Lease Space"
1330670010001,1662397,C,2018-05-16,31,"Addtns, Remodels, Lease Space"
1330670010001,1662398,C,2018-05-16,31,"Addtns, Remodels, Lease Space"
1330670010001,1662399,C,2018-05-30,31,"Addtns, Remodels, Lease Space"
1330670010001,1728031,C,2019-07-03,31,"Addtns, Remodels, Lease Space"
1330900010001,1,C,2011-12-28,31,"Addtns, Remodels, Lease Space"
1330900010001,1334889,C,2012-12-12,32,"Paving, Parking Lot, Slab"
1330900010001,1334890,C,2012-12-12,30,New Building
1330900010001,1341729,C,2013-02-08,31,"Addtns, Remodels, Lease Space"
1330900010001,1356388,C,2013-07-24,32,"Paving, Parking Lot, Slab"
1330900010001,1356389,C,2013-07-24,30,New Building
1330900010002,1,C,2011-12-28,31,"Addtns, Remodels, Lease Space"
1330900010003,1,C,2011-12-28,31,"Addtns, Remodels, Lease Space"
1330900010003,2,C,2012-11-29,31,"Addtns, Remodels, Lease Space"
1330900010004,1,C,2011-12-28,31,"Addtns, Remodels, Lease Space"
1330900010004,1831345,C,2021-06-03,31,"Addtns, Remodels, Lease Space"
1330900010006,1360111,C,2013-03-08,32,"Paving, Parking Lot, Slab"
1330900010006,1360112,C,2013-03-08,30,New Building
1330900010008,1,C,2011-12-28,31,"Addtns, Remodels, Lease Space"
1330900010008,2,C,2012-12-12,32,"Paving, Parking Lot, Slab"
1330900010008,3,C,2012-12-12,30,New Building
1330900010008,4,C,2013-02-08,31,"Addtns, Remodels, Lease Space"
1330900010008,5,C,2013-05-06,31,"Addtns, Remodels, Lease Space"
1330900010008,6,C,2013-07-24,32,"Paving, Parking Lot, Slab"
1330900010008,7,C,2013-07-24,30,New Building
1330900010008,1720131,C,2019-05-06,31,"Addtns, Remodels, Lease Space"
1330900010009,1,C,2011-12-28,31,"Addtns, Remodels, Lease Space"
1330900010009,2,C,2012-12-12,32,"Paving, Parking Lot, Slab"
1330900010009,3,C,2012-12-12,30,New Building
1330900010009,4,C,2013-02-08,31,"Addtns, Remodels, Lease Space"
1330900010009,5,C,2013-05-06,31,"Addtns, Remodels, Lease Space"
1330900010009,6,C,2013-07-24,32,"Paving, Parking Lot, Slab"
1330900010009,7,C,2013-07-24,30,New Building
1330900010009,1729226,C,2019-07-01,31,"Addtns, Remodels, Lease Space"
1414810010001,1,C,2020-10-02,10,New Dwelling - permit
1414810010002,1,C,2020-09-18,10,New Dwelling - permit
1414810010003,1,C,2020-09-18,10,New Dwelling - permit
1414810010004,1,C,2020-09-18,10,New Dwelling - permit
1414810010005,1,C,2020-09-17,10,New Dwelling - permit
1414810010006,1,C,2020-09-18,10,New Dwelling - permit
1414810010007,1,C,2020-10-02,10,New Dwelling - permit
1414810010008,1,C,2020-09-25,10,New Dwelling - permit
1414810010009,1,C,2020-10-02,10,New Dwelling - permit
1414810010010,1,C,2020-09-25,10,New Dwelling - permit
1414810010011,1,C,2020-10-02,10,New Dwelling - permit
1414810010012,1,C,2020-10-02,10,New Dwelling - permit
1414810010013,1,C,2020-09-25,10,New Dwelling - permit
1414810010014,1,C,2020-10-02,10,New Dwelling - permit
1414810010016,2,C,2020-10-09,10,New Dwelling - permit
1414810010017,1,C,2020-10-09,10,New Dwelling - permit
1414810010018,1,C,2020-10-09,10,New Dwelling - permit
1414810010019,1,C,2020-10-09,10,New Dwelling - permit
1414810010020,1,C,2020-10-16,10,New Dwelling - permit
1414810010021,1,C,2020-10-16,10,New Dwelling - permit
1414810010022,1,C,2020-10-16,10,New Dwelling - permit
1414810010023,1,C,2020-10-16,10,New Dwelling - permit
1414810010024,1,C,2020-10-16,10,New Dwelling - permit
1414810010025,1,C,2020-10-26,10,New Dwelling - permit
1414810010026,1,C,2020-10-26,10,New Dwelling - permit
1414810010027,1,C,2020-11-04,10,New Dwelling - permit
1414810010028,1,C,2020-10-26,10,New Dwelling - permit
1414810010029,1,C,2020-10-26,10,New Dwelling - permit
1414810010030,1,C,2020-10-26,10,New Dwelling - permit
1414810010031,1,C,2020-10-26,10,New Dwelling - permit
1414810010032,1,C,2020-10-26,10,New Dwelling - permit
1414810010033,1,C,2020-10-26,10,New Dwelling - permit
1414810010034,1,C,2020-12-08,10,New Dwelling - permit
1414810010035,1,C,1899-12-30,09,New Dwelling - no permit
1414810010036,1,C,2020-11-04,10,New Dwelling - permit
1414810010037,1,C,1899-12-30,09,New Dwelling - no permit
1414810010038,1,C,2020-11-04,10,New Dwelling - permit
1414810010039,1,C,1899-12-30,09,New Dwelling - no permit
1414810010040,1,C,2020-11-04,10,New Dwelling - permit
1414810010041,1,C,1899-12-30,09,New Dwelling - no permit
1414810010042,1,C,2020-11-04,10,New Dwelling - permit
1414810010043,1,C,2020-12-18,10,New Dwelling - permit
1414810010044,1,C,2020-11-04,10,New Dwelling - permit
1414810010045,1,C,1899-12-30,09,New Dwelling - no permit
1414810010046,1,C,2020-11-04,10,New Dwelling - permit
1414810010047,1,C,1899-12-30,09,New Dwelling - no permit
1414810010048,1,C,2020-11-04,10,New Dwelling - permit
1414810010049,1,C,1899-12-30,09,New Dwelling - no permit
1414810010051,1,C,2020-12-18,10,New Dwelling - permit
1414810010052,1,C,2020-12-18,10,New Dwelling - permit
1414810010053,1,C,1899-12-30,09,New Dwelling - no permit
1414810010054,1,C,2020-12-18,10,New Dwelling - permit
1414810010055,1,C,2020-12-18,10,New Dwelling - permit
1414810010056,1,C,2020-12-18,10,New Dwelling - permit
1414810010057,1,C,2020-12-18,10,New Dwelling - permit
1414810010058,1,C,2020-12-18,10,New Dwelling - permit
1414810010059,1,C,2020-12-18,10,New Dwelling - permit
1414810010060,1827628,C,2021-01-24,10,New Dwelling - permit
1414810010061,1827627,C,2021-01-24,10,New Dwelling - permit
1414810010062,1827626,C,2021-01-24,10,New Dwelling - permit
1414810010063,1827625,C,2021-01-24,10,New Dwelling - permit
1414810010064,1827624,C,2021-01-24,10,New Dwelling - permit
1414810010065,1827623,C,2021-01-24,10,New Dwelling - permit
1414810010066,1827622,C,2021-01-24,10,New Dwelling - permit
1414810010067,1827621,C,2021-01-24,10,New Dwelling - permit
1414810010068,1827646,C,2021-01-26,10,New Dwelling - permit
1414810010069,1827654,C,2021-02-18,10,New Dwelling - permit
1414810010070,1827653,C,2021-02-18,10,New Dwelling - permit
1414810010071,1827652,C,2021-02-18,10,New Dwelling - permit
1414810010072,1827651,C,2021-02-18,10,New Dwelling - permit
1414810010073,1827650,C,2021-02-18,10,New Dwelling - permit
1414810010074,1827649,C,2021-02-18,10,New Dwelling - permit
1414810010075,1817546,C,2021-03-12,10,New Dwelling - permit
1414810010076,1817547,C,2021-03-12,10,New Dwelling - permit
1414810010077,1860450,C,2022-01-01,09,New Dwelling - no permit
1414810010078,1817549,C,2021-03-12,10,New Dwelling - permit
1414810010079,1817550,C,2021-03-12,10,New Dwelling - permit
1414810020001,2,C,2020-09-30,10,New Dwelling - permit
1414810020002,1,C,2020-10-01,10,New Dwelling - permit
1414810020003,1,C,2020-10-15,10,New Dwelling - permit
1414810020004,1,C,2020-10-01,10,New Dwelling - permit
1414810020005,1,C,2020-10-01,10,New Dwelling - permit
1414810020006,1,C,2020-10-26,10,New Dwelling - permit
1414810020007,1,C,2020-10-26,10,New Dwelling - permit
1414810020008,1,C,2020-10-29,10,New Dwelling - permit
1414810020009,1,C,2020-10-29,10,New Dwelling - permit
1414810020010,1,C,2020-10-29,10,New Dwelling - permit
1414810020011,1,C,2020-10-29,10,New Dwelling - permit
1414810020012,1,C,2020-11-04,10,New Dwelling - permit
1414810020013,1,C,2020-11-04,10,New Dwelling - permit
1414810020014,1817551,C,2021-03-29,10,New Dwelling - permit
1414810020015,1817552,C,2021-03-12,10,New Dwelling - permit
1414810020016,1817553,C,2021-03-12,10,New Dwelling - permit
1414810020017,1817554,C,2021-03-12,10,New Dwelling - permit
1414810020018,1817555,C,2021-03-12,10,New Dwelling - permit
1414810020019,1817556,C,2021-03-12,10,New Dwelling - permit
1414810020020,1,C,2020-11-04,10,New Dwelling - permit
1414810020021,1,C,2020-11-04,10,New Dwelling - permit
1414810020022,1,C,2020-12-08,10,New Dwelling - permit
1414810020023,1,C,2020-12-07,10,New Dwelling - permit
1414810020024,1,C,2020-12-07,10,New Dwelling - permit
1414810020025,1,C,2020-12-07,10,New Dwelling - permit
1414810020026,1,C,2020-12-07,10,New Dwelling - permit
1414810020027,1,C,2020-12-07,10,New Dwelling - permit
1414810020028,1,C,2020-12-07,10,New Dwelling - permit
1414810020029,1,C,2020-12-07,10,New Dwelling - permit
1414810020030,1,C,2020-12-07,10,New Dwelling - permit
1414810020031,1,C,2020-12-07,10,New Dwelling - permit
1414810020032,1,C,2020-12-07,10,New Dwelling - permit
1414810020033,1,C,2020-12-07,10,New Dwelling - permit
1414810020034,1,C,2020-12-18,10,New Dwelling - permit
1414810020035,1,C,2020-12-30,10,New Dwelling - permit
1414810020036,1827620,C,2021-01-26,10,New Dwelling - permit
1414810020037,1827619,C,2021-01-24,10,New Dwelling - permit
1414810020038,1827618,C,2021-01-24,10,New Dwelling - permit
1414810020039,1827617,C,2021-01-24,10,New Dwelling - permit
1414810020040,1827616,C,2021-01-24,10,New Dwelling - permit
1414810020041,1,C,1899-12-30,09,New Dwelling - no permit
1414810020041,1827615,C,2021-01-24,10,New Dwelling - permit
1414810020042,1827614,C,2021-01-24,10,New Dwelling - permit
1414810020043,1827613,C,2021-01-24,10,New Dwelling - permit
1414810020044,1827612,C,2021-01-24,10,New Dwelling - permit
1414810020045,1827611,C,2021-01-24,10,New Dwelling - permit
1414810020046,1827610,C,2021-01-24,10,New Dwelling - permit
1414810020047,1827609,C,2021-01-24,10,New Dwelling - permit
1414810020048,1827664,C,2021-02-18,10,New Dwelling - permit
1414810020049,1,C,1899-12-30,09,New Dwelling - no permit
1414810020049,1827662,C,2021-02-18,10,New Dwelling - permit
1414810020050,1827660,C,2021-02-18,10,New Dwelling - permit
1414810020051,1827608,C,2021-01-24,10,New Dwelling - permit
1414810020052,1827607,C,2021-01-24,10,New Dwelling - permit
1414810020053,1827606,C,2021-01-24,10,New Dwelling - permit
1414810030001,1827663,C,2021-02-23,10,New Dwelling - permit
1414810030002,1827661,C,2021-02-18,10,New Dwelling - permit
1414810030003,1,C,1899-12-30,09,New Dwelling - no permit
1414810030003,1827659,C,2021-02-18,10,New Dwelling - permit
1414810030004,1827658,C,2021-02-18,10,New Dwelling - permit
1414810030005,1827657,C,2021-02-18,10,New Dwelling - permit
1414810030006,1827656,C,2021-02-18,10,New Dwelling - permit
1414810030007,1827655,C,2021-02-18,10,New Dwelling - permit
1414810030008,1832744,C,2021-02-18,10,New Dwelling - permit
1414810030009,1832743,C,2021-02-18,10,New Dwelling - permit
1414810030010,1832742,C,2021-02-18,10,New Dwelling - permit
1414810030011,1832741,C,2021-02-23,10,New Dwelling - permit
1414810030012,1817557,C,2021-03-12,10,New Dwelling - permit
1414810030013,1817558,C,2021-03-12,10,New Dwelling - permit
1414810030014,1817559,C,2021-03-12,10,New Dwelling - permit
1414810040001,1,C,2020-10-13,10,New Dwelling - permit
1414810040002,1,C,2020-09-30,10,New Dwelling - permit
1414810040003,1,C,2020-10-09,10,New Dwelling - permit
1414810040004,1,C,2020-09-30,10,New Dwelling - permit
1414810040005,1,C,2020-10-09,10,New Dwelling - permit
1414810040006,1817560,C,2021-03-12,10,New Dwelling - permit
1414810040007,1817561,C,2021-03-12,10,New Dwelling - permit
1414810040008,1817562,C,2021-03-12,10,New Dwelling - permit
1414810040009,1817563,C,2021-03-16,10,New Dwelling - permit
1414810040010,1817564,C,2021-03-16,10,New Dwelling - permit
1414810040011,1,C,2020-10-16,10,New Dwelling - permit
1414810040012,1,C,2020-10-16,10,New Dwelling - permit
1414810040013,1,C,2020-10-16,10,New Dwelling - permit
1414810040014,1,C,2020-10-16,10,New Dwelling - permit
1414810040015,1,C,2020-10-16,10,New Dwelling - permit
1414810040016,1,C,2020-10-16,10,New Dwelling - permit
1414810040017,1,C,2020-10-26,10,New Dwelling - permit
1504390010001,2004591,C,2024-10-02,32,"Paving, Parking Lot, Slab"
6000000362348,1,C,2023-07-26,11,Additions or Remodeling
6000000661451,1,C,2012-03-29,11,Additions or Remodeling
6000000713244,1,C,2025-06-03,11,Additions or Remodeling
6000000756349,1,C,2014-02-25,11,Additions or Remodeling
6000000795542,1,C,2018-03-22,07,Extra Features (OB&Y)
6000000806830,1,C,2026-03-26,07,Extra Features (OB&Y)
6000000851807,1,C,2025-02-20,07,Extra Features (OB&Y)
6000000891385,2,C,1899-12-30,07,Extra Features (OB&Y)
6000001045886,1,C,2014-07-11,11,Additions or Remodeling
6000002013940,1,C,2023-02-10,14,RP Mobile Home w/ Land
6000003010884,1,C,2015-04-14,14,RP Mobile Home w/ Land
6000003010884,2,C,1899-12-30,14,RP Mobile Home w/ Land
6000003012255,1,C,2026-03-26,07,Extra Features (OB&Y)
6000003013373,1,C,2012-02-15,12,Repairs (Foundation / GM)
6000003013623,1,C,2015-05-04,07,Extra Features (OB&Y)
6000003016864,1,C,2013-01-07,14,RP Mobile Home w/ Land
6000003016865,1,C,2013-01-07,14,RP Mobile Home w/ Land
6000003016866,1,C,2013-01-07,14,RP Mobile Home w/ Land
6000003016867,1,C,2013-01-07,14,RP Mobile Home w/ Land
6000003016868,1,C,2013-01-07,14,RP Mobile Home w/ Land
6000003016869,1,C,2013-01-07,14,RP Mobile Home w/ Land
6000003016871,1,C,2013-01-07,14,RP Mobile Home w/ Land
6000003016872,1,C,2013-01-07,14,RP Mobile Home w/ Land
6000003016886,1,C,2013-01-07,14,RP Mobile Home w/ Land
6000003016887,1,C,2013-01-07,14,RP Mobile Home w/ Land
6000003016993,1,C,2013-01-15,14,RP Mobile Home w/ Land
6000003017079,1,C,2013-01-31,14,RP Mobile Home w/ Land
6000003017160,1,C,2013-01-08,14,RP Mobile Home w/ Land
6000003017175,1,C,2013-02-13,14,RP Mobile Home w/ Land
6000003017176,1,C,2013-02-13,14,RP Mobile Home w/ Land
6000003017219,1,C,2013-02-21,14,RP Mobile Home w/ Land
6000003017230,1,C,2013-02-21,14,RP Mobile Home w/ Land
6000003017267,1,C,2013-02-28,14,RP Mobile Home w/ Land
6000003017315,1,C,2013-03-14,14,RP Mobile Home w/ Land
6000003017392,1,C,2013-04-10,14,RP Mobile Home w/ Land
6000003017426,1,C,2013-04-06,14,RP Mobile Home w/ Land
6000003017427,1,C,2013-04-06,14,RP Mobile Home w/ Land
6000003017578,1,C,2013-06-03,14,RP Mobile Home w/ Land
6000003017592,1,C,2013-05-31,14,RP Mobile Home w/ Land
6000003017605,1,C,2013-06-04,14,RP Mobile Home w/ Land
6000003017607,1,C,2013-06-04,14,RP Mobile Home w/ Land
6000003017625,1,C,2013-06-05,14,RP Mobile Home w/ Land
6000003017630,1,C,2013-06-05,14,RP Mobile Home w/ Land
6000003017704,1,C,2013-06-18,14,RP Mobile Home w/ Land
6000003017804,1,C,2013-07-02,14,RP Mobile Home w/ Land
6000003017805,1,C,2013-07-02,14,RP Mobile Home w/ Land
6000003017806,1,C,2013-07-02,14,RP Mobile Home w/ Land
6000003017807,1,C,2013-07-02,14,RP Mobile Home w/ Land
6000003017808,1,C,2013-07-02,14,RP Mobile Home w/ Land
6000003017809,1,C,2013-07-02,14,RP Mobile Home w/ Land
6000003017810,1,C,2013-07-02,14,RP Mobile Home w/ Land
6000003017811,1,C,2013-07-02,14,RP Mobile Home w/ Land
6000003017812,1,C,2013-06-02,14,RP Mobile Home w/ Land
6000003017813,1,C,2013-07-02,14,RP Mobile Home w/ Land
6000003017814,1,C,2013-07-02,14,RP Mobile Home w/ Land
6000003017815,1,C,2013-07-02,14,RP Mobile Home w/ Land
6000003017817,1,C,2013-07-06,14,RP Mobile Home w/ Land
6000003017818,1,C,2013-07-02,14,RP Mobile Home w/ Land
6000003017821,1,C,2013-07-03,14,RP Mobile Home w/ Land
6000003017890,1,C,2013-07-24,14,RP Mobile Home w/ Land
6000003017901,1,C,2013-07-31,14,RP Mobile Home w/ Land
6000003017908,1,C,2013-08-01,14,RP Mobile Home w/ Land
6000003017911,1,C,2013-08-01,14,RP Mobile Home w/ Land
6000003017918,1,C,2013-08-01,14,RP Mobile Home w/ Land
6000003017920,1,C,2013-08-01,14,RP Mobile Home w/ Land
6000003017940,1,C,2013-08-07,14,RP Mobile Home w/ Land
6000003018006,1,C,2013-08-27,14,RP Mobile Home w/ Land
6000003018079,1,C,2013-09-25,14,RP Mobile Home w/ Land
6000003018085,1,C,2013-09-25,14,RP Mobile Home w/ Land
6000003018087,1,C,2013-09-25,14,RP Mobile Home w/ Land
6000003018095,1,C,2013-09-26,14,RP Mobile Home w/ Land
6000003018181,1,C,2013-10-21,14,RP Mobile Home w/ Land
6000003018182,1,C,2013-10-21,14,RP Mobile Home w/ Land
6000003018292,1,C,2013-12-05,14,RP Mobile Home w/ Land
6000003018300,1,C,2013-12-09,14,RP Mobile Home w/ Land
6000003018405,1,C,2014-01-17,14,RP Mobile Home w/ Land
6000003018406,1,C,2014-01-17,14,RP Mobile Home w/ Land
6000003018448,1,C,2014-02-14,14,RP Mobile Home w/ Land
6000003018458,1,C,2014-02-14,14,RP Mobile Home w/ Land
6000003018495,1,C,2014-02-26,14,RP Mobile Home w/ Land
6000003018495,2,C,2018-07-25,50,Disaster Review
6000003018581,1,C,2014-03-11,14,RP Mobile Home w/ Land
6000003018591,1,C,2014-03-13,14,RP Mobile Home w/ Land
6000003018609,1,C,2014-03-14,14,RP Mobile Home w/ Land
6000003018614,1,C,2014-03-19,14,RP Mobile Home w/ Land
6000003018757,1,C,2014-04-21,14,RP Mobile Home w/ Land
6000003018776,1,C,2014-05-01,14,RP Mobile Home w/ Land
6000003018802,1,C,2014-05-08,14,RP Mobile Home w/ Land
6000003018825,1,C,2014-05-14,14,RP Mobile Home w/ Land
6000003018837,1,C,2014-05-21,14,RP Mobile Home w/ Land
6000003018852,1,C,2014-05-28,14,RP Mobile Home w/ Land
6000003018868,1,C,2014-06-03,14,RP Mobile Home w/ Land
6000003018916,1,C,2014-06-09,14,RP Mobile Home w/ Land
6000003018918,1,C,2014-06-09,14,RP Mobile Home w/ Land
6000003018951,1,C,2014-06-17,14,RP Mobile Home w/ Land
6000003018955,1,C,2014-06-17,14,RP Mobile Home w/ Land
6000003019005,1,C,2014-07-29,14,RP Mobile Home w/ Land
6000003019064,1,C,2014-09-11,14,RP Mobile Home w/ Land
6000003019073,1,C,2014-09-15,14,RP Mobile Home w/ Land
6000003019123,1,C,2014-10-08,14,RP Mobile Home w/ Land
6000003019127,1,C,2014-10-09,14,RP Mobile Home w/ Land
6000003019154,1,C,2014-10-15,14,RP Mobile Home w/ Land
6000003019157,1,C,2014-10-15,14,RP Mobile Home w/ Land
6000003019158,1,C,2014-10-15,14,RP Mobile Home w/ Land
6000003019164,1,C,2014-10-16,14,RP Mobile Home w/ Land
6000003019197,1,C,2014-10-24,14,RP Mobile Home w/ Land
6000003019216,1,C,2014-11-04,14,RP Mobile Home w/ Land
6000003019226,1,C,2014-11-05,14,RP Mobile Home w/ Land
6000003019253,1,C,2014-11-12,14,RP Mobile Home w/ Land
6000003019320,1,C,2014-12-09,14,RP Mobile Home w/ Land
6000003019332,1,C,2014-12-10,14,RP Mobile Home w/ Land
6000003019357,1,C,2014-12-15,14,RP Mobile Home w/ Land
6000003019362,1,C,2014-12-15,13,Residential Demolition
6000003019372,1,C,2014-12-19,14,RP Mobile Home w/ Land
6000003019373,1,C,2014-12-19,14,RP Mobile Home w/ Land
6000003019374,1,C,2014-12-19,14,RP Mobile Home w/ Land
6000003019375,1,C,2014-12-19,14,RP Mobile Home w/ Land
6000003019376,1,C,2014-12-19,14,RP Mobile Home w/ Land
6000003019405,1,C,2015-01-21,14,RP Mobile Home w/ Land
6000003019453,1,C,2015-02-03,14,RP Mobile Home w/ Land
6000003019559,1,C,2015-03-13,14,RP Mobile Home w/ Land
6000003019579,1,C,2015-03-30,14,RP Mobile Home w/ Land
6000003019580,1,C,2015-03-30,14,RP Mobile Home w/ Land
6000003019581,1,C,2015-03-30,14,RP Mobile Home w/ Land
6000003019582,1,C,2015-03-30,14,RP Mobile Home w/ Land
6000003019583,1,C,2015-03-30,14,RP Mobile Home w/ Land
6000003019584,1,C,2015-03-30,14,RP Mobile Home w/ Land
6000003019585,1,C,2015-03-30,14,RP Mobile Home w/ Land
6000003019586,1,C,2015-03-30,14,RP Mobile Home w/ Land
6000003019587,1,C,2015-03-30,14,RP Mobile Home w/ Land
6000003019588,1,C,2015-03-30,14,RP Mobile Home w/ Land
6000003019589,1,C,2015-03-30,14,RP Mobile Home w/ Land
6000003019590,1,C,2015-03-30,14,RP Mobile Home w/ Land
6000003019591,1,C,2015-03-31,14,RP Mobile Home w/ Land
6000003019592,1,C,2015-03-31,14,RP Mobile Home w/ Land
6000003019593,1,C,2015-03-31,14,RP Mobile Home w/ Land
6000003019594,1,C,2015-03-31,14,RP Mobile Home w/ Land
6000003019596,1,C,2015-03-31,14,RP Mobile Home w/ Land
6000003019597,1,C,2015-03-31,14,RP Mobile Home w/ Land
6000003019598,1,C,2015-03-31,14,RP Mobile Home w/ Land
6000003019600,1,C,2015-03-31,14,RP Mobile Home w/ Land
6000003019601,1,C,2015-03-31,14,RP Mobile Home w/ Land
6000003019602,1,C,2015-03-31,14,RP Mobile Home w/ Land
6000003019604,1,C,2015-03-31,14,RP Mobile Home w/ Land
6000003019605,1,C,2015-03-31,14,RP Mobile Home w/ Land
6000003019607,1,C,2015-04-01,14,RP Mobile Home w/ Land
6000003019608,1,C,2015-04-01,14,RP Mobile Home w/ Land
6000003019609,1,C,2015-04-01,14,RP Mobile Home w/ Land
6000003019610,1,C,2015-04-01,14,RP Mobile Home w/ Land
6000003019611,1,C,2015-04-01,14,RP Mobile Home w/ Land
6000003019612,1,C,2015-04-01,14,RP Mobile Home w/ Land
6000003019613,1,C,2015-04-01,14,RP Mobile Home w/ Land
6000003019614,1,C,2015-04-01,14,RP Mobile Home w/ Land
6000003019615,1,C,2015-04-01,14,RP Mobile Home w/ Land
6000003019616,1,C,2015-04-01,14,RP Mobile Home w/ Land
6000003019617,1,C,2015-04-01,14,RP Mobile Home w/ Land
6000003019618,1,C,2015-04-01,14,RP Mobile Home w/ Land
6000003019619,1,C,2015-04-01,14,RP Mobile Home w/ Land
6000003019620,1,C,2015-04-02,14,RP Mobile Home w/ Land
6000003019621,1,C,2015-04-02,14,RP Mobile Home w/ Land
6000003019622,1,C,2015-04-02,14,RP Mobile Home w/ Land
6000003019624,1,C,2015-04-07,14,RP Mobile Home w/ Land
6000003019625,1,C,2015-04-07,14,RP Mobile Home w/ Land
6000003019626,1,C,1899-12-30,14,RP Mobile Home w/ Land
6000003019627,1,C,2015-04-07,14,RP Mobile Home w/ Land
6000003019631,1,C,2015-04-10,14,RP Mobile Home w/ Land
6000003019632,1,C,2015-04-10,14,RP Mobile Home w/ Land
6000003019634,1,C,2015-04-13,14,RP Mobile Home w/ Land
6000003019635,1,C,2015-04-13,14,RP Mobile Home w/ Land
6000003019636,1,C,2015-04-13,14,RP Mobile Home w/ Land
6000003019637,1,C,2015-04-13,14,RP Mobile Home w/ Land
6000003019638,1,C,2015-04-13,14,RP Mobile Home w/ Land
6000003019641,1,C,2015-04-13,14,RP Mobile Home w/ Land
6000003019642,1,C,2015-04-13,14,RP Mobile Home w/ Land
6000003019644,1,C,2015-04-13,14,RP Mobile Home w/ Land
6000003019646,1,C,2015-04-14,14,RP Mobile Home w/ Land
6000003019647,1,C,2015-04-14,14,RP Mobile Home w/ Land
6000003019649,1,C,2015-04-14,14,RP Mobile Home w/ Land
6000003019650,1,C,2015-04-16,14,RP Mobile Home w/ Land
6000003019651,1,C,2015-04-16,14,RP Mobile Home w/ Land
6000003019652,1,C,2015-04-16,14,RP Mobile Home w/ Land
6000003019653,1,C,2015-04-16,14,RP Mobile Home w/ Land
6000003019654,1,C,2015-04-16,14,RP Mobile Home w/ Land
6000003019655,1,C,2015-04-16,14,RP Mobile Home w/ Land
6000003019656,1,C,2015-04-16,14,RP Mobile Home w/ Land
6000003019657,1,C,2015-04-16,14,RP Mobile Home w/ Land
6000003019658,1,C,2015-04-16,14,RP Mobile Home w/ Land
6000003019659,1,C,2015-04-21,14,RP Mobile Home w/ Land
6000003019660,1,C,2015-04-21,14,RP Mobile Home w/ Land
6000003019685,1,C,2015-05-05,14,RP Mobile Home w/ Land
6000003019867,1,C,2015-09-17,14,RP Mobile Home w/ Land
6000003019898,1,C,2015-09-22,14,RP Mobile Home w/ Land
6000003019910,1,C,2015-09-22,14,RP Mobile Home w/ Land
6000003019965,1,C,2015-09-25,14,RP Mobile Home w/ Land
6000003020018,1,C,2015-10-07,14,RP Mobile Home w/ Land
6000003020045,1,C,2015-10-14,14,RP Mobile Home w/ Land
6000003020047,1,C,2015-10-14,14,RP Mobile Home w/ Land
6000003020049,1,C,2015-10-14,14,RP Mobile Home w/ Land
6000003020050,1,C,2015-10-14,14,RP Mobile Home w/ Land
6000003020052,1,C,2015-10-14,14,RP Mobile Home w/ Land
6000003020053,1,C,2015-10-14,14,RP Mobile Home w/ Land
6000003020054,1,C,2015-10-14,14,RP Mobile Home w/ Land
6000003020055,1,C,2015-10-14,14,RP Mobile Home w/ Land
6000003020056,1,C,2015-10-14,14,RP Mobile Home w/ Land
6000003020081,1,C,2015-10-22,15,Relocation / Bldg Move
6000003020092,1,C,2015-10-26,14,RP Mobile Home w/ Land
6000003020093,1,C,2015-10-26,14,RP Mobile Home w/ Land
6000003020094,1,C,2015-10-26,13,Residential Demolition
6000003020107,1,C,2015-10-27,14,RP Mobile Home w/ Land
6000003020108,1,C,2015-10-27,14,RP Mobile Home w/ Land
6000003020263,1,C,2016-01-20,14,RP Mobile Home w/ Land
6000003020264,1,C,2016-01-20,14,RP Mobile Home w/ Land
6000003020265,1,C,2016-01-20,14,RP Mobile Home w/ Land
6000003020266,1,C,2016-01-20,14,RP Mobile Home w/ Land
6000003020267,1,C,2016-01-20,14,RP Mobile Home w/ Land
6000003020268,1,C,2016-01-20,14,RP Mobile Home w/ Land
6000003020269,1,C,2016-01-20,14,RP Mobile Home w/ Land
6000003020270,1,C,2016-01-20,14,RP Mobile Home w/ Land
6000003020271,1,C,2016-01-20,14,RP Mobile Home w/ Land
6000003020272,1,C,2016-01-20,14,RP Mobile Home w/ Land
6000003020273,1,C,2016-01-20,14,RP Mobile Home w/ Land
6000003020274,1,C,2016-01-20,14,RP Mobile Home w/ Land
6000003020277,1,C,2016-01-21,14,RP Mobile Home w/ Land
6000003020288,1,C,2016-01-25,14,RP Mobile Home w/ Land
6000003020319,1,C,2016-02-04,14,RP Mobile Home w/ Land
6000003020405,1,C,2016-03-01,14,RP Mobile Home w/ Land
6000003020430,1,C,2016-03-02,14,RP Mobile Home w/ Land
6000003020442,1,C,2016-03-03,14,RP Mobile Home w/ Land
6000003020445,1,C,2016-03-03,14,RP Mobile Home w/ Land
6000003020476,1,C,2016-03-08,14,RP Mobile Home w/ Land
6000003020549,1,C,2016-03-24,14,RP Mobile Home w/ Land
6000003020550,1,C,2016-03-24,14,RP Mobile Home w/ Land
6000003020559,1,C,2016-03-29,14,RP Mobile Home w/ Land
6000003020646,1,C,2016-05-04,14,RP Mobile Home w/ Land
6000003020657,1,C,2016-05-05,14,RP Mobile Home w/ Land
6000003020842,1,C,1899-12-30,14,RP Mobile Home w/ Land
6000003020849,1,C,2016-08-08,14,RP Mobile Home w/ Land
6000003020850,1,C,2016-08-08,14,RP Mobile Home w/ Land
6000003020855,1,C,1899-12-30,14,RP Mobile Home w/ Land
6000003020856,1,C,1899-12-30,14,RP Mobile Home w/ Land
6000003020857,1,C,1899-12-30,14,RP Mobile Home w/ Land
6000003020859,1,C,1899-12-30,14,RP Mobile Home w/ Land
6000003020885,1,C,1899-12-30,08,Tangible (PP) Mobile Home
6000003020906,1,C,1899-12-30,14,RP Mobile Home w/ Land
6000003020915,1,C,2016-10-14,14,RP Mobile Home w/ Land
6000003020938,1,C,2016-10-25,14,RP Mobile Home w/ Land
6000003020942,1,C,2016-10-25,14,RP Mobile Home w/ Land
6000003020949,1,C,2016-10-26,14,RP Mobile Home w/ Land
6000003020976,1,C,2016-10-27,14,RP Mobile Home w/ Land
6000003020987,1,C,2016-11-15,14,RP Mobile Home w/ Land
6000003020988,1,C,2016-11-15,14,RP Mobile Home w/ Land
6000003021009,1,C,2016-11-15,14,RP Mobile Home w/ Land
6000003021010,1,C,2016-11-15,14,RP Mobile Home w/ Land
6000003021012,1,C,2016-11-15,14,RP Mobile Home w/ Land
6000003021013,1,C,2016-11-15,14,RP Mobile Home w/ Land
6000003021019,2,C,2016-11-17,14,RP Mobile Home w/ Land
6000003021020,1,C,2016-11-17,14,RP Mobile Home w/ Land
6000003021021,1,C,2016-11-17,14,RP Mobile Home w/ Land
6000003021022,1,C,2016-11-17,14,RP Mobile Home w/ Land
6000003021075,1,C,2017-01-04,14,RP Mobile Home w/ Land
6000003021083,1,C,2017-01-09,14,RP Mobile Home w/ Land
6000003021084,1,C,2017-01-09,14,RP Mobile Home w/ Land
6000003021086,1,C,2017-01-09,14,RP Mobile Home w/ Land
6000003021087,1,C,2017-01-09,14,RP Mobile Home w/ Land
6000003021088,1,C,2017-01-09,14,RP Mobile Home w/ Land
6000003021089,1,C,2017-01-09,14,RP Mobile Home w/ Land
6000003021090,1,C,2017-01-10,14,RP Mobile Home w/ Land
6000003021091,1,C,2017-01-10,14,RP Mobile Home w/ Land
6000003021092,1,C,2017-01-10,14,RP Mobile Home w/ Land
6000003021094,1,C,2017-01-10,14,RP Mobile Home w/ Land
6000003021095,1,C,2017-01-10,14,RP Mobile Home w/ Land
6000003021095,2,C,2017-01-10,14,RP Mobile Home w/ Land
6000003021096,1,C,2017-01-11,14,RP Mobile Home w/ Land
6000003021097,1,C,2017-01-04,14,RP Mobile Home w/ Land
6000003021098,1,C,2017-01-11,14,RP Mobile Home w/ Land
6000003021099,1,C,2017-01-11,14,RP Mobile Home w/ Land
6000003021100,1,C,2017-01-11,14,RP Mobile Home w/ Land
6000003021101,1,C,2017-01-11,14,RP Mobile Home w/ Land
6000003021102,1,C,2017-01-11,14,RP Mobile Home w/ Land
6000003021103,1,C,2017-01-11,14,RP Mobile Home w/ Land
6000003021104,1,C,2017-01-12,14,RP Mobile Home w/ Land
6000003021105,1,C,2017-01-12,14,RP Mobile Home w/ Land
6000003021110,1,C,2017-01-20,14,RP Mobile Home w/ Land
6000003021112,1,C,2017-01-23,14,RP Mobile Home w/ Land
6000003021148,1,C,2017-02-27,14,RP Mobile Home w/ Land
6000003021149,1,C,2017-02-27,14,RP Mobile Home w/ Land
6000003021150,1,C,2017-02-27,08,Tangible (PP) Mobile Home
6000003021151,1,C,2017-02-27,14,RP Mobile Home w/ Land
6000003021152,2,C,2017-02-27,14,RP Mobile Home w/ Land
6000003021153,1,C,2017-02-28,14,RP Mobile Home w/ Land
6000003021154,1,C,2017-09-25,14,RP Mobile Home w/ Land
6000003021157,1,C,2017-03-01,08,Tangible (PP) Mobile Home
6000003021159,1,C,2017-03-01,14,RP Mobile Home w/ Land
6000003021160,2,C,2017-03-02,08,Tangible (PP) Mobile Home
6000003021184,1,C,2017-03-08,14,RP Mobile Home w/ Land
6000003021196,1,C,2017-03-20,14,RP Mobile Home w/ Land
6000003021204,1,C,2017-03-21,14,RP Mobile Home w/ Land
6000003021241,1,C,2017-03-27,14,RP Mobile Home w/ Land
6000003021244,1,C,2017-03-28,14,RP Mobile Home w/ Land
6000003021264,1,C,2017-04-03,14,RP Mobile Home w/ Land
6000003021294,1,C,2017-04-05,14,RP Mobile Home w/ Land
6000003021335,1,C,2017-04-12,14,RP Mobile Home w/ Land
6000003021336,1,C,2017-04-12,14,RP Mobile Home w/ Land
6000003021337,1,C,2017-04-12,14,RP Mobile Home w/ Land
6000003021353,1,C,2017-04-17,14,RP Mobile Home w/ Land
6000003021356,1,C,2017-04-17,14,RP Mobile Home w/ Land
6000003021359,1,C,2017-04-17,14,RP Mobile Home w/ Land
6000003021397,1,C,2017-04-24,14,RP Mobile Home w/ Land
6000003021400,1,C,2017-04-24,14,RP Mobile Home w/ Land
6000003021435,1,C,2017-05-11,14,RP Mobile Home w/ Land
6000003021439,1,C,2017-05-11,14,RP Mobile Home w/ Land
6000003021441,1,C,2017-05-12,14,RP Mobile Home w/ Land
6000003021497,1,C,2017-06-01,14,RP Mobile Home w/ Land
6000003021513,2,C,2017-06-02,14,RP Mobile Home w/ Land
6000003021518,1,C,2017-06-02,14,RP Mobile Home w/ Land
6000003021562,1,C,2017-06-22,14,RP Mobile Home w/ Land
6000003021565,1,C,2017-06-22,14,RP Mobile Home w/ Land
6000003021592,1,C,2017-07-19,14,RP Mobile Home w/ Land
6000003021615,1,C,2017-07-27,14,RP Mobile Home w/ Land
6000003021633,1,C,2017-07-31,14,RP Mobile Home w/ Land
6000003021635,1,C,2017-08-01,14,RP Mobile Home w/ Land
6000003021636,1,C,2017-08-01,14,RP Mobile Home w/ Land
6000003021646,1,C,2017-08-08,14,RP Mobile Home w/ Land
6000003021660,1,C,2017-08-10,14,RP Mobile Home w/ Land
6000003021681,1,C,2017-08-15,14,RP Mobile Home w/ Land
6000003021731,1,C,2017-09-19,14,RP Mobile Home w/ Land
6000003021732,1,C,2017-09-19,14,RP Mobile Home w/ Land
6000003021733,1,C,2017-09-19,14,RP Mobile Home w/ Land
6000003021734,1,C,2017-09-19,14,RP Mobile Home w/ Land
6000003021735,1,C,2017-09-19,14,RP Mobile Home w/ Land
6000003021736,1,C,2017-09-19,14,RP Mobile Home w/ Land
6000003021737,1,C,2017-09-19,14,RP Mobile Home w/ Land
6000003021738,1,C,2017-09-19,14,RP Mobile Home w/ Land
6000003021739,1,C,2017-09-19,14,RP Mobile Home w/ Land
6000003021740,1,C,2017-09-19,14,RP Mobile Home w/ Land
6000003021741,1,C,2017-09-19,14,RP Mobile Home w/ Land
6000003021742,1,C,2017-09-19,14,RP Mobile Home w/ Land
6000003021743,1,C,2017-09-19,14,RP Mobile Home w/ Land
6000003021745,1,C,2017-09-19,14,RP Mobile Home w/ Land
6000003021746,1,C,2017-09-20,14,RP Mobile Home w/ Land
6000003021748,1,C,2017-09-20,14,RP Mobile Home w/ Land
6000003021749,1,C,2017-09-20,14,RP Mobile Home w/ Land
6000003021750,1,C,2017-09-20,14,RP Mobile Home w/ Land
6000003021751,1,C,2017-09-20,14,RP Mobile Home w/ Land
6000003021755,1,C,2017-09-20,14,RP Mobile Home w/ Land
6000003021756,1,C,2017-09-20,14,RP Mobile Home w/ Land
6000003021817,1,C,2017-10-11,14,RP Mobile Home w/ Land
6000003021826,2,C,2017-10-16,14,RP Mobile Home w/ Land
6000003021833,1,C,2017-10-23,14,RP Mobile Home w/ Land
6000003021904,1,C,2017-11-21,14,RP Mobile Home w/ Land
6000003021912,1,C,2017-11-22,14,RP Mobile Home w/ Land
6000003021913,1,C,2017-11-22,14,RP Mobile Home w/ Land
6000003021957,1,C,2017-12-05,14,RP Mobile Home w/ Land
6000003021987,1,C,2017-12-06,14,RP Mobile Home w/ Land
6000003022079,1,C,2018-01-26,14,RP Mobile Home w/ Land
6000003022118,1,C,2018-02-08,14,RP Mobile Home w/ Land
6000003022122,1,C,2018-02-14,14,RP Mobile Home w/ Land
6000003022137,1,C,2018-02-22,14,RP Mobile Home w/ Land
6000003022166,1,C,2018-03-16,14,RP Mobile Home w/ Land
6000003022174,1,C,2018-03-20,14,RP Mobile Home w/ Land
6000003022175,1,C,2018-03-13,14,RP Mobile Home w/ Land
6000003022198,1,C,2018-03-29,14,RP Mobile Home w/ Land
6000003022200,1,C,2018-03-29,14,RP Mobile Home w/ Land
6000003022204,1,C,2018-03-29,14,RP Mobile Home w/ Land
6000003022214,1,C,2018-04-02,14,RP Mobile Home w/ Land
6000003022237,1,C,2018-04-03,14,RP Mobile Home w/ Land
6000003022251,1,C,2018-04-04,14,RP Mobile Home w/ Land
6000003022266,1,C,2018-04-05,14,RP Mobile Home w/ Land
6000003022274,1,C,2018-04-05,14,RP Mobile Home w/ Land
6000003022275,1,C,2018-04-05,14,RP Mobile Home w/ Land
6000003022335,1,C,2018-04-26,14,RP Mobile Home w/ Land
6000003022364,1,C,2018-05-16,14,RP Mobile Home w/ Land
6000003022365,1,C,2018-05-16,14,RP Mobile Home w/ Land
6000003022366,1,C,2018-05-16,14,RP Mobile Home w/ Land
6000003022367,1,C,2018-05-16,14,RP Mobile Home w/ Land
6000003022368,1,C,2018-05-16,14,RP Mobile Home w/ Land
6000003022369,1,C,2018-05-16,14,RP Mobile Home w/ Land
6000003022370,1,C,2018-05-16,14,RP Mobile Home w/ Land
6000003022371,1,C,2018-05-16,14,RP Mobile Home w/ Land
6000003022372,1,C,2018-05-16,14,RP Mobile Home w/ Land
6000003022373,1,C,2018-05-16,14,RP Mobile Home w/ Land
6000003022374,1,C,2018-05-16,14,RP Mobile Home w/ Land
6000003022375,1,C,2018-05-16,14,RP Mobile Home w/ Land
6000003022398,1,C,2018-06-14,14,RP Mobile Home w/ Land
6000003022408,1,C,2018-06-28,14,RP Mobile Home w/ Land
6000003022439,1,C,2018-07-09,14,RP Mobile Home w/ Land
6000003022473,1,C,2018-07-17,14,RP Mobile Home w/ Land
6000003022509,1,C,2018-08-27,14,RP Mobile Home w/ Land
6000003022519,1,C,2017-10-05,14,RP Mobile Home w/ Land
6000003022539,1,C,2018-09-26,14,RP Mobile Home w/ Land
6000003022543,1,C,2019-12-12,14,RP Mobile Home w/ Land
6000003022589,1,C,2018-11-05,14,RP Mobile Home w/ Land
6000003022659,1,C,2018-12-03,14,RP Mobile Home w/ Land
6000003022672,1,C,2018-12-04,14,RP Mobile Home w/ Land
6000003022694,1,C,2018-12-06,14,RP Mobile Home w/ Land
6000003022695,1,C,2018-12-06,14,RP Mobile Home w/ Land
6000003022769,1,C,2018-12-26,14,RP Mobile Home w/ Land
6000003022778,1,C,2018-12-26,14,RP Mobile Home w/ Land
6000003022788,1,C,2018-12-31,14,RP Mobile Home w/ Land
6000003022793,1,C,2018-12-31,14,RP Mobile Home w/ Land
6000003022806,1,C,2019-01-08,14,RP Mobile Home w/ Land
6000003022820,1,C,2019-01-14,14,RP Mobile Home w/ Land
6000003022821,1,C,2019-01-14,14,RP Mobile Home w/ Land
6000003022822,1,C,2019-01-15,14,RP Mobile Home w/ Land
6000003022824,1,C,2019-01-15,14,RP Mobile Home w/ Land
6000003022841,1,C,2019-01-18,14,RP Mobile Home w/ Land
6000003022842,1,C,2019-01-22,14,RP Mobile Home w/ Land
6000003022899,1,C,2019-02-07,14,RP Mobile Home w/ Land
6000003022953,1,C,1899-12-30,14,RP Mobile Home w/ Land
6000003023041,1,C,2019-03-05,14,RP Mobile Home w/ Land
6000003023077,1,C,2019-03-07,14,RP Mobile Home w/ Land
6000003023091,1,C,2019-03-11,14,RP Mobile Home w/ Land
6000003023148,1,C,2019-03-25,14,RP Mobile Home w/ Land
6000003023246,1,C,2019-05-07,14,RP Mobile Home w/ Land
6000003023332,1,C,2019-07-29,14,RP Mobile Home w/ Land
6000003023364,1,C,2019-08-26,14,RP Mobile Home w/ Land
6000003023365,1,C,2019-09-16,14,RP Mobile Home w/ Land
6000003023417,1,C,2019-10-08,14,RP Mobile Home w/ Land
6000003023426,1,C,2019-10-10,14,RP Mobile Home w/ Land
6000003023461,1,C,2019-10-18,14,RP Mobile Home w/ Land
6000003023474,1,C,2019-11-05,14,RP Mobile Home w/ Land
6000003023496,1,C,2019-11-19,14,RP Mobile Home w/ Land
6000003023518,1,C,2019-07-09,14,RP Mobile Home w/ Land
6000003023523,1,C,2019-12-03,14,RP Mobile Home w/ Land
6000003023530,1,C,2019-12-04,14,RP Mobile Home w/ Land
6000003023600,1,C,2020-01-22,14,RP Mobile Home w/ Land
6000003023610,1,C,2020-02-05,14,RP Mobile Home w/ Land
6000003023620,1,C,2020-02-10,14,RP Mobile Home w/ Land
6000003023633,1,C,2020-02-12,14,RP Mobile Home w/ Land
6000003023638,1,C,2020-02-12,14,RP Mobile Home w/ Land
6000003023652,1,C,2020-02-24,14,RP Mobile Home w/ Land
6000003023703,1,C,2020-03-17,14,RP Mobile Home w/ Land
6000003023737,1,C,2020-03-23,14,RP Mobile Home w/ Land
6000003023787,1,C,2020-03-27,14,RP Mobile Home w/ Land
6000003023804,1,C,2020-03-24,14,RP Mobile Home w/ Land
6000003023812,1,C,2019-03-06,14,RP Mobile Home w/ Land
6000003023822,1,C,2020-03-26,14,RP Mobile Home w/ Land
6000003023845,1,C,2020-03-30,14,RP Mobile Home w/ Land
6000003023885,1,C,2020-04-02,14,RP Mobile Home w/ Land
6000003023905,1,C,2020-03-27,14,RP Mobile Home w/ Land
6000003023908,1,C,2020-03-30,14,RP Mobile Home w/ Land
6000003023918,1,C,2020-03-31,14,RP Mobile Home w/ Land
6000003023953,1,C,2020-04-02,14,RP Mobile Home w/ Land
6000003023973,1,C,2020-04-07,14,RP Mobile Home w/ Land
6000003023999,1,C,2020-04-09,14,RP Mobile Home w/ Land
6000003024003,1,C,2020-04-06,14,RP Mobile Home w/ Land
6000003024023,1,C,2020-04-08,14,RP Mobile Home w/ Land
6000003024025,1,C,2020-04-08,14,RP Mobile Home w/ Land
6000003024114,1,C,2020-06-09,14,RP Mobile Home w/ Land
6000003024120,1,C,2020-06-15,14,RP Mobile Home w/ Land
6000003024149,1,C,2020-06-23,14,RP Mobile Home w/ Land
6000003024162,1,C,2020-02-17,14,RP Mobile Home w/ Land
6000003024163,1,C,2020-04-09,14,RP Mobile Home w/ Land
6000003024176,1,C,2020-07-07,14,RP Mobile Home w/ Land
6000003024180,1,C,2020-03-03,14,RP Mobile Home w/ Land
6000003024219,1,C,2020-04-14,14,RP Mobile Home w/ Land
6000003024295,1,C,2020-05-22,14,RP Mobile Home w/ Land
6000003024302,1,C,2020-05-26,14,RP Mobile Home w/ Land
6000003024335,1,C,2020-06-16,14,RP Mobile Home w/ Land
6000003024360,1,C,2020-06-30,14,RP Mobile Home w/ Land
6000003024387,1,C,2020-07-13,14,RP Mobile Home w/ Land
6000003024403,1,C,2020-06-18,14,RP Mobile Home w/ Land
6000003024408,1,C,2020-06-23,14,RP Mobile Home w/ Land
6000003024441,1,C,2020-07-29,14,RP Mobile Home w/ Land
6000003024517,1,C,2020-10-13,14,RP Mobile Home w/ Land
6000003024553,1,C,2021-03-02,14,RP Mobile Home w/ Land
6000003024557,1,C,2021-03-11,14,RP Mobile Home w/ Land
6000003024574,1,C,2021-04-19,14,RP Mobile Home w/ Land
6000003024582,1,C,2021-04-20,14,RP Mobile Home w/ Land
6000003024587,1,C,2021-04-21,14,RP Mobile Home w/ Land
6000003024605,1,C,2020-07-21,14,RP Mobile Home w/ Land
6000003024609,1,C,2020-07-23,14,RP Mobile Home w/ Land
6000003024610,1,C,2020-07-28,14,RP Mobile Home w/ Land
6000003024615,1,C,2020-08-04,14,RP Mobile Home w/ Land
6000003024622,1,C,2020-08-13,14,RP Mobile Home w/ Land
6000003024623,1,C,2020-08-13,14,RP Mobile Home w/ Land
6000003024653,1,C,2020-08-27,14,RP Mobile Home w/ Land
6000003024662,1,C,2020-09-11,14,RP Mobile Home w/ Land
6000003024682,1,C,2020-09-28,14,RP Mobile Home w/ Land
6000003024728,1,C,2021-05-07,14,RP Mobile Home w/ Land
6000003024738,1,C,1899-12-30,14,RP Mobile Home w/ Land
6000003024776,1,C,2021-05-18,14,RP Mobile Home w/ Land
6000003024813,1,C,2021-05-11,14,RP Mobile Home w/ Land
6000003024814,1,C,2021-05-13,14,RP Mobile Home w/ Land
6000003024823,1,C,2021-05-19,14,RP Mobile Home w/ Land
6000003024888,1,C,2021-06-25,14,RP Mobile Home w/ Land
6000003024953,1,C,2021-10-26,14,RP Mobile Home w/ Land
6000003024990,1,C,2024-04-19,14,RP Mobile Home w/ Land
6000003026048,1,C,2021-04-21,14,RP Mobile Home w/ Land
6000003026071,1,C,2021-12-29,14,RP Mobile Home w/ Land
6000003026072,1,C,2021-12-29,14,RP Mobile Home w/ Land
6000003026073,1,C,2021-12-29,14,RP Mobile Home w/ Land
6000003026089,1,C,2022-02-07,14,RP Mobile Home w/ Land
6000003026101,1,C,2022-02-16,14,RP Mobile Home w/ Land
6000003026205,1,C,2022-11-09,14,RP Mobile Home w/ Land
6000003026279,1,C,2023-04-13,14,RP Mobile Home w/ Land
6000003026328,1,C,2023-06-14,14,RP Mobile Home w/ Land
6000003026364,1,C,2023-08-24,14,RP Mobile Home w/ Land
6000003026514,1,C,2024-06-05,14,RP Mobile Home w/ Land
6000003026518,1,C,2024-06-06,14,RP Mobile Home w/ Land
6000003026522,1,C,2024-05-30,14,RP Mobile Home w/ Land
6000003026531,1,C,2024-06-11,14,RP Mobile Home w/ Land
6000003026592,1,C,2024-07-24,14,RP Mobile Home w/ Land
6000003026605,1,C,2024-08-01,14,RP Mobile Home w/ Land
6000003026620,1,C,2024-08-06,14,RP Mobile Home w/ Land
6000003026708,1,C,2024-11-06,14,RP Mobile Home w/ Land
6000003026710,1,C,2024-11-06,14,RP Mobile Home w/ Land
6000003026711,1,C,2024-11-06,14,RP Mobile Home w/ Land
6000003026718,1,C,2024-12-06,14,RP Mobile Home w/ Land
6000003026722,1,C,2024-12-23,14,RP Mobile Home w/ Land
6000003026723,1,C,2024-12-23,14,RP Mobile Home w/ Land
6000003026759,1,C,2025-02-05,14,RP Mobile Home w/ Land
6000003026763,1,C,2025-02-07,14,RP Mobile Home w/ Land
6000003026781,1,C,2025-02-12,14,RP Mobile Home w/ Land
6000003026782,1,C,2025-02-12,14,RP Mobile Home w/ Land
6000003026818,1,C,2025-02-14,14,RP Mobile Home w/ Land
6000003026819,1,C,2025-02-14,14,RP Mobile Home w/ Land
6000003026834,1,C,2025-02-27,14,RP Mobile Home w/ Land
6000003026930,1,C,2025-05-27,14,RP Mobile Home w/ Land
6000003026981,1,C,2021-01-13,14,RP Mobile Home w/ Land
6000003027185,1,C,2021-03-09,14,RP Mobile Home w/ Land
6000003027197,1,C,2021-04-27,14,RP Mobile Home w/ Land
6000003027231,1,C,2021-06-16,14,RP Mobile Home w/ Land
6000003027276,1,C,2021-11-30,14,RP Mobile Home w/ Land
6000003027299,1,C,2022-01-27,14,RP Mobile Home w/ Land
6000003027304,1,C,2022-02-02,14,RP Mobile Home w/ Land
6000003027368,1,C,2022-04-07,14,RP Mobile Home w/ Land
6000003027384,1,C,2022-04-20,14,RP Mobile Home w/ Land
6000003027419,1,C,2022-08-23,14,RP Mobile Home w/ Land
6000003027460,1,C,2022-11-18,14,RP Mobile Home w/ Land
6000003027487,1,C,2023-03-20,14,RP Mobile Home w/ Land
6000003027493,1,C,2023-07-15,14,RP Mobile Home w/ Land
6000003027595,1,C,2025-06-04,14,RP Mobile Home w/ Land
6000003027622,1,C,2025-02-07,14,RP Mobile Home w/ Land
6000003027643,1,C,2025-03-04,14,RP Mobile Home w/ Land
6000003027644,1,C,2025-03-04,14,RP Mobile Home w/ Land
6000003027645,1,C,2025-03-04,14,RP Mobile Home w/ Land
6000003027663,1,C,2025-03-17,14,RP Mobile Home w/ Land
6000003027803,1,C,2025-06-09,14,RP Mobile Home w/ Land
6000003027812,2,C,2025-06-16,14,RP Mobile Home w/ Land
6000003027867,1,C,2025-09-24,14,RP Mobile Home w/ Land
6000003027877,1,C,2025-10-23,14,RP Mobile Home w/ Land
6000003027915,1,C,2026-01-13,14,RP Mobile Home w/ Land
6000003027968,1,C,2026-03-13,14,RP Mobile Home w/ Land
6000003027985,1,C,2026-03-16,14,RP Mobile Home w/ Land
6000003027999,1,C,2026-04-22,14,RP Mobile Home w/ Land
6000003028019,1,C,2021-07-15,14,RP Mobile Home w/ Land
6000003028061,1,C,2021-07-27,14,RP Mobile Home w/ Land
6000003028115,1,C,2023-02-02,14,RP Mobile Home w/ Land
6000003028157,1,C,2023-02-21,14,RP Mobile Home w/ Land
6000003028161,1,C,2023-02-22,14,RP Mobile Home w/ Land
6000003028171,1,C,2023-02-24,14,RP Mobile Home w/ Land
6000003028285,1,C,2023-04-20,14,RP Mobile Home w/ Land
6000003028304,1,C,2023-04-25,14,RP Mobile Home w/ Land
6000003028306,1,C,2023-04-26,14,RP Mobile Home w/ Land
6000003028332,1,C,2023-05-10,14,RP Mobile Home w/ Land
6000003028424,1,C,2023-06-15,14,RP Mobile Home w/ Land
6000003028467,1,C,2023-06-30,14,RP Mobile Home w/ Land
6000003028478,1,C,2023-07-10,14,RP Mobile Home w/ Land
6000003028480,1,C,2023-07-11,14,RP Mobile Home w/ Land
6000003028492,1,C,2023-07-17,14,RP Mobile Home w/ Land
6000003028503,1,C,2023-07-31,14,RP Mobile Home w/ Land
6000003028519,1,C,2023-08-07,14,RP Mobile Home w/ Land
6000003028537,1,C,2023-08-15,14,RP Mobile Home w/ Land
6000003028565,1,C,2023-08-25,14,RP Mobile Home w/ Land
6000003028637,1,C,2023-09-25,14,RP Mobile Home w/ Land
6000003028640,1,C,2023-09-26,14,RP Mobile Home w/ Land
6000003028652,1,C,2023-10-02,14,RP Mobile Home w/ Land
1409890010001,1,C,2017-11-09,30,New Building
1410440010001,1,C,2020-07-15,30,New Building
1410640010001,1,M,2024-01-02,30,New Building
1410640010002,1,C,2019-10-10,07,Extra Features (OB&Y)
1410640010002,2,C,2019-06-28,07,Extra Features (OB&Y)
1417980010001,1,C,2019-05-20,31,"Addtns, Remodels, Lease Space"
1417980010001,1959496,C,2023-12-13,33,Commercial Demolition
1418430010002,1866105,C,2022-02-09,32,"Paving, Parking Lot, Slab"
1418430010003,2,C,2020-06-15,30,New Building
1418430010003,3,C,2020-06-15,30,New Building
1418630010022,1,M,2026-02-18,09,New Dwelling - no permit
1418630010023,1,M,2025-07-28,09,New Dwelling - no permit
1418630010024,1,M,2026-02-18,09,New Dwelling - no permit
1418630010025,1,M,2026-02-18,09,New Dwelling - no permit
1424300010001,1,C,2023-06-19,31,"Addtns, Remodels, Lease Space"
1424300010001,2003920,C,2024-10-21,30,New Building
1424300010001,2040344,C,2025-07-10,31,"Addtns, Remodels, Lease Space"
1424300010002,1,C,2025-05-21,31,"Addtns, Remodels, Lease Space"
1424300010003,1,C,2025-07-10,31,"Addtns, Remodels, Lease Space"
1424300010004,1,C,2025-04-07,31,"Addtns, Remodels, Lease Space"
1424300010005,1,C,2025-07-10,31,"Addtns, Remodels, Lease Space"
1424300010006,1,C,2025-04-29,31,"Addtns, Remodels, Lease Space"
1424300020001,1,C,2023-06-19,31,"Addtns, Remodels, Lease Space"
1424300030001,1,M,2023-06-19,31,"Addtns, Remodels, Lease Space"
1424300040001,1,M,2023-04-18,31,"Addtns, Remodels, Lease Space"
1424300050004,2059962,M,2025-12-12,30,New Building
1424300070001,1,C,2023-06-19,31,"Addtns, Remodels, Lease Space"
1424300070001,2,C,2025-11-20,30,New Building
1424300070002,1,C,2023-06-19,31,"Addtns, Remodels, Lease Space"
1424300070004,1,C,2023-06-19,31,"Addtns, Remodels, Lease Space"
1424300070004,2,C,2024-09-09,31,"Addtns, Remodels, Lease Space"
1424300080001,1,C,2023-06-19,31,"Addtns, Remodels, Lease Space"
1424300080002,1,C,2023-06-19,31,"Addtns, Remodels, Lease Space"
1424300080002,2,M,2024-09-11,31,"Addtns, Remodels, Lease Space"
1424300080003,1,C,2023-06-19,31,"Addtns, Remodels, Lease Space"
1424300080003,3,M,2024-10-29,31,"Addtns, Remodels, Lease Space"
1424300080004,1,C,2023-06-19,31,"Addtns, Remodels, Lease Space"
1427370010001,1,C,2023-12-14,31,"Addtns, Remodels, Lease Space"
1440150010001,1,C,2024-02-13,31,"Addtns, Remodels, Lease Space"
1441590010001,2,C,2020-05-15,30,New Building
1441590010001,3,C,2020-05-15,30,New Building
1441590010001,4,C,2020-05-15,30,New Building
1441590010001,5,C,2020-05-15,30,New Building
1441590010001,6,C,2020-05-15,30,New Building
1441590010001,7,C,2020-05-15,30,New Building
1441590010001,8,C,2020-05-15,30,New Building
1441590010001,9,C,2020-05-15,30,New Building
1444610010004,1924158,M,2023-03-20,10,New Dwelling - permit
1444610010005,1924159,C,2023-04-21,10,New Dwelling - permit
1445620010002,2,C,2023-01-23,07,Extra Features (OB&Y)
1451350010001,1,C,2021-12-15,31,"Addtns, Remodels, Lease Space"
1452170010001,1,C,2021-09-03,30,New Building
1455560010001,1954024,C,2023-10-27,31,"Addtns, Remodels, Lease Space"
1464500010003,1,C,2023-03-03,30,New Building
1464500010003,1992896,C,2024-08-06,31,"Addtns, Remodels, Lease Space"
1464500010003,2017704,C,2025-02-06,31,"Addtns, Remodels, Lease Space"
1464500010003,2017705,C,2025-02-06,31,"Addtns, Remodels, Lease Space"
1464500010003,2017706,C,2025-02-06,31,"Addtns, Remodels, Lease Space"
1467750010001,1,C,2024-02-29,10,New Dwelling - permit
1467750010002,1,C,2024-02-29,10,New Dwelling - permit
1467750010002,3,C,2024-10-14,10,New Dwelling - permit
1467750010003,1,C,2024-02-29,10,New Dwelling - permit
1467750010004,1,C,2024-02-29,10,New Dwelling - permit
1467750010004,2,C,2024-03-13,10,New Dwelling - permit
1467750010005,1,C,2024-02-29,10,New Dwelling - permit
1467750010006,1,C,2024-02-29,10,New Dwelling - permit
1467750010007,1,C,2023-12-06,10,New Dwelling - permit
1467750010008,1,C,1899-12-30,09,New Dwelling - no permit
1467750010009,1,C,2023-12-06,10,New Dwelling - permit
1467750010010,1,C,2023-12-06,10,New Dwelling - permit
1467750010011,1,C,2023-08-03,10,New Dwelling - permit
1467750010012,1,C,2023-05-31,10,New Dwelling - permit
1467750010013,1,C,1899-12-30,09,New Dwelling - no permit
1467750010014,1,C,2024-02-07,09,New Dwelling - no permit
1467750010015,1,C,1899-12-30,09,New Dwelling - no permit
1467750010016,1,C,2024-02-08,09,New Dwelling - no permit
1467750010017,1,C,2023-06-21,10,New Dwelling - permit
1467750010018,1,C,1899-12-30,09,New Dwelling - no permit
1467750010019,1,C,2023-04-12,10,New Dwelling - permit
1467750010020,1,C,2023-04-12,10,New Dwelling - permit
1467750010021,1,C,2023-04-12,10,New Dwelling - permit
1467750010022,1,C,2023-04-12,10,New Dwelling - permit
1467750010023,1,C,2023-10-11,10,New Dwelling - permit
1467750010025,1,C,2023-04-12,10,New Dwelling - permit
1467750010026,1,C,2023-04-12,10,New Dwelling - permit
1467750010027,1,C,2023-04-12,10,New Dwelling - permit
1467750010028,1,C,2023-04-12,10,New Dwelling - permit
1467750010029,1,C,2023-04-12,10,New Dwelling - permit
1467750010030,1,C,2023-04-12,10,New Dwelling - permit
1467750010031,1,C,2023-04-12,10,New Dwelling - permit
1467750010032,1,C,2023-04-12,10,New Dwelling - permit
1467750010033,1,C,2023-04-12,10,New Dwelling - permit
1467750010034,1,C,2023-04-17,10,New Dwelling - permit
1467750010035,1,C,2023-04-12,10,New Dwelling - permit
1467750010036,1,C,1899-12-30,09,New Dwelling - no permit
1467750010037,1,C,1899-12-30,09,New Dwelling - no permit
1467750010038,1,C,1899-12-30,09,New Dwelling - no permit
1467750010039,1,C,1899-12-30,09,New Dwelling - no permit
1467750010040,1,C,1899-12-30,09,New Dwelling - no permit
1467750010041,2,C,2023-07-17,10,New Dwelling - permit
1467750010042,1,C,1899-12-30,09,New Dwelling - no permit
1467750010043,1,C,1899-12-30,09,New Dwelling - no permit
1467750010044,1,C,1899-12-30,09,New Dwelling - no permit
1467750010045,1,C,1899-12-30,09,New Dwelling - no permit
1467750010046,1,C,1899-12-30,09,New Dwelling - no permit
1467750010047,2,C,2023-12-06,10,New Dwelling - permit
1467750010048,1,C,1899-12-30,09,New Dwelling - no permit
1467750010049,1,C,1899-12-30,09,New Dwelling - no permit
1467750010050,1,C,2023-07-17,10,New Dwelling - permit
1467750010051,1,C,2024-02-08,09,New Dwelling - no permit
1467750010052,1,C,2023-12-06,10,New Dwelling - permit
1467750010053,1,C,2023-12-06,10,New Dwelling - permit
1467750010054,2,C,2023-07-27,10,New Dwelling - permit
1467750010055,1,C,2024-02-29,10,New Dwelling - permit
1467750010056,1,C,2024-02-29,10,New Dwelling - permit
1467750010057,1,C,2024-02-29,10,New Dwelling - permit
1467750010057,2,C,2024-05-08,10,New Dwelling - permit
1467750010058,1,C,2024-02-29,10,New Dwelling - permit
1467750010059,2,C,2024-05-02,10,New Dwelling - permit
1469580010001,1,C,2022-09-01,31,"Addtns, Remodels, Lease Space"
1471160010001,1,C,2023-06-06,30,New Building
1471160010001,2,C,2023-05-02,32,"Paving, Parking Lot, Slab"
1475320010001,2012134,M,2024-12-17,10,New Dwelling - permit
1475320010002,2012135,M,2024-12-17,10,New Dwelling - permit
1483690010001,1,C,2024-07-18,30,New Building
1483690010001,2,C,2024-07-18,31,"Addtns, Remodels, Lease Space"
1483690010001,3,C,2024-07-18,31,"Addtns, Remodels, Lease Space"
1483690010001,4,C,2024-07-18,30,New Building
1483690010001,7,C,2024-07-18,30,New Building
1483690010001,10,C,2024-07-18,30,New Building
1483690010001,12,C,2024-07-18,30,New Building
1483690010001,13,C,2024-04-05,32,"Paving, Parking Lot, Slab"
1489120010001,2,M,2026-05-06,09,New Dwelling - no permit
1489120010002,1,C,1899-12-30,30,New Building
1489120010002,2,C,2026-05-06,09,New Dwelling - no permit
1489120010003,1,M,2026-05-06,09,New Dwelling - no permit
1489120010004,1,C,2026-05-06,09,New Dwelling - no permit
1489120010005,1,C,2026-05-06,09,New Dwelling - no permit
1489120010006,1,M,2026-05-06,09,New Dwelling - no permit
1489120010007,1,M,2026-05-06,09,New Dwelling - no permit
1489120010008,1,M,2026-05-06,09,New Dwelling - no permit
1489120010009,1,M,2026-05-06,09,New Dwelling - no permit
1489120020001,1,C,2026-05-06,09,New Dwelling - no permit
1489120020002,1,C,2026-05-06,09,New Dwelling - no permit
1489120020003,1,C,2026-05-06,09,New Dwelling - no permit
1489120020004,1,M,2026-05-06,09,New Dwelling - no permit
1489120020004,2,C,2026-01-01,07,Extra Features (OB&Y)
1489120070001,1,M,2026-05-06,09,New Dwelling - no permit
1489120070002,1,M,2026-05-06,09,New Dwelling - no permit
1489120070003,1,M,2026-05-06,09,New Dwelling - no permit
1489120070004,1,M,2026-05-06,09,New Dwelling - no permit
1489120070015,1,M,2026-05-06,09,New Dwelling - no permit
1489120070016,1,M,2026-05-06,09,New Dwelling - no permit
1489120070017,1,M,2026-05-06,09,New Dwelling - no permit
1489120070018,1,M,2026-05-06,09,New Dwelling - no permit
1490040010001,2,C,2024-10-07,30,New Building
1490040010001,3,C,2024-09-30,30,New Building
1490040010001,4,C,2024-09-30,31,"Addtns, Remodels, Lease Space"
1490310010001,1,M,2025-04-28,30,New Building
1490310010001,2,M,2025-04-28,30,New Building
1490310010001,3,M,2025-04-28,30,New Building
1490310010001,4,M,2025-04-22,30,New Building
1490310010001,5,M,2025-04-22,30,New Building
1490310010001,6,M,2025-04-22,30,New Building
1490310010001,7,M,2025-04-22,30,New Building
1490310010001,8,M,2025-04-22,30,New Building
1490310010001,9,M,2025-03-17,32,"Paving, Parking Lot, Slab"
1502530010001,1,C,2017-05-30,30,New Building
1502530010001,2,C,2023-11-15,33,Commercial Demolition
1502530010001,1952147,M,2023-10-05,31,"Addtns, Remodels, Lease Space"
6000003028740,1,C,1899-12-30,14,RP Mobile Home w/ Land
6000003028777,1,C,2023-12-28,14,RP Mobile Home w/ Land
6000003028786,1,C,2024-01-02,14,RP Mobile Home w/ Land
6000003029065,1,C,2021-11-18,14,RP Mobile Home w/ Land
6000003029069,1,C,2021-11-18,14,RP Mobile Home w/ Land
6000003029072,1,C,2021-11-19,08,Tangible (PP) Mobile Home
6000003029101,1,C,2021-12-02,14,RP Mobile Home w/ Land
6000003029103,1,C,2021-12-02,14,RP Mobile Home w/ Land
6000003029276,1,C,2022-05-03,14,RP Mobile Home w/ Land
6000003029295,1,C,2022-02-17,14,RP Mobile Home w/ Land
6000003029316,1,C,2022-05-12,14,RP Mobile Home w/ Land
6000003029401,1,C,2022-06-28,14,RP Mobile Home w/ Land
6000003029406,1,C,2022-06-30,14,RP Mobile Home w/ Land
6000003029463,1,C,2022-07-26,14,RP Mobile Home w/ Land
6000003029464,1,C,2022-07-26,14,RP Mobile Home w/ Land
6000003029498,1,C,2022-08-09,14,RP Mobile Home w/ Land
6000003029518,1,C,2022-08-16,14,RP Mobile Home w/ Land
6000003029540,1,C,2022-08-29,14,RP Mobile Home w/ Land
6000003029544,1,C,2022-08-29,14,RP Mobile Home w/ Land
6000003029570,1,C,2022-10-18,14,RP Mobile Home w/ Land
6000003029623,1,C,2022-11-07,14,RP Mobile Home w/ Land
6000003029641,1,C,2022-11-08,14,RP Mobile Home w/ Land
6000003029651,1,C,2022-11-09,14,RP Mobile Home w/ Land
6000003029882,1,C,2025-09-24,14,RP Mobile Home w/ Land
6000003029883,1,C,2025-09-24,14,RP Mobile Home w/ Land
6000003029952,1,C,2023-01-05,14,RP Mobile Home w/ Land
6000003029974,1,C,2023-01-18,14,RP Mobile Home w/ Land
6000003030002,1,C,2025-01-28,14,RP Mobile Home w/ Land
6000003030171,1,C,2025-09-19,14,RP Mobile Home w/ Land
6000003030201,1,C,2025-11-05,14,RP Mobile Home w/ Land
6000003031035,1,C,2025-10-24,14,RP Mobile Home w/ Land
6000003031079,1,C,2025-11-12,14,RP Mobile Home w/ Land
6000003031086,1,C,2025-11-19,14,RP Mobile Home w/ Land
6000003031191,1,C,2026-01-29,14,RP Mobile Home w/ Land
6000003031201,1,C,2026-01-30,14,RP Mobile Home w/ Land
6000003031209,1,C,2026-02-06,14,RP Mobile Home w/ Land
6000003031271,1,C,2026-03-02,14,RP Mobile Home w/ Land
6000003031278,1,C,2026-03-04,14,RP Mobile Home w/ Land
6000003031294,1,C,2026-03-31,14,RP Mobile Home w/ Land
1399570010001,1788263,C,2020-08-07,10,New Dwelling - permit
1399570010002,1809760,C,2021-01-20,10,New Dwelling - permit
1399570010003,1812857,C,2021-02-03,10,New Dwelling - permit
1399570010004,1812858,C,2021-02-03,10,New Dwelling - permit
1399570010005,1812859,C,2021-02-03,10,New Dwelling - permit
1399570010006,1812860,C,2021-02-03,10,New Dwelling - permit
1399570010007,1812861,C,2021-02-03,10,New Dwelling - permit
1399570010008,1812862,C,2021-02-03,10,New Dwelling - permit
1399570010009,1812863,C,2021-02-03,10,New Dwelling - permit
1399570010010,1812864,C,2021-02-03,10,New Dwelling - permit
1399570010011,1812865,C,2021-02-03,10,New Dwelling - permit
1399570010012,1812866,C,2021-02-03,10,New Dwelling - permit
1399570010013,1812867,C,2021-02-03,10,New Dwelling - permit
1399570010014,1812868,C,2021-02-03,10,New Dwelling - permit
1399570010015,1812869,C,2021-02-03,10,New Dwelling - permit
1399570010016,1,C,2021-12-08,07,Extra Features (OB&Y)
1399570010016,1812870,C,2021-02-03,10,New Dwelling - permit
1399570010017,1812871,C,2021-02-03,10,New Dwelling - permit
1399570010018,1817158,C,2021-03-03,10,New Dwelling - permit
1399570010019,1817159,C,2021-03-03,10,New Dwelling - permit
1399570010020,1817160,C,2021-03-03,10,New Dwelling - permit
1399570010021,1817161,C,2021-03-03,10,New Dwelling - permit
1399570010022,1817162,C,2021-03-03,10,New Dwelling - permit
1399570010023,1817163,C,2021-03-03,10,New Dwelling - permit
1399570010024,1817164,C,2021-03-03,10,New Dwelling - permit
1399570010025,1817165,C,2021-03-03,10,New Dwelling - permit
1399570010026,1817166,C,2021-03-03,10,New Dwelling - permit
1399570010027,1817167,C,2021-03-03,10,New Dwelling - permit
1399570010028,1821927,C,2021-04-01,10,New Dwelling - permit
1399570010029,1821928,C,2021-04-01,10,New Dwelling - permit
1399570010030,1821929,C,2021-04-01,10,New Dwelling - permit
1399570010031,1821930,C,2021-04-15,10,New Dwelling - permit
1399570010032,1821931,C,2021-04-15,10,New Dwelling - permit
1399570010033,1821932,C,2021-04-15,10,New Dwelling - permit
1399570010034,1821933,C,2021-04-15,10,New Dwelling - permit
1399570010035,1821934,C,2021-04-15,10,New Dwelling - permit
1399570010036,1821935,C,2021-04-15,10,New Dwelling - permit
1399570010037,1821936,C,2021-04-15,10,New Dwelling - permit
1399570010038,1821937,C,2021-04-01,10,New Dwelling - permit
1399570010039,1821938,C,2021-04-01,10,New Dwelling - permit
1399570010040,1821939,C,2021-04-01,10,New Dwelling - permit
1399570010041,1821940,C,2021-04-01,10,New Dwelling - permit
1399570020001,1817168,C,2021-03-03,10,New Dwelling - permit
1399570020002,1817169,C,2021-03-03,10,New Dwelling - permit
1399570020003,1817170,C,2021-03-03,10,New Dwelling - permit
1399570020004,1817171,C,2021-03-03,10,New Dwelling - permit
1399570020005,1817172,C,2021-03-03,10,New Dwelling - permit
1399570020006,1821941,C,2021-04-01,10,New Dwelling - permit
1399570020007,1821942,C,2021-04-01,10,New Dwelling - permit
1399570020008,1821943,C,2021-04-01,10,New Dwelling - permit
1399570020009,1821944,C,2021-04-01,10,New Dwelling - permit
1399570020010,1821945,C,2021-04-01,10,New Dwelling - permit
1399570020011,1821946,C,2021-04-01,10,New Dwelling - permit
1399570020012,1821947,C,2021-04-01,10,New Dwelling - permit
1399570020013,1821948,C,2021-04-01,10,New Dwelling - permit
1399570020014,1821949,C,2021-04-01,10,New Dwelling - permit
1399570020015,1821950,C,2021-04-01,10,New Dwelling - permit
1399570020016,1821951,C,2021-04-01,10,New Dwelling - permit
1399570020017,1821952,C,2021-04-01,10,New Dwelling - permit
1399570020018,1,C,2021-11-11,07,Extra Features (OB&Y)
1399570020018,1821953,C,2021-04-01,10,New Dwelling - permit
1399990010001,1689825,C,2018-10-16,32,"Paving, Parking Lot, Slab"
1399990010001,1689826,C,2018-10-19,30,New Building
1399990010003,1,C,2018-10-16,32,"Paving, Parking Lot, Slab"
1399990010003,2,C,2018-10-19,30,New Building
1399990010004,1,C,2018-10-16,32,"Paving, Parking Lot, Slab"
1399990010004,2,C,2018-10-19,30,New Building
1400260010001,1759805,C,2020-01-24,10,New Dwelling - permit
1400260010002,1778347,C,2020-06-25,10,New Dwelling - permit
1400260010003,1778348,C,2020-06-25,10,New Dwelling - permit
1400260010004,1778349,C,2020-06-25,10,New Dwelling - permit
1400260010005,1778350,C,2020-06-25,10,New Dwelling - permit
1400260010006,1778351,C,2020-06-25,10,New Dwelling - permit
1400260010007,1778352,C,2020-06-25,10,New Dwelling - permit
1400260010008,1788266,C,2020-08-07,10,New Dwelling - permit
1400260010009,1788267,C,2020-08-07,10,New Dwelling - permit
1400260010010,1788268,C,2020-08-07,10,New Dwelling - permit
1400260010011,1788269,C,2020-08-07,10,New Dwelling - permit
1400260010012,1788270,C,2020-08-07,10,New Dwelling - permit
1400260010013,1788271,C,2020-08-07,10,New Dwelling - permit
1400260010014,1788272,C,2020-08-07,10,New Dwelling - permit
1400260010015,1788273,C,2020-08-07,10,New Dwelling - permit
1400260010016,1788274,C,2020-08-07,10,New Dwelling - permit
1400260010017,1788275,C,2020-08-07,10,New Dwelling - permit
1400260010018,1788276,C,2020-08-07,10,New Dwelling - permit
1400260010019,1797407,C,2020-10-06,10,New Dwelling - permit
1400260010020,1797408,C,2020-10-06,10,New Dwelling - permit
1400260010021,1797409,C,2020-10-06,10,New Dwelling - permit
1400260010022,1797410,C,2020-10-06,10,New Dwelling - permit
1400260010023,1797411,C,2020-10-06,10,New Dwelling - permit
1400260010024,1805715,C,2020-12-07,10,New Dwelling - permit
1400260010025,1805716,C,2020-12-07,10,New Dwelling - permit
1400260010026,1809761,C,2021-01-20,10,New Dwelling - permit
1400260010027,1809762,C,2021-01-20,10,New Dwelling - permit
1400260010028,1809763,C,2021-01-20,10,New Dwelling - permit
1400260010029,1809764,C,2021-01-20,10,New Dwelling - permit
1400260020001,1809765,C,2021-01-20,10,New Dwelling - permit
1400260020002,1809766,C,2021-01-20,10,New Dwelling - permit
1400260020003,1809767,C,2021-01-20,10,New Dwelling - permit
1400260020004,1809768,C,2021-01-20,10,New Dwelling - permit
1400260020005,1809769,C,2021-01-20,10,New Dwelling - permit
1400260020006,1809770,C,2021-01-20,10,New Dwelling - permit
1400260020007,1809771,C,2021-01-20,10,New Dwelling - permit
1400260020008,1809772,C,2021-01-20,10,New Dwelling - permit
1400260020009,1809773,C,2021-01-20,10,New Dwelling - permit
1400260020010,1809774,C,2021-01-20,10,New Dwelling - permit
1400260030001,1801331,C,2020-11-03,10,New Dwelling - permit
1400260030001,2059904,C,2025-12-02,11,Additions or Remodeling
1400260030002,1801332,C,2020-11-03,10,New Dwelling - permit
1400260030003,1801333,C,2020-11-03,10,New Dwelling - permit
1400260030004,1801334,C,2020-11-03,10,New Dwelling - permit
1400260030005,1801335,C,2020-11-03,10,New Dwelling - permit
1400260030006,1801336,C,2020-11-03,10,New Dwelling - permit
1400260030007,1801337,C,2020-11-03,10,New Dwelling - permit
1400260030008,1801338,C,2020-11-03,10,New Dwelling - permit
1400260030009,1801339,C,2020-11-03,10,New Dwelling - permit
1400260030010,1801340,C,2020-11-03,10,New Dwelling - permit
1400260030011,1801341,C,2020-11-03,10,New Dwelling - permit
1400260030011,1976657,C,2024-04-16,07,Extra Features (OB&Y)
1400260030011,1976658,C,2024-04-16,11,Additions or Remodeling
1400260030012,1801342,C,2020-11-03,10,New Dwelling - permit
1400260030013,1801343,C,2020-11-03,10,New Dwelling - permit
1400260030014,1801344,C,2020-11-03,10,New Dwelling - permit
1400260030015,1801345,C,2020-11-03,10,New Dwelling - permit
1400260030016,1805717,C,2020-12-07,10,New Dwelling - permit
1400260030017,1805718,C,2020-12-07,10,New Dwelling - permit
1400260030018,1805719,C,2020-12-07,10,New Dwelling - permit
1400260030019,1805720,C,2020-12-07,10,New Dwelling - permit
1400260030021,1805722,C,2020-12-07,10,New Dwelling - permit
1400260030022,1797412,C,2020-10-06,10,New Dwelling - permit
1400260030023,1797413,C,2020-10-06,10,New Dwelling - permit
1400260030024,1797414,C,2020-10-06,10,New Dwelling - permit
1400260030025,1797415,C,2020-10-06,10,New Dwelling - permit
1400260030026,1797416,C,2020-10-06,10,New Dwelling - permit
1400260030026,1797417,C,2020-10-06,10,New Dwelling - permit
1400260030027,1,C,2022-02-12,09,New Dwelling - no permit
1400260030027,2040282,C,2025-07-24,11,Additions or Remodeling
1400260030028,1797418,C,2020-10-06,10,New Dwelling - permit
1400260030029,1797419,C,2020-10-06,10,New Dwelling - permit
1400260030030,1797420,C,2020-10-06,10,New Dwelling - permit
1400260030031,1797421,C,2020-10-06,10,New Dwelling - permit
1400260030032,1792613,C,2020-09-01,10,New Dwelling - permit
1400260030033,1792614,C,2020-09-01,10,New Dwelling - permit
1400260030034,1792615,C,2020-09-01,10,New Dwelling - permit
1400260030035,1792616,C,2020-09-01,10,New Dwelling - permit
1400260030036,1792617,C,2020-09-01,10,New Dwelling - permit
1400260030037,1792618,C,2020-09-01,10,New Dwelling - permit
1400260030038,1,C,1899-12-30,10,New Dwelling - permit
1400260030038,1805723,C,2020-12-07,10,New Dwelling - permit
1400260030039,1805724,C,2020-12-07,10,New Dwelling - permit
1400260030040,1805725,C,2020-12-07,10,New Dwelling - permit
1400260030041,1805726,C,2020-12-07,10,New Dwelling - permit
1400260030042,1805727,C,2020-12-07,10,New Dwelling - permit
1400260030043,1805728,C,2020-12-07,10,New Dwelling - permit
1400260030044,1805729,C,2020-12-07,10,New Dwelling - permit
1400260030045,1792619,C,2020-09-01,10,New Dwelling - permit
1400260030046,1792620,C,2020-09-01,10,New Dwelling - permit
1400260030047,1792621,C,2020-09-01,10,New Dwelling - permit
1400260030048,1792622,C,2020-09-01,10,New Dwelling - permit
1400260030049,1792623,C,2020-09-01,10,New Dwelling - permit
1400260030050,1792624,C,2020-09-01,10,New Dwelling - permit
1400260030051,1792625,C,2020-09-01,10,New Dwelling - permit
1400260030052,1792626,C,2020-09-01,10,New Dwelling - permit
1400260030053,1792627,C,2020-09-01,10,New Dwelling - permit
1400260030054,1792628,C,2020-09-01,10,New Dwelling - permit
1400260030055,1792629,C,2020-09-01,10,New Dwelling - permit
1400260030056,1792630,C,2020-09-01,10,New Dwelling - permit
1400260030057,1792631,C,2020-09-01,10,New Dwelling - permit
1400260030058,1792632,C,2020-09-01,10,New Dwelling - permit
1400260030059,1792633,C,2020-09-01,10,New Dwelling - permit
1400260030060,1792634,C,2020-09-01,10,New Dwelling - permit
1400260030061,1792635,C,2020-09-01,10,New Dwelling - permit
1400260030062,1792636,C,2020-09-01,10,New Dwelling - permit
1404440010001,1778445,C,2020-06-02,10,New Dwelling - permit
1404440010002,1783698,C,2020-07-16,10,New Dwelling - permit
1404440010003,1778446,C,2020-06-09,10,New Dwelling - permit
1404440010004,1730051,C,2019-07-30,10,New Dwelling - permit
1404440010005,1739199,C,2019-09-18,10,New Dwelling - permit
1404440010006,1730052,C,2019-07-30,10,New Dwelling - permit
1404440010007,1730053,C,2019-07-30,10,New Dwelling - permit
1404440010008,1730054,C,2019-07-30,10,New Dwelling - permit
1404440010009,1734432,C,2019-08-01,10,New Dwelling - permit
1404440010010,1730055,C,2019-07-30,10,New Dwelling - permit
1404440010011,1734433,C,2019-08-01,10,New Dwelling - permit
1404440010012,1734434,C,2019-08-01,10,New Dwelling - permit
1404440010013,1734435,C,2019-08-01,10,New Dwelling - permit
1404440010014,1734436,C,2019-08-01,10,New Dwelling - permit
1404440010015,1734437,C,2019-08-08,10,New Dwelling - permit
1404440010016,1734438,C,2019-08-01,10,New Dwelling - permit
1404440010017,1734439,C,2019-08-01,10,New Dwelling - permit
1404440010018,1734440,C,2019-08-01,10,New Dwelling - permit
1404440010019,1730056,C,2019-07-30,10,New Dwelling - permit
1404440010020,1730057,C,2019-07-30,10,New Dwelling - permit
1404440010021,1730058,C,2019-07-30,10,New Dwelling - permit
1404440010022,1730059,C,2019-07-30,10,New Dwelling - permit
1404440010023,1730060,C,2019-07-30,10,New Dwelling - permit
1404440020001,1734441,C,2019-08-13,10,New Dwelling - permit
1404440020001,1751314,C,2019-11-18,31,"Addtns, Remodels, Lease Space"
1404440020002,1778447,C,2020-06-17,10,New Dwelling - permit
1404440020003,1730061,C,2019-07-29,10,New Dwelling - permit
1404440020004,1730062,C,2019-07-29,10,New Dwelling - permit
1404440020005,1730063,C,2019-07-29,10,New Dwelling - permit
1404440020006,1730064,C,2019-07-29,10,New Dwelling - permit
1404440020007,1730065,C,2019-07-29,10,New Dwelling - permit
1404440020008,1730066,C,2019-07-31,10,New Dwelling - permit
1404440020009,1730067,C,2019-07-29,10,New Dwelling - permit
1404440030001,1730068,C,2019-07-25,10,New Dwelling - permit
1404440030002,1730069,C,2019-07-25,10,New Dwelling - permit
1404440030003,1730070,C,2019-07-25,10,New Dwelling - permit
1404440030004,1730071,C,2019-07-25,10,New Dwelling - permit
1404440030005,1730072,C,2019-07-25,10,New Dwelling - permit
1404440030006,1730073,C,2019-07-25,10,New Dwelling - permit
1404440030007,1730074,C,2019-07-25,10,New Dwelling - permit
1404440030008,1730075,C,2019-07-25,10,New Dwelling - permit
1404440030009,1730076,C,2019-07-25,10,New Dwelling - permit
1404440030010,1730077,C,2019-07-25,10,New Dwelling - permit
1404440030011,1730078,C,2019-07-25,10,New Dwelling - permit
1404440030012,1730079,C,2019-07-25,10,New Dwelling - permit
1404440030013,1730080,C,2019-07-25,10,New Dwelling - permit
1404440030014,1730081,C,2019-07-25,10,New Dwelling - permit
1404440030015,1730082,C,2019-07-25,10,New Dwelling - permit
1404440030016,1730083,C,2019-07-25,10,New Dwelling - permit
1404440030017,1730084,C,2019-07-25,10,New Dwelling - permit
1404440030018,1730085,C,2019-07-25,10,New Dwelling - permit
1404440030019,1730086,C,2019-07-25,10,New Dwelling - permit
1404440030020,1730087,C,2019-07-25,10,New Dwelling - permit
1404440030021,1730088,C,2019-07-25,10,New Dwelling - permit
1404440030022,1730089,C,2019-07-25,10,New Dwelling - permit
1404440030023,1730090,C,2019-07-25,10,New Dwelling - permit
1404440030024,1730091,C,2019-07-25,10,New Dwelling - permit
1404440040001,1730092,C,2019-07-26,10,New Dwelling - permit
1404440040002,1730093,C,2019-07-26,10,New Dwelling - permit
1404440040003,1730094,C,2019-07-26,10,New Dwelling - permit
1404440040004,1730095,C,2019-07-26,10,New Dwelling - permit
1404440040005,1730096,C,2019-07-26,10,New Dwelling - permit
1404440040006,1730097,C,2019-07-26,10,New Dwelling - permit
1404440040007,1734443,C,2019-08-13,10,New Dwelling - permit
1404440040008,1734444,C,2019-08-20,10,New Dwelling - permit
1404440040009,1734445,C,2019-08-20,10,New Dwelling - permit
1404440040010,1734446,C,2019-08-20,10,New Dwelling - permit
1404440040011,1734447,C,2019-08-20,10,New Dwelling - permit
1404440040012,1734448,C,2019-08-20,10,New Dwelling - permit
1404440040013,1734449,C,2019-08-20,10,New Dwelling - permit
1404440040014,1734450,C,2019-08-20,10,New Dwelling - permit
1404440040015,1734451,C,2019-08-20,10,New Dwelling - permit
1404440040016,1734452,C,2019-08-20,10,New Dwelling - permit
1404440040017,1734453,C,2019-08-20,10,New Dwelling - permit
1404440050001,1759938,C,2020-01-06,10,New Dwelling - permit
1404440050002,1759939,C,2020-01-06,10,New Dwelling - permit
1404440050003,1759940,C,2020-01-06,10,New Dwelling - permit
1404440050004,1759941,C,2020-01-06,10,New Dwelling - permit
1404440050005,1759942,C,2020-01-09,10,New Dwelling - permit
1404440050006,1739200,C,2019-09-23,10,New Dwelling - permit
1404440050007,1739201,C,2019-09-23,10,New Dwelling - permit
1404440060001,1734454,C,2019-08-13,10,New Dwelling - permit
1404440060002,1734455,C,2019-08-20,10,New Dwelling - permit
1404440060003,1734456,C,2019-08-20,10,New Dwelling - permit
1404440060004,1734457,C,2019-08-20,10,New Dwelling - permit
1404440060005,1734458,C,2019-08-20,10,New Dwelling - permit
1404440060006,1734459,C,2019-08-20,10,New Dwelling - permit
1404440060007,1734460,C,2019-08-20,10,New Dwelling - permit
1404440060008,1734461,C,2019-08-26,10,New Dwelling - permit
1404440060009,1739202,C,2019-09-23,10,New Dwelling - permit
1404440060010,1739203,C,2019-09-23,10,New Dwelling - permit
1404440060011,1739204,C,2019-09-23,10,New Dwelling - permit
1404440060012,1739205,C,2019-09-23,10,New Dwelling - permit
1404440060013,1739206,C,2019-09-23,10,New Dwelling - permit
1404440060014,1739207,C,2019-09-23,10,New Dwelling - permit
1404440060015,1739208,C,2019-09-23,10,New Dwelling - permit
1404440060016,1739209,C,2019-09-23,10,New Dwelling - permit
1404440060017,1739210,C,2019-09-23,10,New Dwelling - permit
1404440060018,1739211,C,2019-09-23,10,New Dwelling - permit
1404440070001,1730098,C,2019-07-25,10,New Dwelling - permit
1404440070002,1730099,C,2019-07-26,10,New Dwelling - permit
1404440070003,1730100,C,2019-07-26,10,New Dwelling - permit
1404440070004,1730101,C,2019-07-26,10,New Dwelling - permit
1404440070005,1730102,C,2019-07-26,10,New Dwelling - permit
1404440070006,1730103,C,2019-07-26,10,New Dwelling - permit
1404440070007,1730104,C,2019-07-26,10,New Dwelling - permit
1404440070008,1730105,C,2019-07-26,10,New Dwelling - permit
1404440070009,1730106,C,2019-07-26,10,New Dwelling - permit
1404440070010,1730107,C,2019-07-26,10,New Dwelling - permit
1404440070011,1730108,C,2019-07-26,10,New Dwelling - permit
1404440070012,1730109,C,2019-07-26,10,New Dwelling - permit
1404440070013,1730110,C,2019-07-26,10,New Dwelling - permit
1404440070014,1730111,C,2019-07-26,10,New Dwelling - permit
1404440070015,1730112,C,2019-07-26,10,New Dwelling - permit
1404440070016,1730113,C,2019-07-26,10,New Dwelling - permit
1404440070017,1730114,C,2019-07-26,10,New Dwelling - permit
1404440070018,1730115,C,2019-07-26,10,New Dwelling - permit
1404440070019,1730116,C,2019-07-26,10,New Dwelling - permit
1404440070020,1730117,C,2019-07-26,10,New Dwelling - permit
1404440070021,1730118,C,2019-07-30,10,New Dwelling - permit
1404440070022,1730119,C,2019-07-30,10,New Dwelling - permit
1404440070023,1730120,C,2019-07-30,10,New Dwelling - permit
1404440070024,1730121,C,2019-07-30,10,New Dwelling - permit
1404440070025,1734462,C,2019-08-01,10,New Dwelling - permit
1404440070026,1734463,C,2019-08-01,10,New Dwelling - permit
1404440070027,1734464,C,2019-08-01,10,New Dwelling - permit
1404440070028,1734465,C,2019-08-01,10,New Dwelling - permit
1404440070029,1734466,C,2019-08-01,10,New Dwelling - permit
1404440070030,1734467,C,2019-08-01,10,New Dwelling - permit
1404440070031,1734468,C,2019-08-01,10,New Dwelling - permit
1404440070032,1734469,C,2019-08-01,10,New Dwelling - permit
1404440070033,1734470,C,2019-08-13,10,New Dwelling - permit
1404440070034,1734471,C,2019-08-13,10,New Dwelling - permit
1404440070035,1734472,C,2019-08-13,10,New Dwelling - permit
1404440070036,1734473,C,2019-08-16,10,New Dwelling - permit
1404440070037,1734474,C,2019-08-13,10,New Dwelling - permit
1404440070037,1836627,C,2021-07-29,07,Extra Features (OB&Y)
1404440070038,1734475,C,2019-08-16,10,New Dwelling - permit
1404440070039,1734476,C,2019-08-13,10,New Dwelling - permit
1406270010001,1767744,C,2020-03-23,10,New Dwelling - permit
1406270010002,1770922,C,2020-04-27,10,New Dwelling - permit
1406270010003,1751342,C,2019-11-13,10,New Dwelling - permit
1406270010004,1744598,C,2019-10-09,10,New Dwelling - permit
1406270010005,1767745,C,2020-03-18,10,New Dwelling - permit
1406270010006,1767746,C,2020-03-18,10,New Dwelling - permit
1406270010007,1744599,C,2019-10-09,10,New Dwelling - permit
1406270010008,1788376,C,2020-08-20,10,New Dwelling - permit
1406270010009,1767747,C,2020-03-09,10,New Dwelling - permit
1406270010010,1767748,C,2020-03-09,10,New Dwelling - permit
1406270010011,1751343,C,2019-11-04,10,New Dwelling - permit
1406270010012,1767749,C,2020-03-09,10,New Dwelling - permit
1406270010013,1792761,C,2020-09-09,10,New Dwelling - permit
1406270010014,1767750,C,2020-03-09,10,New Dwelling - permit
1406270010015,1744600,C,2019-10-16,10,New Dwelling - permit
1406270010016,1767751,C,2020-03-09,10,New Dwelling - permit
1406270010017,1767752,C,2020-03-09,10,New Dwelling - permit
1406270010018,1788377,C,2020-08-20,10,New Dwelling - permit
1406270010019,1734512,C,2019-08-28,10,New Dwelling - permit
1406270010020,1767753,C,2020-03-09,10,New Dwelling - permit
1406270010021,1751344,C,2019-11-12,10,New Dwelling - permit
1406270010022,1739660,C,2019-06-24,10,New Dwelling - permit
1406270010023,1767754,C,2020-03-09,10,New Dwelling - permit
1406270010024,1739245,C,2019-09-04,10,New Dwelling - permit
1406270010025,1737100,C,2019-03-28,10,New Dwelling - permit
1406270010026,1737101,C,2019-03-25,10,New Dwelling - permit
1406270010027,1751496,C,2019-07-08,10,New Dwelling - permit
1406270010028,1739246,C,2019-09-23,10,New Dwelling - permit
1406270010029,1739247,C,2019-09-23,10,New Dwelling - permit
1406270010030,1751345,C,2019-11-04,10,New Dwelling - permit
1406270010031,1,C,2019-04-17,10,New Dwelling - permit
1406270010032,1739661,C,2019-06-19,10,New Dwelling - permit
1406270010033,1751497,C,2019-07-08,10,New Dwelling - permit
1406270010034,1,C,2019-05-06,10,New Dwelling - permit
1406270010035,1739273,C,2019-03-28,10,New Dwelling - permit
1406270010036,1734513,C,2019-08-15,10,New Dwelling - permit
1406270010037,1739272,C,2019-03-25,10,New Dwelling - permit
1406270010038,1763655,C,2020-02-19,10,New Dwelling - permit
1406270010039,1734514,C,2019-08-15,10,New Dwelling - permit
1406270010040,1737102,C,2019-03-25,10,New Dwelling - permit
1406270010041,1737103,C,2019-03-25,10,New Dwelling - permit
1406270010042,1737105,C,2019-03-25,10,New Dwelling - permit
1406270010043,1737107,C,2019-03-25,10,New Dwelling - permit
1406270010044,1737109,C,2019-03-25,10,New Dwelling - permit
1406270010045,1737111,C,2019-03-25,10,New Dwelling - permit
1406270010046,1737113,C,2019-03-25,10,New Dwelling - permit
1406270010047,1737115,C,2019-03-25,10,New Dwelling - permit
1406270010048,1737117,C,2019-03-25,10,New Dwelling - permit
1406270010049,1757192,C,2019-05-20,10,New Dwelling - permit
1406270010050,1737118,C,2019-03-25,10,New Dwelling - permit
1406270010051,1737119,C,2019-03-25,10,New Dwelling - permit
1406270010052,1788378,C,2020-08-31,10,New Dwelling - permit
1406270010053,1757193,C,2019-05-06,10,New Dwelling - permit
1406270010054,1734515,C,2019-08-15,10,New Dwelling - permit
1406270010055,1734516,C,2019-08-12,10,New Dwelling - permit
1406270010056,1737116,C,2019-03-25,10,New Dwelling - permit
1406270010057,1737114,C,2019-03-25,10,New Dwelling - permit
1406270010058,1737112,C,2019-03-25,10,New Dwelling - permit
1406270010059,1737110,C,2019-03-25,10,New Dwelling - permit
1406270010060,1737108,C,2019-03-25,10,New Dwelling - permit
1406270010061,1737106,C,2019-03-25,10,New Dwelling - permit
1406270010062,1737104,C,2019-03-25,10,New Dwelling - permit
1406270010063,1734517,C,2019-08-15,10,New Dwelling - permit
1406270010064,1739522,C,2019-05-17,10,New Dwelling - permit
1406270010065,1739523,C,2019-05-13,10,New Dwelling - permit
1406270010066,1739524,C,2019-05-13,10,New Dwelling - permit
1406270010067,1739525,C,2019-05-13,10,New Dwelling - permit
1406270010068,1739526,C,2019-05-13,10,New Dwelling - permit
1406270010069,1739527,C,2019-05-13,10,New Dwelling - permit
1406270010070,1739528,C,2019-05-17,10,New Dwelling - permit
1406270010071,1739529,C,2019-05-13,10,New Dwelling - permit
1406270010072,1739530,C,2019-05-13,10,New Dwelling - permit
1406270010073,1739531,C,2019-05-13,10,New Dwelling - permit
1406270010074,1770923,C,2020-04-29,10,New Dwelling - permit
1406270010075,1,C,1899-12-30,11,Additions or Remodeling
1406270010075,1783769,C,2020-07-06,10,New Dwelling - permit
1406270010076,1774076,C,2020-05-20,10,New Dwelling - permit
1406270010077,1788379,C,2020-08-20,10,New Dwelling - permit
1406270010078,1744601,C,2019-10-09,10,New Dwelling - permit
1406270010079,1751346,C,2019-11-04,10,New Dwelling - permit
1406270010080,1770924,C,2020-04-29,10,New Dwelling - permit
1406270010081,1783770,C,2020-07-27,10,New Dwelling - permit
1406270020001,1783771,C,2020-07-27,10,New Dwelling - permit
1406270020002,1788380,C,2020-08-20,10,New Dwelling - permit
1406270020003,1739387,C,2019-03-18,10,New Dwelling - permit
1406270020004,1788381,C,2020-08-24,10,New Dwelling - permit
1406270020005,1788382,C,2020-08-31,10,New Dwelling - permit
1406270020006,1774077,C,2020-05-11,10,New Dwelling - permit
1406270020007,1767755,C,2020-03-18,10,New Dwelling - permit
1406270020008,1739248,C,2019-09-23,10,New Dwelling - permit
1406270020009,1751347,C,2019-11-04,10,New Dwelling - permit
1406270020010,1739249,C,2019-09-23,10,New Dwelling - permit
1406270020011,1734518,C,2019-08-28,10,New Dwelling - permit
1406270020012,1751348,C,2019-11-04,10,New Dwelling - permit
1406270020013,1739250,C,2019-09-25,10,New Dwelling - permit
1406270020013,1792762,C,2020-09-02,10,New Dwelling - permit
1406270020014,1751349,C,2019-11-04,10,New Dwelling - permit
1406270020015,1767756,C,2020-03-04,10,New Dwelling - permit
1406270020016,1739251,C,2019-09-25,10,New Dwelling - permit
1406270020017,1767757,C,2020-03-09,10,New Dwelling - permit
1406270020018,1755313,C,2019-12-24,10,New Dwelling - permit
1406270020019,1783772,C,2020-07-06,10,New Dwelling - permit
1406270020020,1744602,C,2019-10-16,10,New Dwelling - permit
1406270020021,1767758,C,2020-03-04,10,New Dwelling - permit
1406270020022,1751350,C,2019-11-04,10,New Dwelling - permit
1406270020022,1879092,C,2022-05-17,07,Extra Features (OB&Y)
1406270020023,1734519,C,2019-08-28,10,New Dwelling - permit
1407000010001,1744609,C,2019-10-04,10,New Dwelling - permit
1407000010002,1744610,C,2019-10-04,10,New Dwelling - permit
1407000010003,1744611,C,2019-10-04,10,New Dwelling - permit
1407000010004,1744612,C,2019-10-04,10,New Dwelling - permit
1407000010005,1,C,2019-10-07,10,New Dwelling - permit
1407000010006,1744613,C,2019-10-04,10,New Dwelling - permit
1407000010007,1,C,2019-10-07,10,New Dwelling - permit
1407000020001,1744614,C,2019-10-22,10,New Dwelling - permit
1407000020002,1744615,C,2019-10-22,10,New Dwelling - permit
1407000020003,1744616,C,2019-10-22,10,New Dwelling - permit
1407000020004,1744617,C,2019-10-22,10,New Dwelling - permit
1407000020005,1744618,C,2019-10-22,10,New Dwelling - permit
1407000020006,1744619,C,2019-10-22,10,New Dwelling - permit
1407000020007,1744620,C,2019-10-23,10,New Dwelling - permit
1407000020008,1744621,C,2019-10-23,10,New Dwelling - permit
1407000020009,1744622,C,2019-10-23,10,New Dwelling - permit
1407000020010,1744623,C,2019-10-23,10,New Dwelling - permit
1407000020011,1744624,C,2019-10-23,10,New Dwelling - permit
1407000020012,1744625,C,2019-10-23,10,New Dwelling - permit
1407000020013,1744626,C,2019-10-23,10,New Dwelling - permit
1407000020014,1744627,C,2019-10-23,10,New Dwelling - permit
1407000020015,1744628,C,2019-10-23,10,New Dwelling - permit
1407000020016,1744629,C,2019-10-23,10,New Dwelling - permit
1407000020017,1744630,C,2019-10-23,10,New Dwelling - permit
1407000020018,1744631,C,2019-10-24,10,New Dwelling - permit
1407000030001,1744632,C,2019-10-23,10,New Dwelling - permit
1407000030002,1744633,C,2019-10-23,10,New Dwelling - permit
1407000030003,1744634,C,2019-10-23,10,New Dwelling - permit
1407000030004,1744635,C,2019-10-23,10,New Dwelling - permit
1407000030005,1744636,C,2019-10-23,10,New Dwelling - permit
1407000030006,1744637,C,2019-10-23,10,New Dwelling - permit
1407000030007,1755327,C,2019-12-09,10,New Dwelling - permit
1407000030008,1755328,C,2019-12-09,10,New Dwelling - permit
1407000030009,1755329,C,2019-12-09,10,New Dwelling - permit
1407000030010,1755330,C,2019-12-09,10,New Dwelling - permit
1407000030011,1755331,C,2019-12-09,10,New Dwelling - permit
1407000030012,1755332,C,2019-12-09,10,New Dwelling - permit
1407000030013,1755333,C,2019-12-09,10,New Dwelling - permit
1407000030014,1755334,C,2019-12-09,10,New Dwelling - permit
1407000030015,1755335,C,2019-12-09,10,New Dwelling - permit
1407000030016,1755336,C,2019-12-09,10,New Dwelling - permit
1407000030017,1760080,C,2020-01-06,10,New Dwelling - permit
1407000030018,1760081,C,2020-01-06,10,New Dwelling - permit
1407000030019,1760082,C,2020-01-09,10,New Dwelling - permit
1407000030020,1760083,C,2020-01-09,10,New Dwelling - permit
1407000030021,1760084,C,2020-01-09,10,New Dwelling - permit
1407000030022,1760085,C,2020-01-09,10,New Dwelling - permit
1407000030023,1760086,C,2020-01-09,10,New Dwelling - permit
1407000030024,1760087,C,2020-01-09,10,New Dwelling - permit
1407000030025,1,C,2021-01-08,07,Extra Features (OB&Y)
1407000030025,1744638,C,2019-10-07,10,New Dwelling - permit
1407000030026,1744639,C,2019-10-04,10,New Dwelling - permit
1407000030027,1744640,C,2019-10-04,10,New Dwelling - permit
1407000030028,1744641,C,2019-10-04,10,New Dwelling - permit
1407000030029,1744642,C,2019-10-04,10,New Dwelling - permit
1407000030030,1744643,C,2019-10-04,10,New Dwelling - permit
1407000030031,1744644,C,2019-10-04,10,New Dwelling - permit
1407000030032,1744645,C,2019-10-04,10,New Dwelling - permit
1407000030033,1744646,C,2019-10-04,10,New Dwelling - permit
1407000030034,1744647,C,2019-10-04,10,New Dwelling - permit
1407000030035,1744648,C,2019-10-04,10,New Dwelling - permit
1407000030036,1744649,C,2019-10-07,10,New Dwelling - permit
1407000030037,1744650,C,2019-10-07,10,New Dwelling - permit
1407000030038,1744651,C,2019-10-04,10,New Dwelling - permit
1407000030039,1744652,C,2019-10-04,10,New Dwelling - permit
1407000030040,1744653,C,2019-10-07,10,New Dwelling - permit
1407000030041,1744654,C,2019-10-04,10,New Dwelling - permit
1407000030042,1744655,C,2019-10-04,10,New Dwelling - permit
1407000030043,1744656,C,2019-10-04,10,New Dwelling - permit
1407000030044,1744657,C,2019-10-04,10,New Dwelling - permit
1407000030045,1744658,C,2019-10-04,10,New Dwelling - permit
1407000030046,1744659,C,2019-10-04,10,New Dwelling - permit
1407000030047,1744660,C,2019-10-04,10,New Dwelling - permit
1407000030048,1744661,C,2019-10-04,10,New Dwelling - permit
1407000030049,1744662,C,2019-10-04,10,New Dwelling - permit
1407000030050,1744663,C,2019-10-04,10,New Dwelling - permit
1407490010001,1755387,C,2019-12-18,30,New Building
1407490010001,1778737,C,2020-06-16,30,New Building
1339270010001,1,C,2012-07-12,31,"Addtns, Remodels, Lease Space"
1339270010001,2,C,2012-06-07,30,New Building
1339270010001,3,C,2012-06-07,31,"Addtns, Remodels, Lease Space"
1339270010001,4,C,2012-06-07,31,"Addtns, Remodels, Lease Space"
1339270010001,5,C,2012-06-07,31,"Addtns, Remodels, Lease Space"
1339270010001,6,C,2012-05-09,32,"Paving, Parking Lot, Slab"
1346640010001,1,C,2012-09-19,31,"Addtns, Remodels, Lease Space"
1346640010001,1418273,C,2014-07-08,40,New Building
1346640010001,1708628,C,2019-01-31,31,"Addtns, Remodels, Lease Space"
1346640010001,1971876,C,2024-03-15,31,"Addtns, Remodels, Lease Space"
1347630010001,1,C,2013-12-31,39,New Construction w/o Permit
1347640010001,1,C,2013-11-06,39,New Construction w/o Permit
1347640010001,2,C,2015-12-16,31,"Addtns, Remodels, Lease Space"
1347700020002,1,C,2020-09-24,32,"Paving, Parking Lot, Slab"
1351210010001,1491372,C,2016-04-29,32,"Paving, Parking Lot, Slab"
1351220010001,1,C,2019-05-06,35,Fire Reports
1351220010001,1997648,C,2024-09-26,31,"Addtns, Remodels, Lease Space"
1351750010001,1,C,2013-11-22,32,"Paving, Parking Lot, Slab"
1351750010001,2,C,2013-11-22,30,New Building
1351750010001,3,C,2013-01-28,31,"Addtns, Remodels, Lease Space"
1351750010001,1892930,C,2022-08-18,31,"Addtns, Remodels, Lease Space"
1351750010001,1892931,C,2022-08-04,32,"Paving, Parking Lot, Slab"
1356210010001,1,C,2015-03-12,30,New Building
1356210010001,2,C,2014-07-14,30,New Building
1356300010001,1,C,2014-09-22,30,New Building
1356300010001,2,C,2014-03-28,31,"Addtns, Remodels, Lease Space"
1356300010001,3,C,2014-02-13,31,"Addtns, Remodels, Lease Space"
1356300010001,5,C,2021-01-11,35,Fire Reports
1356700010002,1,C,2014-07-31,30,New Building
1356700010002,2,C,2024-03-03,35,Fire Reports
1356700010002,1471952,C,2015-11-03,30,New Building
1356700010002,1753492,C,2019-12-18,30,New Building
1356700010004,1,C,2014-07-31,30,New Building
1356700010004,2,C,2014-07-31,30,New Building
1356700010004,1504961,C,2016-08-01,31,"Addtns, Remodels, Lease Space"
1356700010004,1509182,C,2016-09-07,31,"Addtns, Remodels, Lease Space"
1356700010006,1,C,2016-09-07,31,"Addtns, Remodels, Lease Space"
1356700010006,2,C,2014-07-31,30,New Building
1356700010006,1551468,C,2017-08-01,31,"Addtns, Remodels, Lease Space"
1356700010006,1654671,C,2018-03-06,31,"Addtns, Remodels, Lease Space"
1356700010007,1,C,2014-07-31,30,New Building
1356700010007,2,C,2016-08-01,31,"Addtns, Remodels, Lease Space"
1356700010008,1,C,2016-09-07,31,"Addtns, Remodels, Lease Space"
1356700010008,2,C,2014-07-31,30,New Building
1362500010001,1478957,C,2016-01-22,10,New Dwelling - permit
1362500010002,1497350,C,2016-06-24,10,New Dwelling - permit
1362500010003,1476370,C,2015-08-03,10,New Dwelling - permit
1362500010004,1,C,2015-09-16,10,New Dwelling - permit
1362500010005,1,C,2015-09-16,10,New Dwelling - permit
1362500010006,1475953,C,2015-06-30,10,New Dwelling - permit
1362500010007,1475951,C,2015-06-30,10,New Dwelling - permit
1362500010008,1475955,C,2015-06-30,10,New Dwelling - permit
1362500010009,1511802,C,2016-10-21,10,New Dwelling - permit
1362500010010,1475954,C,2015-06-30,10,New Dwelling - permit
1362500010011,1475952,C,2015-06-30,10,New Dwelling - permit
1362500010012,1496132,C,2016-06-06,10,New Dwelling - permit
1362500010013,1497351,C,2016-06-24,10,New Dwelling - permit
1362500010014,1485673,C,2016-05-02,10,New Dwelling - permit
1362500010015,1500803,C,2016-07-19,10,New Dwelling - permit
1362500010016,1465234,C,2015-10-26,10,New Dwelling - permit
1362500010017,1468976,C,2015-11-24,10,New Dwelling - permit
1362500010018,1481786,C,2016-02-10,10,New Dwelling - permit
1362500010019,1465235,C,2015-10-26,10,New Dwelling - permit
1362500010020,1496587,C,2016-06-14,10,New Dwelling - permit
1362500010021,1468975,C,2015-11-24,10,New Dwelling - permit
1362500010022,1538754,C,2017-05-12,10,New Dwelling - permit
1362500010023,1862038,C,2022-01-11,10,New Dwelling - permit
1362500010024,1862039,C,2022-01-20,10,New Dwelling - permit
1362500010025,1854022,C,2021-11-17,10,New Dwelling - permit
1362500010026,1500802,C,2016-07-19,10,New Dwelling - permit
1362500010027,1479284,C,2016-02-01,10,New Dwelling - permit
1362500010028,1492045,C,2016-05-16,10,New Dwelling - permit
1362500010029,1491912,C,2016-05-12,10,New Dwelling - permit
1362500010030,1472628,C,2015-12-16,10,New Dwelling - permit
1362500010031,1511803,C,2016-10-21,10,New Dwelling - permit
1362500010032,1478958,C,2016-01-22,10,New Dwelling - permit
1362500010033,1487736,C,2016-03-10,10,New Dwelling - permit
1362500010034,1491913,C,2016-05-12,10,New Dwelling - permit
1362500010035,1482305,C,2016-02-22,10,New Dwelling - permit
1362500010036,1503758,C,2016-08-08,10,New Dwelling - permit
1362500010037,1507946,C,2016-09-08,10,New Dwelling - permit
1362500010038,2,C,2016-01-26,10,New Dwelling - permit
1362500010039,1496405,C,2016-06-10,10,New Dwelling - permit
1362500010040,1491440,C,2016-05-04,10,New Dwelling - permit
1362500010041,1487737,C,2016-03-10,10,New Dwelling - permit
1362500010042,1858293,C,2021-12-07,10,New Dwelling - permit
1362500010043,1469173,C,2015-12-02,10,New Dwelling - permit
1362500010044,1854023,C,2021-11-17,10,New Dwelling - permit
1362800010001,1493219,C,2016-11-18,31,"Addtns, Remodels, Lease Space"
1362800010001,1493220,C,2016-08-03,31,"Addtns, Remodels, Lease Space"
1362800010001,1551491,C,2017-08-22,31,"Addtns, Remodels, Lease Space"
1362800010001,1554680,C,2017-09-22,31,"Addtns, Remodels, Lease Space"
1362800010001,1671764,C,2018-06-04,31,"Addtns, Remodels, Lease Space"
1362800010001,1681704,C,2018-08-27,31,"Addtns, Remodels, Lease Space"
1362800010003,1,C,2016-05-06,31,"Addtns, Remodels, Lease Space"
1362800010006,1565441,C,2017-11-21,31,"Addtns, Remodels, Lease Space"
1362800010006,1565442,C,2017-11-21,31,"Addtns, Remodels, Lease Space"
1362800010006,1662457,C,2018-05-09,31,"Addtns, Remodels, Lease Space"
1362800010006,1662458,C,2018-05-29,31,"Addtns, Remodels, Lease Space"
1362800010006,1671765,C,2018-06-06,31,"Addtns, Remodels, Lease Space"
1362800010006,2038904,M,2025-07-28,31,"Addtns, Remodels, Lease Space"
1364610020001,2,C,2016-08-09,30,New Building
1364610020002,2,C,2016-08-09,30,New Building
1364610020004,2,C,2018-03-28,31,"Addtns, Remodels, Lease Space"
1364610020004,3,C,2016-08-09,30,New Building
1364610020007,2,C,2016-08-09,30,New Building
1364610020007,3,C,2018-02-05,31,"Addtns, Remodels, Lease Space"
1364610020007,4,C,2018-01-08,31,"Addtns, Remodels, Lease Space"
1364610020008,2,C,2016-08-09,30,New Building
1364610020008,3,C,2018-06-27,31,"Addtns, Remodels, Lease Space"
1364610020009,2,C,2019-02-11,30,New Building
1364610030002,1,C,2018-07-03,30,New Building
1366410010001,1477345,C,2015-06-18,10,New Dwelling - permit
1366410010002,1477355,C,2015-06-18,10,New Dwelling - permit
1366410010003,1477423,C,2015-07-28,10,New Dwelling - permit
1366410010004,1477422,C,2015-07-28,10,New Dwelling - permit
1366410010005,1477416,C,2015-07-17,10,New Dwelling - permit
1366410010006,1477414,C,2015-07-17,10,New Dwelling - permit
1366410010007,1477425,C,2015-07-29,10,New Dwelling - permit
1366410010008,1477347,C,2015-06-18,10,New Dwelling - permit
1366410010009,1,C,2016-08-10,09,New Dwelling - no permit
1366410010010,1477350,C,2015-06-18,10,New Dwelling - permit
1366410010010,1770541,C,2020-04-01,07,Extra Features (OB&Y)
1366410010011,1477413,C,2015-07-17,10,New Dwelling - permit
1366410010012,1477346,C,2015-06-18,10,New Dwelling - permit
1366410010013,1477354,C,2015-06-18,10,New Dwelling - permit
1366410010014,1477322,C,2015-06-18,10,New Dwelling - permit
1366410010014,1477703,C,2015-11-17,10,New Dwelling - permit
1366410010015,1477319,C,2015-06-18,10,New Dwelling - permit
1366410010016,1477424,C,2015-07-28,10,New Dwelling - permit
1366410010017,1477426,C,2015-07-29,10,New Dwelling - permit
1366410010018,1477323,C,2015-06-18,10,New Dwelling - permit
1366410010019,1477320,C,2015-06-18,10,New Dwelling - permit
1366410010020,1477312,C,2015-06-18,10,New Dwelling - permit
1366410010021,1477415,C,2015-07-17,10,New Dwelling - permit
1366410010022,1,C,1899-12-30,09,New Dwelling - no permit
1366410010023,1477317,C,2015-06-18,10,New Dwelling - permit
1366410010024,1477316,C,2015-06-18,10,New Dwelling - permit
1366410010025,1477315,C,2015-06-18,10,New Dwelling - permit
1366410010026,1477326,C,2015-06-18,10,New Dwelling - permit
1366410010026,1878986,C,2022-05-05,11,Additions or Remodeling
1366410010027,1477321,C,2015-06-18,10,New Dwelling - permit
1366410020001,1477351,C,2015-06-18,10,New Dwelling - permit
1366410020002,1477357,C,2015-06-18,10,New Dwelling - permit
1366410020003,1477353,C,2015-06-18,10,New Dwelling - permit
1366410020004,1477409,C,2015-07-13,10,New Dwelling - permit
1366410020005,1477356,C,2015-06-18,10,New Dwelling - permit
1366410020006,1477348,C,2015-06-18,10,New Dwelling - permit
1366410020007,1477349,C,2015-06-18,10,New Dwelling - permit
1366410020008,1477352,C,2015-06-18,10,New Dwelling - permit
1366410020009,1477325,C,2015-06-18,10,New Dwelling - permit
1366410020010,1477324,C,2015-06-18,10,New Dwelling - permit
1366410020011,1477417,C,2015-07-17,10,New Dwelling - permit
1366410020012,1477318,C,2015-06-18,10,New Dwelling - permit
1366410020013,1477466,C,2015-08-07,10,New Dwelling - permit
1366410020014,1477311,C,2015-06-18,10,New Dwelling - permit
1366410020015,1477328,C,2015-06-18,10,New Dwelling - permit
1366410020016,1477313,C,2015-06-18,10,New Dwelling - permit
1366410020017,1477327,C,2015-06-18,10,New Dwelling - permit
1366410020018,1477468,C,2015-08-18,10,New Dwelling - permit
1366410030001,1477467,C,2015-08-18,10,New Dwelling - permit
1366710000001,1,C,2016-07-01,30,New Building
1367900010001,1,C,2016-04-12,31,"Addtns, Remodels, Lease Space"
1371120010001,1485372,C,2016-04-25,10,New Dwelling - permit
1371120010002,1491907,C,2016-05-12,10,New Dwelling - permit
1371120010003,1485500,C,2016-04-28,10,New Dwelling - permit
1371120010004,1485441,C,2016-04-27,10,New Dwelling - permit
1371120010005,1485443,C,2016-04-27,10,New Dwelling - permit
1371120010006,1496940,C,2016-06-20,10,New Dwelling - permit
1371120010007,1485442,C,2016-04-27,10,New Dwelling - permit
1371120010008,1496943,C,2016-06-20,10,New Dwelling - permit
1371120010009,1492104,C,2016-05-17,10,New Dwelling - permit
1371120010010,1491630,C,2016-05-09,10,New Dwelling - permit
1371120010011,1488341,C,2016-03-29,10,New Dwelling - permit
1371120010012,1492105,C,2016-05-17,10,New Dwelling - permit
1371120010013,1501074,C,2016-07-25,10,New Dwelling - permit
1371120010014,1508387,C,2016-09-19,10,New Dwelling - permit
1371120010015,1492429,C,2016-05-24,10,New Dwelling - permit
1371120010016,1495451,C,2016-01-07,10,New Dwelling - permit
1371120010017,1488482,C,2016-03-31,10,New Dwelling - permit
1371120010018,1508390,C,2016-09-19,10,New Dwelling - permit
1371120010019,1491908,C,2016-05-12,10,New Dwelling - permit
1371120010020,1477735,C,2015-12-31,10,New Dwelling - permit
1371120010021,1482265,C,2016-02-19,10,New Dwelling - permit
1371120010022,1503429,C,2016-08-01,10,New Dwelling - permit
1371120010023,1503428,C,2016-08-01,10,New Dwelling - permit
1371120010024,1496235,C,2016-06-08,10,New Dwelling - permit
1371120010025,1488340,C,2016-03-29,10,New Dwelling - permit
1371120010026,1496258,C,2016-06-08,10,New Dwelling - permit
1371120010027,1487885,C,2016-03-14,10,New Dwelling - permit
1371120010028,1477730,C,2015-12-24,10,New Dwelling - permit
1371120010029,1487863,C,2016-03-14,10,New Dwelling - permit
1371120010030,1487862,C,2016-03-14,10,New Dwelling - permit
1371120020001,1497292,C,2016-06-24,10,New Dwelling - permit
1371120020002,1504327,C,2016-08-19,10,New Dwelling - permit
1371120020003,1500509,C,2016-07-13,10,New Dwelling - permit
1371120020004,1492106,C,2016-05-17,10,New Dwelling - permit
1371120020004,1703627,C,2019-01-17,11,Additions or Remodeling
1371120020005,1508388,C,2016-09-19,10,New Dwelling - permit
1371120020006,1492428,C,2016-05-24,10,New Dwelling - permit
1371120020007,1501075,C,2016-07-25,10,New Dwelling - permit
1371120020008,1,C,2017-06-19,09,New Dwelling - no permit
1371120020009,1500510,C,2016-07-13,10,New Dwelling - permit
1371120020010,1508389,C,2016-09-19,10,New Dwelling - permit
1371120020011,1481498,C,2016-02-04,10,New Dwelling - permit
1371120020012,1477729,C,2015-12-24,10,New Dwelling - permit
1371120020013,1477737,C,2015-12-31,10,New Dwelling - permit
1371120020014,1488169,C,2016-03-23,10,New Dwelling - permit
1371120020015,1482266,C,2016-02-19,10,New Dwelling - permit
1371120020016,1494782,C,2016-01-21,10,New Dwelling - permit
1371120020017,1496259,C,2016-06-08,10,New Dwelling - permit
1371120020018,1477736,C,2015-12-31,10,New Dwelling - permit
1371120020019,1494769,C,2016-01-07,10,New Dwelling - permit
1371120020020,1494770,C,2016-01-07,10,New Dwelling - permit
1371120020021,1477732,C,2015-12-29,10,New Dwelling - permit
1372450010001,1,C,2014-08-05,31,"Addtns, Remodels, Lease Space"
1382920010002,1,C,2016-06-30,30,New Building
1382920010002,2,C,2024-11-19,35,Fire Reports
1382920010002,1856644,C,2021-12-03,31,"Addtns, Remodels, Lease Space"
1383930010001,1528449,C,2017-02-15,31,"Addtns, Remodels, Lease Space"
1384720010001,1,C,2025-12-08,35,Fire Reports
1384720010002,1,M,2026-01-20,30,New Building
1384730010001,1,C,2024-05-22,84,Exempt Property
1385820010001,1,C,2017-11-02,30,New Building
1386530010001,2,C,2017-01-12,41,"Rep, Addtn, Rmdl, Fire Dam"
1393820010001,1,C,2018-11-13,35,Fire Reports
1393830010001,1,C,2017-10-25,30,New Building
1394060010001,1,C,2017-06-30,32,"Paving, Parking Lot, Slab"
1394060010001,1960960,C,2023-12-20,31,"Addtns, Remodels, Lease Space"
1395310010001,3,C,2019-09-05,35,Fire Reports
1395310010001,1858863,C,2021-12-14,30,New Building
1395310010001,2034360,C,2025-06-20,31,"Addtns, Remodels, Lease Space"
1395310010001,2042799,C,2025-08-01,31,"Addtns, Remodels, Lease Space"
1395310010001,2042800,C,2025-08-26,30,New Building
1397170010001,1729699,C,2019-07-02,31,"Addtns, Remodels, Lease Space"
1397170010001,1767448,C,2020-03-10,30,New Building
1397170010001,1767449,C,2020-03-10,30,New Building
1397170010001,1767450,C,2020-03-10,30,New Building
1397170010001,1767451,C,2020-03-10,30,New Building
1397170010001,1767452,C,2020-03-10,10,New Dwelling - permit
1397170010001,1767453,C,2020-03-26,30,New Building
1397170010001,1767454,C,2020-03-10,30,New Building
1397170010001,1767455,C,2020-03-26,84,Exempt Property
1397170010001,1767456,C,2020-03-10,30,New Building
1397170010001,1767457,C,2020-03-10,30,New Building
1397170010001,1767458,C,2020-03-10,10,New Dwelling - permit
1397170010001,1767459,C,2020-03-10,30,New Building
1397170010001,1767460,C,2020-03-10,10,New Dwelling - permit
1397170010001,1767461,C,2020-03-10,10,New Dwelling - permit
1397170010001,1767462,C,2020-03-10,30,New Building
1397170010001,1767463,C,2020-03-10,10,New Dwelling - permit
1397170010001,1767464,C,2020-03-10,30,New Building
1397170010001,1767465,C,2020-03-10,30,New Building
1397170010001,1767466,C,2020-03-10,30,New Building
1397170010001,1767467,C,2020-03-26,31,"Addtns, Remodels, Lease Space"
1397170010001,1767468,C,2020-03-26,30,New Building
1397170010001,1767469,C,2020-03-10,30,New Building
1397170010001,1768136,C,2020-02-05,32,"Paving, Parking Lot, Slab"
1397170010001,1797386,C,2020-10-06,31,"Addtns, Remodels, Lease Space"
1397170010001,1920994,C,2023-03-14,32,"Paving, Parking Lot, Slab"
1397170010001,2028233,C,2025-04-17,32,"Paving, Parking Lot, Slab"
1397170010001,2052045,C,2025-10-07,31,"Addtns, Remodels, Lease Space"
1398070010001,1,C,2017-06-14,30,New Building
1399220010001,1685740,C,2018-09-27,31,"Addtns, Remodels, Lease Space"
1399220010001,1685741,C,2018-09-27,31,"Addtns, Remodels, Lease Space"
1399220010001,1685742,C,2018-07-27,30,New Building
1399220010001,1783570,C,2020-07-06,31,"Addtns, Remodels, Lease Space"
1399220010001,1805695,C,2020-12-31,31,"Addtns, Remodels, Lease Space"
1399220010001,1805696,C,2020-12-31,31,"Addtns, Remodels, Lease Space"
1399220010001,1821926,C,2021-04-12,31,"Addtns, Remodels, Lease Space"
1399220010001,1836610,C,2021-07-24,31,"Addtns, Remodels, Lease Space"
1399220010001,1874825,C,2022-04-16,31,"Addtns, Remodels, Lease Space"
1401360010001,1,C,2018-06-04,30,New Building
1401360010001,2,C,2018-06-04,31,"Addtns, Remodels, Lease Space"
1401360010001,3,C,2018-06-04,30,New Building
1401360010001,4,C,2018-06-04,30,New Building
1401360010001,5,C,2018-06-04,30,New Building
1401360010001,6,C,2018-06-04,30,New Building
1336330010001,2,C,2012-07-30,33,Commercial Demolition
1336330010001,3,C,2012-02-10,30,New Building
1336330010001,4,C,2011-07-01,31,"Addtns, Remodels, Lease Space"
1336390010001,1351674,C,2013-04-23,10,New Dwelling - permit
1336390010001,1783225,C,2020-07-17,07,Extra Features (OB&Y)
1336390010002,1344129,C,2013-03-04,10,New Dwelling - permit
1336390010003,1351675,C,2013-04-23,10,New Dwelling - permit
1336390010004,1347898,C,2013-02-08,10,New Dwelling - permit
1336390010005,1347897,C,2013-02-08,10,New Dwelling - permit
1336390010006,1351834,C,2013-04-25,10,New Dwelling - permit
1336390010007,1351676,C,2013-04-23,10,New Dwelling - permit
1336390010008,1387609,C,2014-02-07,10,New Dwelling - permit
1336390010009,1372051,C,2013-10-09,10,New Dwelling - permit
1336390010010,1398389,C,2014-04-14,10,New Dwelling - permit
1336390010011,1350868,C,2013-04-05,10,New Dwelling - permit
1336390010011,1359150,C,2013-06-07,10,New Dwelling - permit
1336390010012,1359477,C,2013-06-14,10,New Dwelling - permit
1336390010013,1382183,C,2013-12-10,10,New Dwelling - permit
1336390010014,1371321,C,2013-09-20,10,New Dwelling - permit
1336390010015,1382085,C,2013-12-06,10,New Dwelling - permit
1336390010016,1382470,C,2013-12-17,10,New Dwelling - permit
1336390010017,1387162,C,2014-01-30,10,New Dwelling - permit
1336390010018,1382471,C,2013-12-17,10,New Dwelling - permit
1336390010019,1345132,C,2013-03-22,10,New Dwelling - permit
1336390010020,1344439,C,2013-03-08,10,New Dwelling - permit
1336390010020,1359149,C,2013-06-07,10,New Dwelling - permit
1336390010021,1347890,C,2013-02-01,10,New Dwelling - permit
1336390010022,1359476,C,2013-06-14,10,New Dwelling - permit
1336390010023,1356316,C,2013-05-31,10,New Dwelling - permit
1336390010024,1344434,C,2013-03-08,10,New Dwelling - permit
1336390010025,1347905,C,2013-02-25,10,New Dwelling - permit
1336390010026,1344443,C,2013-03-08,10,New Dwelling - permit
1336390010026,1359148,C,2013-06-07,10,New Dwelling - permit
1336390010027,1382388,C,2013-12-16,10,New Dwelling - permit
1336390010028,1356063,C,2013-05-28,10,New Dwelling - permit
1336390010028,1878923,C,2022-05-13,07,Extra Features (OB&Y)
1336390010029,1393858,C,2014-03-11,10,New Dwelling - permit
1336390010029,1439687,C,2015-04-29,07,Extra Features (OB&Y)
1336390010030,1351682,C,2013-04-23,10,New Dwelling - permit
1336390010031,1394845,C,2014-03-27,10,New Dwelling - permit
1336390010032,1387384,C,2014-02-03,10,New Dwelling - permit
1336390010033,1344424,C,2013-03-08,10,New Dwelling - permit
1336390010034,1344444,C,2013-03-08,10,New Dwelling - permit
1336390010034,1359151,C,2013-06-07,10,New Dwelling - permit
1336390010035,1394811,C,2014-03-26,10,New Dwelling - permit
1336390010036,1394812,C,2014-03-26,10,New Dwelling - permit
1336390010037,1344436,C,2013-03-08,10,New Dwelling - permit
1336390010038,1347891,C,2013-02-01,10,New Dwelling - permit
1336390010039,1394601,C,2014-03-24,10,New Dwelling - permit
1336390010040,1398388,C,2014-04-14,10,New Dwelling - permit
1336390010041,1394507,C,2014-03-21,10,New Dwelling - permit
1336390010042,1347906,C,2013-02-25,10,New Dwelling - permit
1336390010043,1360390,C,2013-07-05,10,New Dwelling - permit
1336390010044,1344437,C,2013-03-08,10,New Dwelling - permit
1336390010044,1359153,C,2013-06-07,10,New Dwelling - permit
1336390010045,1344435,C,2013-03-08,10,New Dwelling - permit
1336390010046,1402309,C,2014-05-02,10,New Dwelling - permit
1336390010047,1402308,C,2014-05-02,10,New Dwelling - permit
1336390010048,1419431,C,2014-10-16,10,New Dwelling - permit
1336390020001,1347907,C,2013-02-25,10,New Dwelling - permit
1336390020002,1344423,C,2013-03-08,10,New Dwelling - permit
1336390020002,1359152,C,2013-06-07,10,New Dwelling - permit
1336390020003,1387628,C,2014-02-07,10,New Dwelling - permit
1336390020004,1415889,C,2014-09-17,10,New Dwelling - permit
1336390020005,1416080,C,2014-09-23,10,New Dwelling - permit
1336390020006,1415890,C,2014-09-17,10,New Dwelling - permit
1336390020007,1412760,C,2014-08-18,10,New Dwelling - permit
1336390020008,1359154,C,2013-06-07,10,New Dwelling - permit
1336390020009,1344438,C,2013-03-08,10,New Dwelling - permit
1336390020009,1359155,C,2013-06-07,10,New Dwelling - permit
1336390020010,1371113,C,2013-09-16,10,New Dwelling - permit
1336390020011,1387615,C,2014-02-07,10,New Dwelling - permit
1336390020012,1386817,C,2014-01-21,10,New Dwelling - permit
1336390020013,1356315,C,2013-05-31,10,New Dwelling - permit
1336390020014,1382082,C,2013-12-06,10,New Dwelling - permit
1336390020016,1382613,C,2013-12-23,10,New Dwelling - permit
1336390020017,1382184,C,2013-12-10,10,New Dwelling - permit
1336390020018,1356062,C,2013-05-28,10,New Dwelling - permit
1336390020019,1394810,C,2014-03-26,10,New Dwelling - permit
1336560010001,1,C,2012-08-29,30,New Building
1337040000001,1,C,2016-07-19,07,Extra Features (OB&Y)
1285760010001,1387414,C,2014-02-04,32,"Paving, Parking Lot, Slab"
1285870010001,1,C,2007-03-12,32,"Paving, Parking Lot, Slab"
1285870010001,2,C,2007-03-12,30,New Building
1285870010001,4,C,2007-08-30,32,"Paving, Parking Lot, Slab"
1285870010001,1108533,C,2007-01-08,30,New Building
1285870010001,1108534,C,2007-01-08,32,"Paving, Parking Lot, Slab"
1285870010001,1108541,C,2007-05-31,31,"Addtns, Remodels, Lease Space"
1285870010001,1109184,C,2007-05-31,31,"Addtns, Remodels, Lease Space"
1285870010001,1316449,C,2012-07-16,32,"Paving, Parking Lot, Slab"
1285870010001,1327813,C,2012-10-26,30,New Building
1285870010001,1327814,C,2012-10-26,32,"Paving, Parking Lot, Slab"
1285870010002,1,C,2007-03-12,32,"Paving, Parking Lot, Slab"
1285870010002,2,C,2007-03-12,30,New Building
1285870010002,3,C,2007-08-30,32,"Paving, Parking Lot, Slab"
1285870010002,4,C,2007-01-08,30,New Building
1285870010002,5,C,2007-01-08,32,"Paving, Parking Lot, Slab"
1285870010002,6,C,2007-05-31,31,"Addtns, Remodels, Lease Space"
1285870010002,7,C,2007-05-31,31,"Addtns, Remodels, Lease Space"
1285870010003,1,C,2007-03-12,32,"Paving, Parking Lot, Slab"
1285870010003,2,C,2007-03-12,30,New Building
1285870010003,3,C,2007-08-30,32,"Paving, Parking Lot, Slab"
1285870010003,4,C,2007-01-08,30,New Building
1285870010003,5,C,2007-01-08,32,"Paving, Parking Lot, Slab"
1285870010003,6,C,2007-05-31,31,"Addtns, Remodels, Lease Space"
1285870010003,7,C,2007-05-31,31,"Addtns, Remodels, Lease Space"
1285870010003,1160038,C,2008-09-08,32,"Paving, Parking Lot, Slab"
1285870010003,1160039,C,2008-09-08,30,New Building
1285870010003,1160040,C,2008-09-08,31,"Addtns, Remodels, Lease Space"
1285870010003,1160041,C,2008-09-08,31,"Addtns, Remodels, Lease Space"
1285870010003,1182379,C,2009-06-08,31,"Addtns, Remodels, Lease Space"
1285870010003,1490823,C,2016-03-16,31,"Addtns, Remodels, Lease Space"
1285870010003,2040135,C,2025-07-24,31,"Addtns, Remodels, Lease Space"
1285870010004,1,C,2007-03-12,32,"Paving, Parking Lot, Slab"
1285870010004,2,C,2007-03-12,30,New Building
1285870010004,3,C,2007-08-30,32,"Paving, Parking Lot, Slab"
1285870010004,4,C,2007-01-08,30,New Building
1285870010004,5,C,2007-01-08,32,"Paving, Parking Lot, Slab"
1285870010004,6,C,2007-05-31,31,"Addtns, Remodels, Lease Space"
1285870010004,7,C,2007-05-31,31,"Addtns, Remodels, Lease Space"
1285870010004,1503435,C,2016-08-02,32,"Paving, Parking Lot, Slab"
1285870010004,1503437,C,2016-08-02,30,New Building
1285870010004,1545828,C,2017-07-26,31,"Addtns, Remodels, Lease Space"
1285870010004,1566084,C,2017-11-02,31,"Addtns, Remodels, Lease Space"
1285870010004,1649359,C,2018-02-15,31,"Addtns, Remodels, Lease Space"
1285870010004,1650997,C,2018-03-09,31,"Addtns, Remodels, Lease Space"
1285870010004,1655473,C,2018-04-19,31,"Addtns, Remodels, Lease Space"
1285870010004,1672595,C,2018-07-06,31,"Addtns, Remodels, Lease Space"
1285870010004,1678202,C,2018-08-27,31,"Addtns, Remodels, Lease Space"
1285870010004,1678203,C,2018-08-15,31,"Addtns, Remodels, Lease Space"
1285870010004,1853889,C,2021-11-18,31,"Addtns, Remodels, Lease Space"
1285870010004,1905000,C,2022-11-11,31,"Addtns, Remodels, Lease Space"
1285870010004,1920818,C,2023-03-01,31,"Addtns, Remodels, Lease Space"
1285870010004,1949023,C,2023-09-06,31,"Addtns, Remodels, Lease Space"
1285870010005,1,C,2024-08-01,31,"Addtns, Remodels, Lease Space"
1285870010005,2,M,2024-03-19,30,New Building
1285870010005,3,C,2024-02-02,32,"Paving, Parking Lot, Slab"
1286710010001,1485321,C,2016-04-21,32,"Paving, Parking Lot, Slab"
1286710010001,1485459,C,2016-04-27,30,New Building
1286710010001,1534613,C,2017-04-26,30,New Building
1288200010001,1909735,C,2022-12-06,31,"Addtns, Remodels, Lease Space"
1288200010001,1953195,C,2023-10-30,32,"Paving, Parking Lot, Slab"
1288750010001,1,C,2006-10-04,32,"Paving, Parking Lot, Slab"
1288750010001,2,C,2006-10-04,30,New Building
1288750010001,1372893,C,2013-10-24,32,"Paving, Parking Lot, Slab"
1288830010001,1,C,2006-12-05,32,"Paving, Parking Lot, Slab"
1288830010001,2,C,2006-12-05,30,New Building
1288830010001,3,C,2006-12-05,31,"Addtns, Remodels, Lease Space"
1291010010001,3,C,2007-10-30,30,New Building
1291010010001,4,C,2007-10-24,31,"Addtns, Remodels, Lease Space"
1291010010001,5,C,2007-05-25,31,"Addtns, Remodels, Lease Space"
1291010010001,6,C,2007-05-25,31,"Addtns, Remodels, Lease Space"
1291010010001,1159731,C,2008-08-28,31,"Addtns, Remodels, Lease Space"
1291010010001,1177498,C,2009-01-27,31,"Addtns, Remodels, Lease Space"
1291010010001,1183869,C,2009-07-10,31,"Addtns, Remodels, Lease Space"
1291010010001,1225352,C,2010-03-16,31,"Addtns, Remodels, Lease Space"
1291010010001,1226496,C,2010-04-29,31,"Addtns, Remodels, Lease Space"
1291010010001,1240092,C,2010-08-31,31,"Addtns, Remodels, Lease Space"
1291010010001,1312083,C,2012-05-31,31,"Addtns, Remodels, Lease Space"
1291010010001,1411349,C,2014-07-17,31,"Addtns, Remodels, Lease Space"
1291010010001,1412025,C,2014-08-01,31,"Addtns, Remodels, Lease Space"
1291010010001,1430609,C,2015-02-13,31,"Addtns, Remodels, Lease Space"
1291010010001,1450864,C,2015-07-17,31,"Addtns, Remodels, Lease Space"
1291010010001,1479257,C,2016-02-01,31,"Addtns, Remodels, Lease Space"
1291010010001,1541470,C,2017-06-15,31,"Addtns, Remodels, Lease Space"
1291010010001,1678209,C,2018-08-20,31,"Addtns, Remodels, Lease Space"
1291010010001,1777852,C,2020-06-30,31,"Addtns, Remodels, Lease Space"
1291010010001,1865733,C,2022-02-15,31,"Addtns, Remodels, Lease Space"
1291010010001,1887789,C,2022-07-31,31,"Addtns, Remodels, Lease Space"
1291010010001,1953199,C,2023-10-27,31,"Addtns, Remodels, Lease Space"
1291010010001,2014997,C,2025-01-10,31,"Addtns, Remodels, Lease Space"
1291010010001,2044078,C,2025-08-12,31,"Addtns, Remodels, Lease Space"
1291010010001,2051872,C,2025-10-03,31,"Addtns, Remodels, Lease Space"
1291010010001,2051873,C,2025-10-27,31,"Addtns, Remodels, Lease Space"
1291600010001,1,C,2007-09-14,31,"Addtns, Remodels, Lease Space"
1291600010001,2,C,2007-03-19,31,"Addtns, Remodels, Lease Space"
1291600010001,3,C,2007-03-19,31,"Addtns, Remodels, Lease Space"
1291600010001,4,C,2017-03-31,35,Fire Reports
1291600010004,1,C,2007-09-14,31,"Addtns, Remodels, Lease Space"
1291600010004,2,C,2007-03-19,31,"Addtns, Remodels, Lease Space"
1291600010004,3,C,2007-03-19,31,"Addtns, Remodels, Lease Space"
1291600010004,4,C,2024-09-05,35,Fire Reports
1299080010001,1,C,2008-08-08,30,New Building
1299470010001,1733672,C,2019-08-15,32,"Paving, Parking Lot, Slab"
1299680010001,3,C,2014-01-15,31,"Addtns, Remodels, Lease Space"
1299680010001,4,C,2013-05-14,31,"Addtns, Remodels, Lease Space"
1299680010001,1710758,C,2019-03-27,31,"Addtns, Remodels, Lease Space"
1299680010001,2001890,M,2024-10-09,31,"Addtns, Remodels, Lease Space"
1300030010001,3,C,2013-12-13,31,"Addtns, Remodels, Lease Space"
1300030010001,4,C,2014-04-25,31,"Addtns, Remodels, Lease Space"
1300300010001,1,C,2011-08-17,31,"Addtns, Remodels, Lease Space"
1300300010001,2,C,2008-07-30,39,New Construction w/o Permit
1300720010001,2,C,1899-12-30,39,New Construction w/o Permit
1300720010001,1666028,C,2018-04-24,32,"Paving, Parking Lot, Slab"
1300720010001,1666040,C,2018-04-20,31,"Addtns, Remodels, Lease Space"
1300720010002,1,C,2008-07-29,39,New Construction w/o Permit
1300720010003,1,C,2008-07-29,39,New Construction w/o Permit
1300720010004,1,C,2008-07-29,39,New Construction w/o Permit
1300720010005,1,C,2008-07-29,39,New Construction w/o Permit
1300720010006,1,C,2008-07-29,39,New Construction w/o Permit
1300720010007,1,C,2008-07-29,39,New Construction w/o Permit
1300720010008,1,C,2008-07-29,39,New Construction w/o Permit
1300720010009,1,C,2008-07-29,39,New Construction w/o Permit
1300720010011,1,C,2008-07-29,39,New Construction w/o Permit
1300720010012,1,C,2008-07-29,39,New Construction w/o Permit
1300720010013,1,C,2008-07-29,39,New Construction w/o Permit
1300720010014,1,C,2008-07-29,39,New Construction w/o Permit
1301630010001,1,C,2008-03-27,31,"Addtns, Remodels, Lease Space"
1301630010001,2,C,2008-03-27,32,"Paving, Parking Lot, Slab"
1301630010001,1264624,C,2011-03-17,30,New Building
1301630010001,1264625,C,2011-03-17,32,"Paving, Parking Lot, Slab"
1301630010001,1271075,C,2011-05-05,31,"Addtns, Remodels, Lease Space"
1301630010001,1272056,C,2011-05-27,31,"Addtns, Remodels, Lease Space"
1301630010001,1272134,C,2011-05-04,31,"Addtns, Remodels, Lease Space"
1301630010001,1279277,C,2011-08-10,31,"Addtns, Remodels, Lease Space"
1301630010001,1284471,C,2011-09-02,31,"Addtns, Remodels, Lease Space"
1301630010001,1294066,C,2011-12-28,31,"Addtns, Remodels, Lease Space"
1301630010001,1844843,C,2021-09-24,32,"Paving, Parking Lot, Slab"
1301630010001,1849450,C,2021-10-19,30,New Building
1301630010004,1,C,2008-03-27,31,"Addtns, Remodels, Lease Space"
1301630010004,2,C,2008-03-27,32,"Paving, Parking Lot, Slab"
1301630010004,3,C,2011-03-17,30,New Building
1301630010004,4,C,2011-03-17,32,"Paving, Parking Lot, Slab"
1301630010004,5,C,2011-05-05,31,"Addtns, Remodels, Lease Space"
1301630010004,6,C,2011-05-27,31,"Addtns, Remodels, Lease Space"
1301630010004,7,C,2011-05-04,31,"Addtns, Remodels, Lease Space"
1301630010004,8,C,2011-08-10,31,"Addtns, Remodels, Lease Space"
1301630010004,9,C,2011-09-02,31,"Addtns, Remodels, Lease Space"
1301630010004,1310645,C,2012-05-01,31,"Addtns, Remodels, Lease Space"
1301630010004,1327436,C,2012-10-17,31,"Addtns, Remodels, Lease Space"
1301630010004,1327437,C,2012-04-26,31,"Addtns, Remodels, Lease Space"
1301630010004,1327438,C,2012-01-30,31,"Addtns, Remodels, Lease Space"
1301630010004,1327439,C,2013-06-25,31,"Addtns, Remodels, Lease Space"
1301630010004,1404197,C,2014-06-06,31,"Addtns, Remodels, Lease Space"
1301630010004,1473184,C,2015-12-30,31,"Addtns, Remodels, Lease Space"
1301630010004,1500247,C,2016-07-07,31,"Addtns, Remodels, Lease Space"
1301630010004,1792276,C,2020-09-23,31,"Addtns, Remodels, Lease Space"
1301630010004,1797123,C,2020-10-26,31,"Addtns, Remodels, Lease Space"
1301630010004,1840866,C,2021-08-17,31,"Addtns, Remodels, Lease Space"
1301630010004,1878862,C,2022-05-04,31,"Addtns, Remodels, Lease Space"
1301630010004,1935049,C,2023-06-07,31,"Addtns, Remodels, Lease Space"
1301630010004,1972680,C,2024-03-25,31,"Addtns, Remodels, Lease Space"
1301630010004,1972681,C,2024-03-22,31,"Addtns, Remodels, Lease Space"
1301630010004,1976505,C,2024-04-11,31,"Addtns, Remodels, Lease Space"
1301630010005,1,C,2008-03-27,31,"Addtns, Remodels, Lease Space"
1301630010005,2,C,2008-03-27,32,"Paving, Parking Lot, Slab"
1301630010005,4,C,2011-03-17,30,New Building
1301630010005,5,C,2011-03-17,32,"Paving, Parking Lot, Slab"
1301630010005,6,C,2011-05-05,31,"Addtns, Remodels, Lease Space"
1301630010005,7,C,2011-05-27,31,"Addtns, Remodels, Lease Space"
1301630010005,8,C,2011-05-04,31,"Addtns, Remodels, Lease Space"
1301630010005,9,C,2011-08-10,31,"Addtns, Remodels, Lease Space"
1301630010005,10,C,2011-09-02,31,"Addtns, Remodels, Lease Space"
1301630010005,11,C,2011-12-28,31,"Addtns, Remodels, Lease Space"
1301630010005,12,C,2013-06-25,31,"Addtns, Remodels, Lease Space"
1301630010005,13,C,2013-12-03,31,"Addtns, Remodels, Lease Space"
1302350010001,1,C,2008-03-11,30,New Building
1302350010001,2,C,1899-12-30,39,New Construction w/o Permit
1305730010001,1,C,2007-08-03,31,"Addtns, Remodels, Lease Space"
1305730010001,2,C,2007-08-03,30,New Building
1305730010001,3,C,2019-12-31,35,Fire Reports
1305730010001,1244736,C,2010-09-28,31,"Addtns, Remodels, Lease Space"
1305730010001,1495045,C,2016-03-01,31,"Addtns, Remodels, Lease Space"
1305730010001,1495250,C,2016-04-07,30,New Building
1309650010001,1,C,2008-05-06,32,"Paving, Parking Lot, Slab"
1309650010001,2,C,2008-05-06,31,"Addtns, Remodels, Lease Space"
1309650010001,1826478,C,2021-05-24,31,"Addtns, Remodels, Lease Space"
1310140010001,1305395,C,2012-04-24,10,New Dwelling - permit
1310140010002,1273262,C,2011-06-24,10,New Dwelling - permit
1310140010002,1311549,C,2012-05-18,10,New Dwelling - permit
1310140020001,1210211,C,2009-11-17,10,New Dwelling - permit
1310140020002,1211674,C,2009-12-30,10,New Dwelling - permit
1310140020003,1224723,C,2010-03-18,10,New Dwelling - permit
1310140020004,1222365,C,2010-01-26,10,New Dwelling - permit
1310140020005,1326439,C,2012-09-28,10,New Dwelling - permit
1310140020006,1326438,C,2012-09-28,10,New Dwelling - permit
1310140020007,1382033,C,2013-12-05,10,New Dwelling - permit
1310140020008,1176335,C,2008-11-07,10,New Dwelling - permit
1310140020009,1176337,C,2008-11-18,10,New Dwelling - permit
1310140020010,1183228,C,2009-06-25,10,New Dwelling - permit
1310140020011,1201822,C,2009-09-30,10,New Dwelling - permit
1310140020012,1,C,1899-12-30,09,New Dwelling - no permit
1310140020013,1202636,C,2009-10-19,10,New Dwelling - permit
1310140020014,1211679,C,2009-12-30,10,New Dwelling - permit
1310140020015,1232226,C,2010-05-20,10,New Dwelling - permit
1310140020016,1226297,C,2010-04-23,10,New Dwelling - permit
1310140020017,1286401,C,2011-10-27,10,New Dwelling - permit
1310140020018,1413231,C,2014-08-29,10,New Dwelling - permit
1310140020019,1425750,C,2014-12-12,10,New Dwelling - permit
1310140020020,1413198,C,2014-08-28,10,New Dwelling - permit
1310140020021,1176338,C,2008-11-19,10,New Dwelling - permit
1310140020021,1183328,C,2009-06-26,07,Extra Features (OB&Y)
1310140020022,1178335,C,2009-02-19,10,New Dwelling - permit
1310140020023,1201164,C,2009-09-11,10,New Dwelling - permit
1310140020024,1182321,C,2009-06-04,10,New Dwelling - permit
1310140020025,1183522,C,2009-07-01,10,New Dwelling - permit
1310140020026,1183289,C,2009-06-26,10,New Dwelling - permit
1310140020027,1183288,C,2009-06-26,10,New Dwelling - permit
1310140020028,1183290,C,2009-06-26,10,New Dwelling - permit
1310140020029,1222619,C,2010-02-01,10,New Dwelling - permit
1310570010001,1,C,2009-02-02,84,Exempt Property
1310570010001,2,C,2009-02-02,84,Exempt Property
1310570010001,3,C,2009-02-02,84,Exempt Property
1310570010001,1187313,C,2009-08-14,31,"Addtns, Remodels, Lease Space"
1310570010001,1187314,C,2009-08-14,30,New Building
1310570010001,1187315,C,2009-08-14,30,New Building
1310570010001,1187316,C,2009-08-14,31,"Addtns, Remodels, Lease Space"
1310570010001,1187317,C,2009-08-14,31,"Addtns, Remodels, Lease Space"
1310570010001,1518940,C,2016-12-22,32,"Paving, Parking Lot, Slab"
1310570010001,1538500,C,2017-05-11,31,"Addtns, Remodels, Lease Space"
1310570010001,1668119,C,2018-06-04,31,"Addtns, Remodels, Lease Space"
1310570010001,1729186,C,2019-07-02,31,"Addtns, Remodels, Lease Space"
1310570010001,1767133,C,2020-03-26,30,New Building
1310570010001,1767134,C,2020-03-26,31,"Addtns, Remodels, Lease Space"
1310570010001,1840879,C,2021-08-19,32,"Paving, Parking Lot, Slab"
1311020010001,1,C,2008-12-09,30,New Building
1311170010001,1348133,C,2013-04-02,30,New Building
1311170010001,1348135,C,2013-04-02,30,New Building
1311170010004,1,C,2017-03-13,31,"Addtns, Remodels, Lease Space"
1311170010004,2,C,2017-03-13,31,"Addtns, Remodels, Lease Space"
1311270010001,1,C,2009-05-26,84,Exempt Property
1311270010001,2,C,2010-02-19,84,Exempt Property
1311270010001,1232648,C,2010-05-14,32,"Paving, Parking Lot, Slab"
1311530010001,1773551,C,2020-05-11,32,"Paving, Parking Lot, Slab"
1311530010001,1883597,C,2022-06-09,32,"Paving, Parking Lot, Slab"
1311530010001,1887835,C,2022-07-05,30,New Building
1311530010001,1892861,C,2022-08-03,31,"Addtns, Remodels, Lease Space"
1311530010001,1892862,C,2023-01-26,31,"Addtns, Remodels, Lease Space"
1311530010001,1981009,C,2024-05-22,31,"Addtns, Remodels, Lease Space"
1311530010001,1985464,C,2024-06-28,31,"Addtns, Remodels, Lease Space"
1311530010001,1985465,C,2024-08-27,31,"Addtns, Remodels, Lease Space"
1311530010005,1939659,C,2023-07-28,30,New Building
1311530010005,1939660,C,2023-07-07,32,"Paving, Parking Lot, Slab"
1311530010005,1998770,C,2024-09-18,31,"Addtns, Remodels, Lease Space"
1311530010005,2003724,C,2024-10-23,31,"Addtns, Remodels, Lease Space"
1311530010005,2007627,C,2024-11-06,31,"Addtns, Remodels, Lease Space"
1311530010005,2011127,C,2024-12-17,31,"Addtns, Remodels, Lease Space"
1311530010005,2048375,C,2025-09-25,31,"Addtns, Remodels, Lease Space"
1311530010005,2048378,C,2025-02-12,31,"Addtns, Remodels, Lease Space"
1311530010005,2048379,C,2025-02-14,31,"Addtns, Remodels, Lease Space"
1313400010001,1,C,2008-09-04,31,"Addtns, Remodels, Lease Space"
1313400010001,2,C,2008-09-04,32,"Paving, Parking Lot, Slab"
1313400010001,1418855,C,2014-09-24,31,"Addtns, Remodels, Lease Space"
1313400010001,1524250,C,2017-01-20,31,"Addtns, Remodels, Lease Space"
1317100010001,1369360,C,2013-09-13,30,New Building
1317100010001,1369362,C,2013-09-13,30,New Building
1317100010001,1718940,C,2019-05-09,31,"Addtns, Remodels, Lease Space"
1317100010001,1742633,C,2019-10-11,31,"Addtns, Remodels, Lease Space"
1317100010002,2,C,2013-09-13,30,New Building
1317100010002,3,C,2013-09-13,30,New Building
1317670010001,1,C,2009-06-25,32,"Paving, Parking Lot, Slab"
1317670010001,1285037,C,2011-09-20,32,"Paving, Parking Lot, Slab"
1317670010001,1285038,C,2011-09-20,31,"Addtns, Remodels, Lease Space"
1317670010001,1286178,C,2011-10-21,31,"Addtns, Remodels, Lease Space"
1317670010001,1423062,C,2014-11-20,32,"Paving, Parking Lot, Slab"
1317670010001,1678266,C,2018-08-06,32,"Paving, Parking Lot, Slab"
1317670010001,1696761,C,2018-12-06,31,"Addtns, Remodels, Lease Space"
1317670010004,1,C,2009-06-25,32,"Paving, Parking Lot, Slab"
1317670010004,2,C,2011-09-20,32,"Paving, Parking Lot, Slab"
1317670010004,3,C,2011-09-20,31,"Addtns, Remodels, Lease Space"
1317670010004,4,C,2011-10-21,31,"Addtns, Remodels, Lease Space"
1317670010004,5,C,2014-11-20,32,"Paving, Parking Lot, Slab"
1317670010004,6,C,2018-08-06,32,"Paving, Parking Lot, Slab"
1317670010004,7,C,2018-12-06,31,"Addtns, Remodels, Lease Space"
1318070010001,1,C,2008-04-02,32,"Paving, Parking Lot, Slab"
1318070010001,2,C,2008-04-02,32,"Paving, Parking Lot, Slab"
1318070010001,3,C,2008-04-02,32,"Paving, Parking Lot, Slab"
1318070010001,4,C,2008-04-28,32,"Paving, Parking Lot, Slab"
1318070010001,5,C,2008-04-02,32,"Paving, Parking Lot, Slab"
1318070010001,6,C,2008-04-02,32,"Paving, Parking Lot, Slab"
1318070010001,7,C,2008-04-02,32,"Paving, Parking Lot, Slab"
1318070010001,8,C,2008-04-02,30,New Building
1318070010001,9,C,2008-04-02,30,New Building
1318070010001,10,C,2008-04-02,30,New Building
1318070010001,11,C,2008-04-02,30,New Building
1318070010001,12,C,2008-04-02,30,New Building
1318070010001,13,C,2008-04-02,30,New Building
1318070010001,14,C,2008-04-02,30,New Building
1318070010001,15,C,2008-04-02,30,New Building
1318070010001,16,C,2008-04-02,30,New Building
1318070010001,17,C,2008-04-02,30,New Building
1318070010001,18,C,2008-04-02,31,"Addtns, Remodels, Lease Space"
1318070010001,19,C,2008-04-02,31,"Addtns, Remodels, Lease Space"
1318070010001,20,C,2008-04-02,31,"Addtns, Remodels, Lease Space"
1318070010001,21,C,2008-04-02,31,"Addtns, Remodels, Lease Space"
1318070010001,22,C,2008-04-02,31,"Addtns, Remodels, Lease Space"
1318070010001,23,C,2008-04-02,31,"Addtns, Remodels, Lease Space"
1318070010001,24,C,2008-04-02,31,"Addtns, Remodels, Lease Space"
1318070010001,25,C,2008-03-06,32,"Paving, Parking Lot, Slab"
1318070010002,1692713,C,2018-11-26,32,"Paving, Parking Lot, Slab"
1318070010002,1738584,C,2019-09-03,32,"Paving, Parking Lot, Slab"
1318070010002,1912726,M,2023-01-10,30,New Building
1318070010004,1,C,2017-03-17,17,Disaster Repair
1318070010006,2,C,2019-04-16,32,"Paving, Parking Lot, Slab"
1318070010006,1858202,C,2019-09-11,30,New Building
1318070010007,1,C,2023-02-14,31,"Addtns, Remodels, Lease Space"
1318070010007,2,C,2022-12-01,32,"Paving, Parking Lot, Slab"
1318830010001,1,C,2009-06-10,31,"Addtns, Remodels, Lease Space"
1318830010001,2,C,2009-04-14,30,New Building
1318830010001,3,C,2009-04-14,30,New Building
1318830010001,4,C,2009-04-14,31,"Addtns, Remodels, Lease Space"
1318830010001,5,C,2009-04-14,31,"Addtns, Remodels, Lease Space"
1318830010001,6,C,2009-02-10,32,"Paving, Parking Lot, Slab"
1318830010001,7,C,2009-01-14,31,"Addtns, Remodels, Lease Space"
1318830010001,8,C,2009-04-14,31,"Addtns, Remodels, Lease Space"
1318830010001,9,C,2009-04-14,30,New Building
1318830010001,10,C,2009-04-14,30,New Building
1318830010001,11,C,2009-04-14,30,New Building
1318830010001,12,C,2009-04-14,30,New Building
1318830010001,13,C,2009-04-14,30,New Building
1318830010001,14,C,2009-04-14,30,New Building
1318830010001,15,C,2009-04-14,30,New Building
1318830010001,16,C,2009-04-14,30,New Building
1318830010001,17,C,2009-04-14,30,New Building
1318830010001,1858203,C,2021-12-03,31,"Addtns, Remodels, Lease Space"
1319480010001,1,C,2009-02-17,31,"Addtns, Remodels, Lease Space"
1319480010001,1264283,C,2011-03-10,32,"Paving, Parking Lot, Slab"
1319480010001,1266382,C,2011-04-19,30,New Building
1319480010001,1266383,C,2011-04-19,30,New Building
1319480010001,1266384,C,2011-04-19,30,New Building
1319480010001,1266385,C,2011-04-19,30,New Building
1319480010001,1266386,C,2011-04-19,30,New Building
1319480010001,1266387,C,2011-04-19,30,New Building
1319480010001,1266388,C,2011-04-19,30,New Building
1319480010001,1266389,C,2011-04-19,30,New Building
1319480010001,1266390,C,2011-04-19,30,New Building
1319480010001,1266391,C,2011-04-19,30,New Building
1319480010001,1266392,C,2011-04-19,31,"Addtns, Remodels, Lease Space"
1319480010001,1266393,C,2011-04-19,31,"Addtns, Remodels, Lease Space"
1319480010001,1266394,C,2011-04-19,31,"Addtns, Remodels, Lease Space"
1319480010001,1266395,C,2011-04-19,31,"Addtns, Remodels, Lease Space"
1319480010001,1874567,C,2022-04-11,31,"Addtns, Remodels, Lease Space"
1319950010001,1,C,2009-11-04,31,"Addtns, Remodels, Lease Space"
1319950010001,1732586,C,2019-08-08,31,"Addtns, Remodels, Lease Space"
1320920010001,1,C,2018-08-02,35,Fire Reports
1320920010001,2,C,2019-08-24,35,Fire Reports
1320920010001,1324171,C,2012-09-13,30,New Building
1320920010001,1324261,C,2012-09-14,31,"Addtns, Remodels, Lease Space"
1320920010001,1556138,C,2017-07-12,31,"Addtns, Remodels, Lease Space"
1320920010001,1880016,C,2022-05-23,31,"Addtns, Remodels, Lease Space"
1322000010003,1415151,C,2014-07-31,31,"Addtns, Remodels, Lease Space"
1322000010003,1743917,C,2019-10-22,32,"Paving, Parking Lot, Slab"
1322000010003,1801109,C,2020-11-27,31,"Addtns, Remodels, Lease Space"
1322000010003,1920861,C,2023-03-10,31,"Addtns, Remodels, Lease Space"
1322350010001,1461565,C,2015-09-30,32,"Paving, Parking Lot, Slab"
1322350010001,1461566,C,2015-09-30,31,"Addtns, Remodels, Lease Space"
1322350010001,1518758,C,2016-12-20,32,"Paving, Parking Lot, Slab"
1322350010001,1672660,C,2018-07-16,31,"Addtns, Remodels, Lease Space"
1322350010001,1689224,C,2018-10-10,31,"Addtns, Remodels, Lease Space"
1322350010001,1696772,C,2018-12-20,32,"Paving, Parking Lot, Slab"
1322350010001,1981024,C,2024-05-07,32,"Paving, Parking Lot, Slab"
1322350010001,1989661,C,2024-07-07,31,"Addtns, Remodels, Lease Space"
1322350010001,2031787,C,2025-05-21,30,New Building
1322350010001,2031788,C,2025-05-21,30,New Building
1322350010001,2035872,C,2025-05-21,30,New Building
1322350010002,1507831,C,2016-09-07,32,"Paving, Parking Lot, Slab"
1322350010002,1507875,C,2016-09-07,30,New Building
1322350010002,1724771,C,2019-06-17,31,"Addtns, Remodels, Lease Space"
1322350010007,1,C,2015-09-30,31,"Addtns, Remodels, Lease Space"
1322350010009,1561289,C,2017-10-11,30,New Building
1322350010009,1561290,C,2017-10-11,32,"Paving, Parking Lot, Slab"
1322350010009,1561291,C,2017-01-04,31,"Addtns, Remodels, Lease Space"
1322350010009,1762989,C,2020-02-17,31,"Addtns, Remodels, Lease Space"
1322350010009,1821655,C,2021-04-23,31,"Addtns, Remodels, Lease Space"
1322350010009,1858219,C,2021-12-06,31,"Addtns, Remodels, Lease Space"
1322350010009,1865788,C,2022-02-28,31,"Addtns, Remodels, Lease Space"
1322350010009,1865789,C,2022-02-10,31,"Addtns, Remodels, Lease Space"
1322350010009,2015060,C,2025-01-14,31,"Addtns, Remodels, Lease Space"
1322350010010,1,C,2017-02-28,30,New Building
1322350010010,2,C,2017-02-27,32,"Paving, Parking Lot, Slab"
1322350010010,1649422,C,2018-02-22,31,"Addtns, Remodels, Lease Space"
1322350010010,1651075,C,2018-03-02,31,"Addtns, Remodels, Lease Space"
1322350010010,1678269,C,2018-08-21,31,"Addtns, Remodels, Lease Space"
1322350010010,1743918,C,2019-10-11,31,"Addtns, Remodels, Lease Space"
1322350010010,1754723,C,2019-12-19,31,"Addtns, Remodels, Lease Space"
1322350010010,1953234,C,2023-10-24,31,"Addtns, Remodels, Lease Space"
1322350010010,2059736,C,2025-12-23,31,"Addtns, Remodels, Lease Space"
1322350010011,1925348,C,2023-04-12,31,"Addtns, Remodels, Lease Space"
1322350020001,1,C,2011-10-24,30,New Building
1325610010001,1351717,C,2013-04-23,32,"Paving, Parking Lot, Slab"
1325610010001,1372640,C,2013-10-24,32,"Paving, Parking Lot, Slab"
1325610010001,1372641,C,2013-10-24,30,New Building
1325610010001,1386450,C,2014-01-13,31,"Addtns, Remodels, Lease Space"
1325610010002,1972708,C,2024-03-08,32,"Paving, Parking Lot, Slab"
1325610010002,1981032,C,2024-05-09,30,New Building
1325610010003,1805422,C,2020-12-04,30,New Building
1325610010003,2018845,C,2025-02-18,32,"Paving, Parking Lot, Slab"
1325610010003,2022539,C,2025-03-04,31,"Addtns, Remodels, Lease Space"
1326850010001,1,C,2010-07-26,30,New Building
1326850010001,1471973,C,2015-11-09,31,"Addtns, Remodels, Lease Space"
1327130010001,1,C,2011-03-18,30,New Building
1327130010001,2,C,2016-08-29,30,New Building
1327130010001,3,C,2018-03-22,31,"Addtns, Remodels, Lease Space"
1327130010001,4,C,2018-03-22,31,"Addtns, Remodels, Lease Space"
1327130010001,5,C,2018-03-22,31,"Addtns, Remodels, Lease Space"
1327130010001,6,C,2018-03-22,31,"Addtns, Remodels, Lease Space"
1327130010001,7,C,2018-12-07,31,"Addtns, Remodels, Lease Space"
1327130010001,8,C,2018-03-22,31,"Addtns, Remodels, Lease Space"
1327130010001,9,C,2018-12-07,31,"Addtns, Remodels, Lease Space"
1327130010001,10,C,2018-12-07,31,"Addtns, Remodels, Lease Space"
1327130010001,11,C,2018-12-07,31,"Addtns, Remodels, Lease Space"
1327720010001,2058404,C,2025-12-05,31,"Addtns, Remodels, Lease Space"
1330050010001,1297967,C,2012-02-17,10,New Dwelling - permit
1330050010001,1344732,C,2013-03-15,10,New Dwelling - permit
1330050010001,1365248,C,2013-08-22,10,New Dwelling - permit
1330050010002,1372714,C,2013-10-25,10,New Dwelling - permit
1330050010003,1352029,C,2013-04-30,10,New Dwelling - permit
1330050010004,1352030,C,2013-04-30,10,New Dwelling - permit
1330050010005,1356010,C,2013-05-24,10,New Dwelling - permit
1330050010006,1350652,C,2013-04-02,10,New Dwelling - permit
1330050010007,1,C,2014-02-12,09,New Dwelling - no permit
1330050010008,1,C,2011-09-23,10,New Dwelling - permit
1330050010009,1394219,C,2014-03-18,10,New Dwelling - permit
1330050010010,1360043,C,2013-06-28,10,New Dwelling - permit
1330050010011,1,C,2018-06-19,07,Extra Features (OB&Y)
1330050010011,1370996,C,2013-09-11,10,New Dwelling - permit
1330050010012,1370990,C,2013-09-11,10,New Dwelling - permit
1330050010013,1330930,C,2012-11-14,10,New Dwelling - permit
1330050010014,1323136,C,2012-08-29,10,New Dwelling - permit
1330050010015,1344074,C,2013-03-01,10,New Dwelling - permit
1330050010016,1294883,C,2012-01-17,10,New Dwelling - permit
1330050010017,1330644,C,2012-11-06,10,New Dwelling - permit
1330050010018,1322164,C,2012-08-08,10,New Dwelling - permit
1330050010019,1316515,C,2012-07-17,10,New Dwelling - permit
1330050010020,1301158,C,2012-03-13,10,New Dwelling - permit
1334020010002,3,C,2019-11-29,35,Fire Reports
1334020010002,1466123,C,2011-08-03,30,New Building
1334360010001,1,C,2012-03-20,30,New Building
1334360010001,2,C,2010-11-03,13,Residential Demolition
1275960010001,1109372,C,2007-11-06,32,"Paving, Parking Lot, Slab"
1275960010001,1154985,C,2008-06-03,31,"Addtns, Remodels, Lease Space"
1275960010001,1154986,C,2008-06-03,31,"Addtns, Remodels, Lease Space"
1275960010001,1154987,C,2008-06-03,31,"Addtns, Remodels, Lease Space"
1275960010001,1163829,C,2008-10-28,31,"Addtns, Remodels, Lease Space"
1275960010001,1163830,C,2008-10-28,31,"Addtns, Remodels, Lease Space"
1275960010001,1163831,C,2008-10-28,31,"Addtns, Remodels, Lease Space"
1275960010001,1163832,C,2008-10-28,31,"Addtns, Remodels, Lease Space"
1275960010001,1163833,C,2008-10-28,31,"Addtns, Remodels, Lease Space"
1275960010001,1163834,C,2008-10-28,31,"Addtns, Remodels, Lease Space"
1275960010001,1179267,C,2009-03-23,31,"Addtns, Remodels, Lease Space"
1275960010001,1210649,C,2009-11-30,31,"Addtns, Remodels, Lease Space"
1275960010001,1231538,C,2010-05-06,31,"Addtns, Remodels, Lease Space"
1275960010001,1231681,C,2010-05-11,31,"Addtns, Remodels, Lease Space"
1275960010001,1233886,C,2010-06-29,31,"Addtns, Remodels, Lease Space"
1275960010001,1233887,C,2010-10-12,31,"Addtns, Remodels, Lease Space"
1275960010001,1388023,C,2014-02-17,31,"Addtns, Remodels, Lease Space"
1275960010001,1397970,C,2014-04-07,31,"Addtns, Remodels, Lease Space"
1275960010001,1419020,C,2014-10-03,31,"Addtns, Remodels, Lease Space"
1275960010001,1422644,C,2014-11-10,31,"Addtns, Remodels, Lease Space"
1275960010001,1422645,C,2014-11-10,31,"Addtns, Remodels, Lease Space"
1275960010001,1446723,C,2015-06-16,32,"Paving, Parking Lot, Slab"
1275960010001,1450418,C,2015-07-08,31,"Addtns, Remodels, Lease Space"
1275960010001,1481852,C,2016-02-11,31,"Addtns, Remodels, Lease Space"
1275960010001,1541391,C,2017-06-09,31,"Addtns, Remodels, Lease Space"
1275960010001,1689105,C,2018-10-09,31,"Addtns, Remodels, Lease Space"
1275960010001,1720056,C,2019-05-31,31,"Addtns, Remodels, Lease Space"
1275960010001,1733636,C,2019-08-19,31,"Addtns, Remodels, Lease Space"
1275960010001,1762913,C,2020-02-07,31,"Addtns, Remodels, Lease Space"
1275960010001,1787891,C,2020-08-03,32,"Paving, Parking Lot, Slab"
1275960010001,1816837,C,2021-03-18,31,"Addtns, Remodels, Lease Space"
1275960010001,1844801,C,2021-09-03,31,"Addtns, Remodels, Lease Space"
1275960010001,1976463,C,2024-04-16,31,"Addtns, Remodels, Lease Space"
1275960010001,1998727,C,2024-09-09,31,"Addtns, Remodels, Lease Space"
1275960010001,2003686,C,2024-10-01,32,"Paving, Parking Lot, Slab"
1275960010001,2048332,C,2025-09-08,31,"Addtns, Remodels, Lease Space"
1275960010002,1289168,C,2011-11-10,31,"Addtns, Remodels, Lease Space"
1275960010002,1289169,C,2011-08-29,31,"Addtns, Remodels, Lease Space"
1275960010002,1289170,C,2010-10-21,31,"Addtns, Remodels, Lease Space"
1275960010002,1351302,C,2013-04-15,31,"Addtns, Remodels, Lease Space"
1275960010002,1566056,C,2017-11-13,31,"Addtns, Remodels, Lease Space"
1275960010002,1635489,C,2017-12-28,31,"Addtns, Remodels, Lease Space"
1275960010002,1655457,C,2018-04-09,31,"Addtns, Remodels, Lease Space"
1275960010003,1792244,C,2020-09-08,31,"Addtns, Remodels, Lease Space"
1275960010005,1887761,C,2022-07-18,31,"Addtns, Remodels, Lease Space"
1275960010006,1,C,2020-08-13,30,New Building
1275960010010,1,C,2023-11-08,31,"Addtns, Remodels, Lease Space"
1275960010011,2035770,M,2025-06-04,30,New Building
1275960010012,2035771,M,2025-06-04,30,New Building
1275960010013,1,M,2025-04-09,31,"Addtns, Remodels, Lease Space"
1275960010013,2,C,2024-11-05,30,New Building
1275960020001,1,C,2006-09-15,30,New Building
1275960020001,4,C,2006-09-15,32,"Paving, Parking Lot, Slab"
1275960020001,1155640,C,2008-06-13,31,"Addtns, Remodels, Lease Space"
1275960020001,1155641,C,2008-06-13,32,"Paving, Parking Lot, Slab"
1275960020001,1242280,C,2010-09-07,31,"Addtns, Remodels, Lease Space"
1275960020001,1258043,C,2011-01-05,31,"Addtns, Remodels, Lease Space"
1275960020001,1258044,C,2010-04-23,31,"Addtns, Remodels, Lease Space"
1275960020001,1382510,C,2013-12-19,31,"Addtns, Remodels, Lease Space"
1275960020001,1387000,C,2014-01-27,30,New Building
1275960020001,1446771,C,2015-06-18,31,"Addtns, Remodels, Lease Space"
1275960020001,1490752,C,2016-03-10,31,"Addtns, Remodels, Lease Space"
1275960020001,1507812,C,2016-09-07,31,"Addtns, Remodels, Lease Space"
1275960020001,1518057,C,2016-12-08,31,"Addtns, Remodels, Lease Space"
1275960020001,1762914,C,2020-02-18,31,"Addtns, Remodels, Lease Space"
1275960020001,1797076,C,2020-10-16,31,"Addtns, Remodels, Lease Space"
1275960020001,1858133,C,2021-12-17,31,"Addtns, Remodels, Lease Space"
1275960020001,1953175,C,2023-10-16,31,"Addtns, Remodels, Lease Space"
1275960020001,1976464,C,2024-04-24,30,New Building
1275960020002,1,C,2008-01-03,30,New Building
1275960020002,2,C,1899-12-30,32,"Paving, Parking Lot, Slab"
1275960020003,1711803,C,2019-03-26,30,New Building
1275960020003,1711804,C,2019-03-26,32,"Paving, Parking Lot, Slab"
1275960020003,1985405,C,2024-06-17,31,"Addtns, Remodels, Lease Space"
1275960020005,1,C,2009-09-24,39,New Construction w/o Permit
1279040010001,1223883,C,2010-03-03,31,"Addtns, Remodels, Lease Space"
1279040010001,1248603,C,2010-11-24,10,New Dwelling - permit
1279040010002,1248604,C,2010-11-24,10,New Dwelling - permit
1279040010003,1238489,C,2010-07-13,10,New Dwelling - permit
1279040010004,1253083,C,2010-12-17,10,New Dwelling - permit
1279040010005,1253084,C,2010-12-17,10,New Dwelling - permit
1279040010006,1330506,C,2012-11-01,10,New Dwelling - permit
1279040010007,1326194,C,2012-09-24,10,New Dwelling - permit
1279040010008,1224302,C,2010-03-10,10,New Dwelling - permit
1279040010008,1777820,C,2020-06-22,07,Extra Features (OB&Y)
1279040010009,1316205,C,2012-07-11,10,New Dwelling - permit
1279040010010,1326926,C,2012-10-03,10,New Dwelling - permit
1279040010011,1285009,C,2011-09-20,10,New Dwelling - permit
1279040010012,1264285,C,2011-03-10,10,New Dwelling - permit
1279040010013,1149200,C,2008-02-20,10,New Dwelling - permit
1279040010014,1149446,C,2008-02-22,10,New Dwelling - permit
1279040010015,1149445,C,2008-02-22,10,New Dwelling - permit
1279040010016,1149444,C,2008-02-22,10,New Dwelling - permit
1279040010017,1072073,C,2006-08-04,10,New Dwelling - permit
1279040010018,1072075,C,2006-08-04,10,New Dwelling - permit
1279040010019,1072077,C,2006-08-04,10,New Dwelling - permit
1279040010020,1072079,C,2006-08-04,10,New Dwelling - permit
1279040010021,1072080,C,2006-08-04,10,New Dwelling - permit
1279040010022,1072081,C,2006-08-04,10,New Dwelling - permit
1279040010023,1072134,C,2006-10-04,10,New Dwelling - permit
1279040010024,1072133,C,2006-10-04,10,New Dwelling - permit
1279040010025,1072141,C,2006-10-06,10,New Dwelling - permit
1279040010026,1072140,C,2006-10-06,10,New Dwelling - permit
1279040010027,1072139,C,2006-10-06,10,New Dwelling - permit
1279040010028,1072138,C,2006-10-06,10,New Dwelling - permit
1279040010029,1072137,C,2006-10-06,10,New Dwelling - permit
1279040010030,1072136,C,2006-10-06,10,New Dwelling - permit
1279040010031,1072272,C,2006-11-15,10,New Dwelling - permit
1279040010032,1072299,C,2006-11-21,10,New Dwelling - permit
1279040010033,1072298,C,2006-11-21,10,New Dwelling - permit
1279040010034,1072279,C,2006-11-17,10,New Dwelling - permit
1279040010035,1072276,C,2006-11-17,10,New Dwelling - permit
1279040010036,1072275,C,2006-11-17,10,New Dwelling - permit
1279040010037,1086822,C,2007-01-18,10,New Dwelling - permit
1279040010038,1086823,C,2007-01-18,10,New Dwelling - permit
1279040010039,1086824,C,2007-01-18,10,New Dwelling - permit
1279040010040,1086825,C,2007-01-18,10,New Dwelling - permit
1279040010041,1086963,C,2007-01-19,10,New Dwelling - permit
1279040010042,1086964,C,2007-01-19,10,New Dwelling - permit
1279040010043,1088129,C,2007-02-06,10,New Dwelling - permit
1279040010044,1088128,C,2007-02-06,10,New Dwelling - permit
1279040010045,1088383,C,2007-02-08,10,New Dwelling - permit
1279040010046,1090240,C,2007-03-07,10,New Dwelling - permit
1279040010047,1090904,C,2007-03-16,10,New Dwelling - permit
1279040010048,1090905,C,2007-03-16,10,New Dwelling - permit
1279040010049,1091281,C,2007-03-21,10,New Dwelling - permit
1279040010050,1108118,C,2007-10-31,10,New Dwelling - permit
1279040010051,1108115,C,2007-10-31,10,New Dwelling - permit
1279040010052,1093346,C,2007-04-18,10,New Dwelling - permit
1279040010053,1093345,C,2007-04-18,10,New Dwelling - permit
1279040010054,1093344,C,2007-04-18,10,New Dwelling - permit
1279040010055,1093343,C,2007-04-18,10,New Dwelling - permit
1279040010056,1093341,C,2007-04-18,10,New Dwelling - permit
1279040010057,1092508,C,2007-04-04,10,New Dwelling - permit
1279040010058,1092507,C,2007-04-04,10,New Dwelling - permit
1279040010059,1091283,C,2007-03-21,10,New Dwelling - permit
1279040010060,1091282,C,2007-03-21,10,New Dwelling - permit
1279040010061,1092833,C,2007-04-11,10,New Dwelling - permit
1279040010062,1092834,C,2007-04-11,10,New Dwelling - permit
1279040010063,1093342,C,2007-04-18,10,New Dwelling - permit
1279040010064,1108116,C,2007-10-31,10,New Dwelling - permit
1279040010065,1108117,C,2007-10-31,10,New Dwelling - permit
1279040010066,1108119,C,2007-10-31,10,New Dwelling - permit
1279040020001,1072135,C,2006-10-04,10,New Dwelling - permit
1279040020002,1072078,C,2006-08-04,10,New Dwelling - permit
1279040020003,1072076,C,2006-08-04,10,New Dwelling - permit
1279040020004,1072074,C,2006-08-04,10,New Dwelling - permit
1279040020005,1072072,C,2006-08-04,10,New Dwelling - permit
1279040020006,1090903,C,2007-03-16,10,New Dwelling - permit
1279040020007,1089269,C,2007-02-22,10,New Dwelling - permit
1279040020008,1089268,C,2007-02-22,10,New Dwelling - permit
1279040020009,1089267,C,2007-02-22,10,New Dwelling - permit
1279040020010,1088384,C,2007-02-08,10,New Dwelling - permit
1279040020011,1072277,C,2006-11-17,10,New Dwelling - permit
1279040020012,1072278,C,2006-11-17,10,New Dwelling - permit
1279040020013,1072280,C,2006-11-17,10,New Dwelling - permit
1279040020014,1072281,C,2006-11-17,10,New Dwelling - permit
1279040020015,1072282,C,2006-11-17,10,New Dwelling - permit
1279040030001,1315088,C,2012-06-13,10,New Dwelling - permit
1279040030002,1314701,C,2012-06-06,10,New Dwelling - permit
1279040030003,1315464,C,2012-06-21,10,New Dwelling - permit
1279040030004,1316207,C,2012-07-11,10,New Dwelling - permit
1279040030005,1315474,C,2012-06-21,10,New Dwelling - permit
1279040030006,1326193,C,2012-09-24,10,New Dwelling - permit
1279040040001,1071888,C,2006-05-19,10,New Dwelling - permit
1279040040002,1264286,C,2011-03-10,10,New Dwelling - permit
1279040040003,1271336,C,2011-05-11,10,New Dwelling - permit
1279040040004,1258294,C,2011-01-13,10,New Dwelling - permit
1279040040005,1316220,C,2012-07-11,10,New Dwelling - permit
1279040040006,1322979,C,2012-08-24,10,New Dwelling - permit
1279040040007,1311440,C,2012-05-17,10,New Dwelling - permit
1279040040008,1311435,C,2012-05-17,10,New Dwelling - permit
1279040040009,1314703,C,2012-06-06,10,New Dwelling - permit
1279040040010,1315086,C,2012-06-13,10,New Dwelling - permit
1279040040011,1293686,C,2011-12-14,10,New Dwelling - permit
1279040040012,1,C,2012-02-15,09,New Dwelling - no permit
1279040040012,1294789,C,2012-01-13,10,New Dwelling - permit
1241310010001,1,C,2004-08-09,30,New Building
1241310010001,1052269,C,2006-08-24,31,"Addtns, Remodels, Lease Space"
1241310010001,1240730,C,2010-08-09,31,"Addtns, Remodels, Lease Space"
1241310010001,1267218,C,2011-04-13,31,"Addtns, Remodels, Lease Space"
1241310010001,1267221,C,2011-04-13,31,"Addtns, Remodels, Lease Space"
1241310010001,1459912,C,2015-08-31,31,"Addtns, Remodels, Lease Space"
1241310010001,1467072,C,2015-10-16,31,"Addtns, Remodels, Lease Space"
1241310010001,1469815,C,2015-11-04,31,"Addtns, Remodels, Lease Space"
1245780010001,2,C,2024-10-21,35,Fire Reports
1245780010001,949612,C,2004-03-05,30,New Building
1246640010001,946407,C,2004-01-13,30,New Building
1248160010001,1,C,2005-03-24,39,New Construction w/o Permit
1254840010001,1858082,C,2021-12-01,32,"Paving, Parking Lot, Slab"
1254840010002,3,C,1899-12-30,84,Exempt Property
1254840010002,1202658,C,2009-10-20,31,"Addtns, Remodels, Lease Space"
1254840010002,1202659,C,2009-10-20,31,"Addtns, Remodels, Lease Space"
1254840010002,1202660,C,2009-10-20,32,"Paving, Parking Lot, Slab"
1258290010001,1,C,2004-10-06,31,"Addtns, Remodels, Lease Space"
1258290010001,2,C,2005-12-12,30,New Building
1265140010001,2,C,2006-11-29,39,New Construction w/o Permit
1265140010001,3,C,2006-01-20,32,"Paving, Parking Lot, Slab"
1265140010001,4,C,2006-01-20,30,New Building
1265140010001,1364928,C,2013-08-15,32,"Paving, Parking Lot, Slab"
1265140010001,1364929,C,2013-08-15,30,New Building
1265140010001,1364930,C,2013-08-15,31,"Addtns, Remodels, Lease Space"
1265140010002,1,C,2006-01-20,32,"Paving, Parking Lot, Slab"
1265140010002,1108517,C,2007-06-19,31,"Addtns, Remodels, Lease Space"
1265140010002,1148892,C,2008-02-12,31,"Addtns, Remodels, Lease Space"
1265140010002,1182122,C,2009-06-01,31,"Addtns, Remodels, Lease Space"
1265140010002,1201047,C,2009-09-10,31,"Addtns, Remodels, Lease Space"
1265140010002,1265241,C,2011-04-01,31,"Addtns, Remodels, Lease Space"
1265140010002,1311753,C,2012-05-23,31,"Addtns, Remodels, Lease Space"
1265140010002,1315162,C,2012-06-14,31,"Addtns, Remodels, Lease Space"
1265140010002,1729105,C,2019-07-09,31,"Addtns, Remodels, Lease Space"
1265140010002,1821558,C,2021-04-23,31,"Addtns, Remodels, Lease Space"
1265140010002,1925233,C,2023-04-10,31,"Addtns, Remodels, Lease Space"
1265160010001,1092244,C,2007-03-29,31,"Addtns, Remodels, Lease Space"
1265160010001,1738496,C,2019-09-09,31,"Addtns, Remodels, Lease Space"
1265160010001,1853863,C,2021-11-18,31,"Addtns, Remodels, Lease Space"
1266480010001,1070591,C,2006-02-27,30,New Building
1266480010001,1177769,C,2009-02-03,31,"Addtns, Remodels, Lease Space"
1267660010001,1,C,2005-05-04,07,Extra Features (OB&Y)
1267660010001,1473264,C,2015-12-07,31,"Addtns, Remodels, Lease Space"
1267660010001,1849399,C,2021-10-18,31,"Addtns, Remodels, Lease Space"
1267660010001,1850170,C,2021-10-18,31,"Addtns, Remodels, Lease Space"
1267720010001,1692633,C,2018-11-14,32,"Paving, Parking Lot, Slab"
1268280010001,1060811,C,2006-10-26,31,"Addtns, Remodels, Lease Space"
1268280010001,1060812,C,2006-10-26,32,"Paving, Parking Lot, Slab"
1268280010001,1060813,C,2006-10-26,30,New Building
1268280010001,1245645,C,2010-10-20,31,"Addtns, Remodels, Lease Space"
1268280010001,1245646,C,2010-10-20,31,"Addtns, Remodels, Lease Space"
1268280010001,1259673,C,2011-02-28,31,"Addtns, Remodels, Lease Space"
1268280010001,1271161,C,2011-05-06,31,"Addtns, Remodels, Lease Space"
1268280010001,1276791,C,2011-07-27,31,"Addtns, Remodels, Lease Space"
1268280010001,1410949,C,2014-07-09,31,"Addtns, Remodels, Lease Space"
1268280010001,1821561,C,2021-04-23,31,"Addtns, Remodels, Lease Space"
1268280010002,1412881,C,2014-08-21,32,"Paving, Parking Lot, Slab"
1268280010002,1412882,C,2014-08-21,31,"Addtns, Remodels, Lease Space"
1268280010002,1457228,C,2015-08-12,32,"Paving, Parking Lot, Slab"
1268280010002,1457229,C,2015-08-12,31,"Addtns, Remodels, Lease Space"
1268280010002,1457230,C,2015-08-12,31,"Addtns, Remodels, Lease Space"
1268280010002,1908863,C,2022-12-21,32,"Paving, Parking Lot, Slab"
1268770010001,1387523,C,2014-02-06,10,New Dwelling - permit
1268770010002,1,C,2007-01-22,10,New Dwelling - permit
1268770010003,1387522,C,2014-02-06,10,New Dwelling - permit
1271410010001,3,C,2005-06-24,84,Exempt Property
1271410010001,4,C,2006-06-24,32,"Paving, Parking Lot, Slab"
1271410010001,5,C,2006-06-24,84,Exempt Property
1271410010001,1240061,C,2010-08-30,31,"Addtns, Remodels, Lease Space"
1271410010001,1240064,C,2010-08-30,31,"Addtns, Remodels, Lease Space"
1271410010001,1240065,C,2010-08-30,31,"Addtns, Remodels, Lease Space"
1271410010001,1240066,C,2010-08-30,31,"Addtns, Remodels, Lease Space"
1271410010001,1240067,C,2010-08-30,30,New Building
1271410010001,1359315,C,2013-06-12,31,"Addtns, Remodels, Lease Space"
1271410010001,1831169,C,2021-06-21,32,"Paving, Parking Lot, Slab"
1271410010001,1956911,C,2023-11-02,32,"Paving, Parking Lot, Slab"
1273090010001,1290567,C,2011-11-14,30,New Building
1273470010001,1,C,2005-08-10,84,Exempt Property
1274750010001,1054688,C,2006-09-15,10,New Dwelling - permit
1274750010002,1054017,C,2006-09-01,10,New Dwelling - permit
1274750010003,1054692,C,2006-09-15,10,New Dwelling - permit
1274750010004,1054018,C,2006-09-01,10,New Dwelling - permit
1274750010005,1054019,C,2006-09-01,10,New Dwelling - permit
1274750010006,1047709,C,2006-08-04,10,New Dwelling - permit
1274750010007,1046846,C,2006-07-26,10,New Dwelling - permit
1274750010008,1047710,C,2006-08-04,10,New Dwelling - permit
1274750010009,1047711,C,2006-08-04,10,New Dwelling - permit
1274750010010,1046685,C,2006-07-21,10,New Dwelling - permit
1274750010011,1046686,C,2006-07-21,10,New Dwelling - permit
1274750010012,1046689,C,2006-07-21,10,New Dwelling - permit
1274750010013,1046687,C,2006-07-21,10,New Dwelling - permit
1274750010014,1046688,C,2006-07-21,10,New Dwelling - permit
1274750010015,1044907,C,2006-06-23,10,New Dwelling - permit
1274750010016,1044897,C,2006-06-23,10,New Dwelling - permit
1274750010017,1044896,C,2006-06-23,10,New Dwelling - permit
1274750010018,1044894,C,2006-06-23,10,New Dwelling - permit
1274750010019,1044352,C,2006-06-16,10,New Dwelling - permit
1274750010020,1042539,C,2006-05-19,10,New Dwelling - permit
1274750010021,1042540,C,2006-05-19,10,New Dwelling - permit
1274750010022,1042541,C,2006-05-19,10,New Dwelling - permit
1274750010023,1042542,C,2006-05-19,10,New Dwelling - permit
1274750010024,1042543,C,2006-05-19,10,New Dwelling - permit
1274750010025,1040051,C,2006-04-21,10,New Dwelling - permit
1274750010026,1041154,C,2006-05-05,10,New Dwelling - permit
1274750010027,1041156,C,2006-05-05,10,New Dwelling - permit
1274750010028,1041155,C,2006-05-05,10,New Dwelling - permit
1274750010029,1041157,C,2006-05-05,10,New Dwelling - permit
1275990010001,1108626,C,2007-05-17,30,New Building
1275990010001,1108627,C,2007-02-05,32,"Paving, Parking Lot, Slab"
1275990010001,1108628,C,2007-05-17,31,"Addtns, Remodels, Lease Space"
1275990010001,1276677,C,2011-07-26,32,"Paving, Parking Lot, Slab"
1275990010001,1284504,C,2011-09-06,30,New Building
1275990010001,1461526,C,2015-09-24,32,"Paving, Parking Lot, Slab"
1275990010001,1461527,C,2015-09-24,31,"Addtns, Remodels, Lease Space"
1275990010001,1461528,C,2015-09-24,30,New Building
1275990010001,1490644,C,2016-02-25,30,New Building
1275990010001,1491087,C,2016-04-07,31,"Addtns, Remodels, Lease Space"
1275990010001,1649347,C,2018-02-28,31,"Addtns, Remodels, Lease Space"
1275990010001,2026984,C,2025-04-30,31,"Addtns, Remodels, Lease Space"
1275990010003,2,C,2007-05-17,30,New Building
1275990010003,3,C,2007-02-05,32,"Paving, Parking Lot, Slab"
1275990010003,4,C,2007-05-17,31,"Addtns, Remodels, Lease Space"
1275990010003,5,C,2011-07-26,32,"Paving, Parking Lot, Slab"
1275990010003,6,C,2011-09-06,30,New Building
1275990010003,7,C,2015-09-24,32,"Paving, Parking Lot, Slab"
1275990010003,8,C,2015-09-24,31,"Addtns, Remodels, Lease Space"
1275990010003,9,C,2015-09-24,30,New Building
1275990010003,10,C,2016-02-25,30,New Building
1275990010003,11,C,2016-04-07,31,"Addtns, Remodels, Lease Space"
1275990010003,12,C,2018-02-28,31,"Addtns, Remodels, Lease Space"
